Date,Product,Category,Quantity,Unit_Price,Sales,Region
2021-01-01,Premium Notebook,Office Supplies,6.0,18.55,111.3,South
2021-01-01,Executive Ergonomic Desk,Furniture,4.0,550.12,2200.48,South
2021-01-01,Printer Laser X,Office Supplies,5.0,298.72,1493.6,West
2021-01-01,Conference Room Table,Furniture,2.0,802.44,1604.88,West
2021-01-01,Running Shoes,Clothing,1.0,89.02,89.02,South
2021-01-02,Business Backpack,Clothing,1.0,64.84,64.84,North
2021-01-02,Winter Jacket,Clothing,2.0,103.64,207.28,North
2021-01-02,Conference Room Table,Furniture,1.0,860.96,860.96,East
2021-01-02,Laptop Pro 15,Technology,1.0,1125.86,1125.86,South
2021-01-02,Formal Shirt,Clothing,1.0,44.97,44.97,North
2021-01-03,Smartphone Ultra,Technology,6.0,842.87,5057.22,West
2021-01-03,4K Ultra HD Monitor,Technology,3.0,360.29,1080.87,South
2021-01-03,Conference Room Table,Furniture,4.0,744.06,2976.24,West
2021-01-03,Business Backpack,Clothing,2.0,66.71,133.42,South
2021-01-04,Premium Notebook,Office Supplies,1.0,19.06,19.06,East
2021-01-04,Office Chair Pro,Furniture,1.0,275.91,275.91,South
2021-01-05,Premium Notebook,Office Supplies,1.0,17.24,17.24,South
2021-01-05,Formal Shirt,Clothing,1.0,45.73,45.73,West
2021-01-05,Business Backpack,Clothing,3.0,62.33,186.99,West
2021-01-06,4K Ultra HD Monitor,Technology,3.0,337.16,1011.48,South
2021-01-06,Executive Ergonomic Desk,Furniture,1.0,546.43,546.43,West
2021-01-07,Coffee Maker,Appliances,5.0,175.54,877.7,West
2021-01-07,Filing Cabinet,Office Supplies,2.0,144.39,288.78,South
2021-01-07,Smartphone Ultra,Technology,1.0,811.76,811.76,South
2021-01-07,Wireless Headphones,Technology,1.0,150.96,150.96,East
2021-01-08,Office Chair Pro,Furniture,4.0,281.39,1125.56,South
2021-01-08,Smartphone Ultra,Technology,2.0,821.51,1643.02,West
2021-01-08,Filing Cabinet,Office Supplies,1.0,158.72,158.72,South
2021-01-09,Formal Shirt,Clothing,1.0,43.37,43.37,South
2021-01-09,Formal Shirt,Clothing,1.0,44.22,44.22,East
2021-01-10,Premium Notebook,Office Supplies,2.0,17.08,34.16,East
2021-01-10,Wireless Headphones,Technology,1.0,150.04,150.04,North
2021-01-10,Smartphone Ultra,Technology,3.0,842.09,2526.27,North
2021-01-10,Business Backpack,Clothing,1.0,63.49,63.49,South
2021-01-10,Conference Room Table,Furniture,3.0,765.45,2296.35,East
2021-01-11,Office Chair Pro,Furniture,1.0,276.47,276.47,North
2021-01-11,Printer Laser X,Office Supplies,2.0,296.86,593.72,West
2021-01-11,Office Chair Pro,Furniture,5.0,261.55,1307.75,North
2021-01-11,Formal Shirt,Clothing,1.0,42.65,42.65,South
2021-01-11,Running Shoes,Clothing,2.0,98.82,197.64,West
2021-01-12,Formal Shirt,Clothing,3.0,46.16,138.48,North
2021-01-12,Smartphone Ultra,Technology,3.0,809.44,2428.32,North
2021-01-12,4K Ultra HD Monitor,Technology,1.0,348.31,348.31,East
2021-01-12,Laptop Pro 15,Technology,1.0,1233.39,1233.39,East
2021-01-12,Formal Shirt,Clothing,3.0,44.74,134.22,North
2021-01-13,Business Backpack,Clothing,4.0,64.88,259.52,South
2021-01-13,Executive Ergonomic Desk,Furniture,2.0,602.94,1205.88,West
2021-01-13,Executive Ergonomic Desk,Furniture,4.0,556.98,2227.92,South
2021-01-14,4K Ultra HD Monitor,Technology,1.0,333.35,333.35,North
2021-01-14,Running Shoes,Clothing,1.0,90.25,90.25,East
2021-01-14,4K Ultra HD Monitor,Technology,1.0,372.4,372.4,East
2021-01-15,Executive Ergonomic Desk,Furniture,1.0,541.3,541.3,South
2021-01-15,Wireless Headphones,Technology,3.0,141.24,423.72,West
2021-01-15,Filing Cabinet,Office Supplies,4.0,159.75,639.0,West
2021-01-16,Premium Notebook,Office Supplies,2.0,16.7,33.4,West
2021-01-17,Premium Notebook,Office Supplies,6.0,17.04,102.24,North
2021-01-17,Executive Ergonomic Desk,Furniture,3.0,577.09,1731.27,East
2021-01-17,Wireless Headphones,Technology,2.0,140.63,281.26,South
2021-01-17,Premium Notebook,Office Supplies,1.0,17.68,17.68,East
2021-01-17,4K Ultra HD Monitor,Technology,1.0,360.14,360.14,West
2021-01-17,Smartphone Ultra,Technology,2.0,805.65,1611.3,North
2021-01-18,Filing Cabinet,Office Supplies,5.0,151.96,759.8,North
2021-01-18,Executive Ergonomic Desk,Furniture,1.0,526.68,526.68,North
2021-01-19,Office Chair Pro,Furniture,4.0,293.75,1175.0,South
2021-01-19,Filing Cabinet,Office Supplies,2.0,159.54,319.08,North
2021-01-19,Smartphone Ultra,Technology,2.0,804.18,1608.36,South
2021-01-19,Laptop Pro 15,Technology,1.0,1161.12,1161.12,North
2021-01-19,4K Ultra HD Monitor,Technology,4.0,386.63,1546.52,South
2021-01-19,Wireless Headphones,Technology,4.0,145.54,582.16,West
2021-01-19,4K Ultra HD Monitor,Technology,1.0,353.91,353.91,West
2021-01-19,Running Shoes,Clothing,1.0,99.96,99.96,South
2021-01-20,Office Chair Pro,Furniture,2.0,270.1,540.2,East
2021-01-20,Premium Notebook,Office Supplies,1.0,18.45,18.45,West
2021-01-21,Office Chair Pro,Furniture,3.0,289.09,867.27,West
2021-01-21,Filing Cabinet,Office Supplies,2.0,148.82,297.64,West
2021-01-21,Coffee Maker,Appliances,2.0,166.81,333.62,North
2021-01-21,Laptop Pro 15,Technology,2.0,1158.95,2317.9,East
2021-01-21,Business Backpack,Clothing,1.0,68.79,68.79,North
2021-01-21,Executive Ergonomic Desk,Furniture,1.0,569.67,569.67,East
2021-01-21,Conference Room Table,Furniture,3.0,845.19,2535.57,West
2021-01-22,Smartphone Ultra,Technology,1.0,914.87,914.87,North
2021-01-22,Filing Cabinet,Office Supplies,1.0,156.96,156.96,East
2021-01-22,Filing Cabinet,Office Supplies,2.0,154.66,309.32,North
2021-01-22,Wireless Headphones,Technology,2.0,146.34,292.68,West
2021-01-22,Running Shoes,Clothing,3.0,101.94,305.82,East
2021-01-22,Office Chair Pro,Furniture,2.0,266.97,533.94,South
2021-01-23,Formal Shirt,Clothing,1.0,44.14,44.14,East
2021-01-23,Wireless Headphones,Technology,2.0,144.73,289.46,East
2021-01-23,4K Ultra HD Monitor,Technology,3.0,358.88,1076.64,West
2021-01-23,Printer Laser X,Office Supplies,2.0,323.14,646.28,South
2021-01-23,Running Shoes,Clothing,3.0,101.99,305.97,South
2021-01-24,Formal Shirt,Clothing,1.0,41.85,41.85,North
2021-01-25,Business Backpack,Clothing,5.0,59.87,299.35,East
2021-01-25,Premium Notebook,Office Supplies,3.0,17.03,51.09,South
2021-01-25,Premium Notebook,Office Supplies,1.0,18.95,18.95,North
2021-01-25,Printer Laser X,Office Supplies,1.0,316.1,316.1,North
2021-01-25,Office Chair Pro,Furniture,3.0,290.14,870.42,East
2021-01-25,Filing Cabinet,Office Supplies,3.0,148.7,446.1,East
2021-01-26,Smartphone Ultra,Technology,2.0,794.98,1589.96,East
2021-01-26,Premium Notebook,Office Supplies,4.0,18.66,74.64,East
2021-01-27,Running Shoes,Clothing,4.0,90.2,360.8,South
2021-01-27,Premium Notebook,Office Supplies,3.0,16.62,49.86,East
2021-01-27,Wireless Headphones,Technology,4.0,140.11,560.44,West
2021-01-28,Smartphone Ultra,Technology,1.0,814.08,814.08,North
2021-01-28,Formal Shirt,Clothing,3.0,47.54,142.62,East
2021-01-28,Wireless Headphones,Technology,2.0,142.71,285.42,South
2021-01-28,Smartphone Ultra,Technology,1.0,889.82,889.82,North
2021-01-29,Smartphone Ultra,Technology,3.0,889.83,2669.49,West
2021-01-29,Smartphone Ultra,Technology,4.0,807.61,3230.44,North
2021-01-29,Executive Ergonomic Desk,Furniture,1.0,592.21,592.21,East
2021-01-29,Wireless Headphones,Technology,1.0,148.1,148.1,West
2021-01-29,4K Ultra HD Monitor,Technology,2.0,366.55,733.1,South
2021-01-29,4K Ultra HD Monitor,Technology,1.0,385.64,385.64,West
2021-01-31,Printer Laser X,Office Supplies,1.0,328.1,328.1,East
2021-01-31,Office Chair Pro,Furniture,2.0,286.82,573.64,North
2021-01-31,4K Ultra HD Monitor,Technology,1.0,373.36,373.36,South
2021-02-01,Smartphone Ultra,Technology,1.0,909.11,909.11,West
2021-02-01,Formal Shirt,Clothing,5.0,43.28,216.4,East
2021-02-01,Printer Laser X,Office Supplies,2.0,330.45,660.9,South
2021-02-02,Wireless Headphones,Technology,1.0,146.01,146.01,North
2021-02-03,4K Ultra HD Monitor,Technology,3.0,365.75,1097.25,South
2021-02-03,Formal Shirt,Clothing,1.0,46.48,46.48,South
2021-02-03,Conference Room Table,Furniture,1.0,767.59,767.59,West
2021-02-04,Business Backpack,Clothing,3.0,68.37,205.11,South
2021-02-04,Executive Ergonomic Desk,Furniture,3.0,583.57,1750.71,North
2021-02-04,Winter Jacket,Clothing,1.0,117.49,117.49,West
2021-02-05,Smartphone Ultra,Technology,4.0,795.66,3182.64,East
2021-02-05,Office Chair Pro,Furniture,1.0,282.2,282.2,East
2021-02-05,Formal Shirt,Clothing,2.0,42.06,84.12,East
2021-02-05,Winter Jacket,Clothing,1.0,107.42,107.42,West
2021-02-06,Running Shoes,Clothing,6.0,92.47,554.82,West
2021-02-06,4K Ultra HD Monitor,Technology,4.0,371.32,1485.28,East
2021-02-06,Laptop Pro 15,Technology,2.0,1155.37,2310.74,South
2021-02-07,Office Chair Pro,Furniture,2.0,266.82,533.64,South
2021-02-07,Formal Shirt,Technology,3.0,48.18,144.54,East
2021-02-07,Formal Shirt,Clothing,1.0,44.02,44.02,East
2021-02-08,Office Chair Pro,Furniture,1.0,288.55,288.55,West
2021-02-08,Running Shoes,Clothing,4.0,88.62,354.48,East
2021-02-08,Laptop Pro 15,Technology,2.0,1104.75,2209.5,West
2021-02-08,Running Shoes,Clothing,4.0,102.33,409.32,West
2021-02-08,Premium Notebook,Office Supplies,1.0,18.92,18.92,North
2021-02-08,Premium Notebook,Office Supplies,3.0,19.4,58.2,East
2021-02-09,Premium Notebook,Office Supplies,2.0,17.9,35.8,East
2021-02-09,Running Shoes,Clothing,4.0,96.46,385.84,North
2021-02-09,Business Backpack,Clothing,2.0,61.42,122.84,North
2021-02-09,Premium Notebook,Office Supplies,2.0,17.7,35.4,South
2021-02-09,Business Backpack,Clothing,3.0,66.2,198.6,South
2021-02-09,Smartphone Ultra,Technology,1.0,828.74,828.74,East
2021-02-10,Formal Shirt,Clothing,2.0,46.61,93.22,North
2021-02-10,Filing Cabinet,Office Supplies,3.0,147.12,441.36,South
2021-02-10,Wireless Headphones,Technology,4.0,138.09,552.36,West
2021-02-10,Filing Cabinet,Office Supplies,6.0,154.06,924.36,West
2021-02-10,Laptop Pro 15,Technology,2.0,1283.67,2567.34,South
2021-02-10,Filing Cabinet,Office Supplies,2.0,142.95,285.9,West
2021-02-11,Premium Notebook,Office Supplies,3.0,18.37,55.11,East
2021-02-11,Conference Room Table,Furniture,4.0,757.02,3028.08,North
2021-02-11,4K Ultra HD Monitor,Technology,1.0,350.89,350.89,South
2021-02-12,Conference Room Table,Furniture,2.0,862.15,1724.3,West
2021-02-12,Printer Laser X,Office Supplies,5.0,299.64,1498.2,East
2021-02-12,Office Chair Pro,Furniture,3.0,296.33,888.99,West
2021-02-12,4K Ultra HD Monitor,Technology,1.0,362.71,362.71,East
2021-02-12,Wireless Headphones,Technology,1.0,146.8,146.8,West
2021-02-12,Laptop Pro 15,Technology,1.0,1173.77,1173.77,East
2021-02-12,Business Backpack,Clothing,3.0,67.69,203.07,West
2021-02-13,Laptop Pro 15,Technology,4.0,1148.81,4595.24,South
2021-02-14,Winter Jacket,Clothing,1.0,103.55,103.55,South
2021-02-15,Filing Cabinet,Office Supplies,2.0,151.04,302.08,South
2021-02-16,Running Shoes,Clothing,4.0,98.49,393.96,East
2021-02-16,Conference Room Table,Furniture,1.0,807.1,807.1,West
2021-02-16,Filing Cabinet,Office Supplies,1.0,139.49,139.49,West
2021-02-16,Business Backpack,Clothing,2.0,65.68,131.36,East
2021-02-16,Wireless Headphones,Technology,4.0,137.68,550.72,West
2021-02-17,Office Chair Pro,Furniture,1.0,280.99,280.99,South
2021-02-17,Winter Jacket,Clothing,2.0,118.55,237.1,South
2021-02-18,Business Backpack,Clothing,2.0,62.65,125.3,North
2021-02-18,Laptop Pro 15,Technology,2.0,1231.24,2462.48,South
2021-02-18,Filing Cabinet,Office Supplies,4.0,143.73,574.92,North
2021-02-18,Premium Notebook,Office Supplies,2.0,16.85,33.7,South
2021-02-19,Formal Shirt,Clothing,1.0,45.02,45.02,East
2021-02-19,Wireless Headphones,Technology,2.0,145.53,291.06,North
2021-02-19,Smartphone Ultra,Technology,4.0,809.47,3237.88,East
2021-02-19,Executive Ergonomic Desk,Furniture,4.0,570.77,2283.08,North
2021-02-19,Premium Notebook,Office Supplies,4.0,18.25,73.0,North
2021-02-20,Printer Laser X,Office Supplies,1.0,305.55,305.55,North
2021-02-20,Running Shoes,Clothing,3.0,93.36,280.08,West
2021-02-20,Filing Cabinet,Office Supplies,3.0,147.01,441.03,North
2021-02-20,Office Chair Pro,Furniture,2.0,285.7,571.4,East
2021-02-21,Formal Shirt,Clothing,4.0,43.62,174.48,South
2021-02-22,Conference Room Table,Furniture,4.0,773.11,3092.44,East
2021-02-22,Smartphone Ultra,Technology,2.0,829.23,1658.46,South
2021-02-22,Smartphone Ultra,Technology,1.0,862.11,862.11,South
2021-02-22,Coffee Maker,Appliances,4.0,179.28,717.12,East
2021-02-23,4K Ultra HD Monitor,Technology,4.0,343.41,1373.64,North
2021-02-23,Office Chair Pro,Furniture,2.0,284.21,568.42,West
2021-02-23,Winter Jacket,Clothing,1.0,103.3,103.3,North
2021-02-23,Laptop Pro 15,Technology,4.0,1229.6,4918.4,North
2021-02-23,Laptop Pro 15,Technology,3.0,1247.83,3743.49,East
2021-02-24,Office Chair Pro,Furniture,1.0,294.63,294.63,South
2021-02-24,Business Backpack,Clothing,2.0,65.09,130.18,East
2021-02-24,Premium Notebook,Office Supplies,2.0,17.38,34.76,West
2021-02-24,Executive Ergonomic Desk,Furniture,1.0,565.29,565.29,East
2021-02-24,Business Backpack,Clothing,1.0,68.28,68.28,North
2021-02-25,Executive Ergonomic Desk,Furniture,4.0,522.04,2088.16,East
2021-02-25,Filing Cabinet,Office Supplies,1.0,143.71,143.71,East
2021-02-25,Laptop Pro 15,Technology,2.0,1222.15,2444.3,East
2021-02-26,Office Chair Pro,Furniture,1.0,285.53,285.53,North
2021-02-26,Smartphone Ultra,Technology,3.0,890.61,2671.83,South
2021-02-27,Smartphone Ultra,Technology,3.0,863.96,2591.88,North
2021-02-27,Filing Cabinet,Office Supplies,1.0,157.46,157.46,South
2021-02-27,Office Chair Pro,Furniture,2.0,274.49,548.98,North
2021-02-28,Business Backpack,Clothing,1.0,66.01,66.01,North
2021-02-28,Printer Laser X,Office Supplies,2.0,327.66,655.32,North
2021-02-28,Running Shoes,Clothing,1.0,99.24,99.24,North
2021-03-01,Premium Notebook,Office Supplies,1.0,18.08,18.08,South
2021-03-02,Winter Jacket,Clothing,6.0,107.64,645.84,North
2021-03-02,Laptop Pro 15,Technology,6.0,1251.47,7508.82,West
2021-03-02,Running Shoes,Clothing,2.0,92.44,184.88,South
2021-03-02,Laptop Pro 15,Technology,4.0,1252.83,5011.32,North
2021-03-02,Office Chair Pro,Furniture,2.0,287.91,575.82,North
2021-03-02,Filing Cabinet,Office Supplies,2.0,141.85,283.7,South
2021-03-03,4K Ultra HD Monitor,Technology,7.0,354.35,2480.45,East
2021-03-03,Smartphone Ultra,Technology,1.0,883.15,883.15,North
2021-03-03,Premium Notebook,Office Supplies,3.0,18.43,55.29,West
2021-03-04,Office Chair Pro,Furniture,2.0,275.63,551.26,North
2021-03-04,Winter Jacket,Clothing,1.0,106.76,106.76,East
2021-03-04,Conference Room Table,Furniture,1.0,834.65,834.65,North
2021-03-05,Office Chair Pro,Furniture,1.0,292.98,292.98,North
2021-03-06,Conference Room Table,Furniture,4.0,842.65,3370.6,East
2021-03-06,Formal Shirt,Clothing,4.0,48.3,193.2,North
2021-03-06,Office Chair Pro,Furniture,2.0,280.5,561.0,West
2021-03-07,Premium Notebook,Office Supplies,1.0,16.93,16.93,North
2021-03-07,Running Shoes,Clothing,3.0,88.53,265.59,South
2021-03-08,Formal Shirt,Clothing,2.0,41.93,83.86,South
2021-03-08,Formal Shirt,Clothing,4.0,43.99,175.96,North
2021-03-09,Winter Jacket,Clothing,3.0,116.14,348.42,South
2021-03-09,4K Ultra HD Monitor,Technology,2.0,385.98,771.96,South
2021-03-09,Business Backpack,Clothing,3.0,67.93,203.79,East
2021-03-10,Laptop Pro 15,Technology,1.0,1225.15,1225.15,East
2021-03-10,Filing Cabinet,Office Supplies,4.0,153.22,612.88,West
2021-03-10,Formal Shirt,Clothing,2.0,42.99,85.98,North
2021-03-10,Smartphone Ultra,Technology,2.0,793.31,1586.62,North
2021-03-10,Filing Cabinet,Office Supplies,4.0,146.96,587.84,North
2021-03-12,Smartphone Ultra,Technology,1.0,901.85,901.85,South
2021-03-13,Coffee Maker,Appliances,4.0,192.99,771.96,North
2021-03-13,4K Ultra HD Monitor,Technology,1.0,335.91,335.91,North
2021-03-14,Conference Room Table,Furniture,2.0,854.55,1709.1,East
2021-03-14,Business Backpack,Clothing,1.0,60.09,60.09,West
2021-03-14,Printer Laser X,Office Supplies,1.0,333.48,333.48,South
2021-03-14,Running Shoes,Clothing,5.0,100.9,504.5,West
2021-03-14,Laptop Pro 15,Technology,1.0,1197.28,1197.28,West
2021-03-14,Business Backpack,Clothing,2.0,66.58,133.16,South
2021-03-14,4K Ultra HD Monitor,Technology,3.0,349.12,1047.36,South
2021-03-15,Smartphone Ultra,Technology,2.0,838.37,1676.74,South
2021-03-15,Office Chair Pro,Furniture,1.0,296.21,296.21,East
2021-03-16,Printer Laser X,Office Supplies,4.0,330.29,1321.16,East
2021-03-16,Office Chair Pro,Furniture,3.0,291.36,874.08,West
2021-03-16,Premium Notebook,Office Supplies,3.0,18.73,56.19,East
2021-03-16,Printer Laser X,Office Supplies,5.0,311.98,1559.9,East
2021-03-16,Wireless Headphones,Technology,3.0,133.63,400.89,North
2021-03-16,Coffee Maker,Appliances,1.0,191.38,191.38,West
2021-03-17,Premium Notebook,Office Supplies,4.0,18.06,72.24,East
2021-03-17,Formal Shirt,Clothing,7.0,42.11,294.77,West
2021-03-17,Printer Laser X,Office Supplies,1.0,343.83,343.83,North
2021-03-18,Running Shoes,Clothing,1.0,102.52,102.52,North
2021-03-18,Executive Ergonomic Desk,Furniture,2.0,517.6,1035.2,South
2021-03-19,Formal Shirt,Clothing,1.0,47.98,47.98,North
2021-03-19,Laptop Pro 15,Technology,1.0,1208.1,1208.1,North
2021-03-19,Winter Jacket,Clothing,1.0,111.38,111.38,East
2021-03-19,Wireless Headphones,Technology,4.0,147.43,589.72,East
2021-03-20,4K Ultra HD Monitor,Technology,5.0,353.94,1769.7,East
2021-03-20,Filing Cabinet,Office Supplies,1.0,139.8,139.8,South
2021-03-20,Smartphone Ultra,Technology,1.0,803.53,803.53,West
2021-03-21,Office Chair Pro,Furniture,2.0,265.91,531.82,East
2021-03-22,Laptop Pro 15,Technology,1.0,1186.24,1186.24,South
2021-03-23,Wireless Headphones,Technology,2.0,147.07,294.14,East
2021-03-23,Office Chair Pro,Furniture,1.0,280.31,280.31,North
2021-03-23,Premium Notebook,Office Supplies,3.0,17.03,51.09,West
2021-03-23,Filing Cabinet,Office Supplies,1.0,161.99,161.99,North
2021-03-24,Conference Room Table,Furniture,3.0,798.07,2394.21,North
2021-03-24,Wireless Headphones,Technology,2.0,143.78,287.56,West
2021-03-24,Wireless Headphones,Technology,3.0,147.54,442.62,North
2021-03-24,Executive Ergonomic Desk,Furniture,3.0,532.87,1598.61,East
2021-03-24,Office Chair Pro,Furniture,2.0,289.91,579.82,North
2021-03-25,Laptop Pro 15,Technology,1.0,1160.83,1160.83,North
2021-03-25,4K Ultra HD Monitor,Technology,2.0,385.14,770.28,North
2021-03-26,Printer Laser X,Office Supplies,5.0,333.23,1666.15,North
2021-03-27,Winter Jacket,Clothing,1.0,108.59,108.59,East
2021-03-27,Smartphone Ultra,Technology,2.0,889.65,1779.3,West
2021-03-27,Coffee Maker,Appliances,1.0,181.53,181.53,North
2021-03-28,Coffee Maker,Appliances,4.0,174.67,698.68,East
2021-03-28,Printer Laser X,Office Supplies,1.0,295.09,295.09,South
2021-03-28,Filing Cabinet,Office Supplies,3.0,146.31,438.93,North
2021-03-28,Conference Room Table,Furniture,4.0,775.13,3100.52,East
2021-03-28,4K Ultra HD Monitor,Technology,1.0,371.81,371.81,South
2021-03-29,Office Chair Pro,Furniture,3.0,301.31,903.93,South
2021-03-29,Laptop Pro 15,Technology,5.0,1263.63,6318.15,North
2021-03-29,Premium Notebook,Office Supplies,2.0,17.54,35.08,South
2021-03-29,Premium Notebook,Office Supplies,2.0,19.13,38.26,West
2021-03-30,Office Chair Pro,Furniture,1.0,293.01,293.01,East
2021-03-30,Conference Room Table,Furniture,1.0,774.46,774.46,South
2021-03-31,Premium Notebook,Office Supplies,1.0,17.15,17.15,North
2021-03-31,Printer Laser X,Office Supplies,3.0,303.4,910.2,East
2021-03-31,Wireless Headphones,Technology,3.0,138.6,415.8,North
2021-03-31,4K Ultra HD Monitor,Technology,1.0,364.23,364.23,West
2021-03-31,Running Shoes,Clothing,3.0,95.91,287.73,North
2021-03-31,Business Backpack,Clothing,2.0,63.8,127.6,West
2021-04-01,Executive Ergonomic Desk,Furniture,4.0,603.5,2414.0,South
2021-04-02,Executive Ergonomic Desk,Furniture,1.0,597.62,597.62,South
2021-04-02,Conference Room Table,Furniture,3.0,845.55,2536.65,South
2021-04-02,4K Ultra HD Monitor,Technology,1.0,363.61,363.61,South
2021-04-02,Business Backpack,Clothing,2.0,66.41,132.82,South
2021-04-02,Formal Shirt,Clothing,1.0,43.03,43.03,North
2021-04-02,Wireless Headphones,Technology,4.0,133.28,533.12,South
2021-04-03,Laptop Pro 15,Technology,3.0,1293.84,3881.52,North
2021-04-03,4K Ultra HD Monitor,Technology,5.0,367.23,1836.15,North
2021-04-03,4K Ultra HD Monitor,Technology,2.0,373.29,746.58,North
2021-04-03,Formal Shirt,Clothing,1.0,42.94,42.94,North
2021-04-03,Formal Shirt,Clothing,1.0,44.33,44.33,South
2021-04-03,4K Ultra HD Monitor,Technology,3.0,355.13,1065.39,East
2021-04-04,Conference Room Table,Furniture,4.0,786.27,3145.08,South
2021-04-05,Premium Notebook,Office Supplies,2.0,18.97,37.94,East
2021-04-05,Wireless Headphones,Technology,3.0,145.18,435.54,North
2021-04-05,Running Shoes,Clothing,2.0,96.86,193.72,North
2021-04-05,Business Backpack,Clothing,3.0,63.66,190.98,North
2021-04-06,Executive Ergonomic Desk,Furniture,2.0,592.47,1184.94,West
2021-04-06,Filing Cabinet,Office Supplies,3.0,152.83,458.49,South
2021-04-06,Conference Room Table,Furniture,1.0,809.39,809.39,East
2021-04-06,Premium Notebook,Office Supplies,2.0,17.32,34.64,North
2021-04-06,Premium Notebook,Office Supplies,4.0,17.41,69.64,East
2021-04-07,Premium Notebook,Office Supplies,1.0,19.33,19.33,West
2021-04-08,Executive Ergonomic Desk,Furniture,2.0,568.63,1137.26,South
2021-04-08,Office Chair Pro,Furniture,3.0,263.1,789.3,North
2021-04-08,Coffee Maker,Appliances,1.0,173.1,173.1,North
2021-04-08,Laptop Pro 15,Technology,2.0,1114.27,2228.54,South
2021-04-09,Smartphone Ultra,Technology,2.0,870.2,1740.4,North
2021-04-09,Premium Notebook,Office Supplies,2.0,19.38,38.76,West
2021-04-09,Printer Laser X,Office Supplies,5.0,323.55,1617.75,East
2021-04-09,Laptop Pro 15,Technology,5.0,1260.84,6304.2,North
2021-04-10,Business Backpack,Clothing,2.0,60.49,120.98,South
2021-04-10,Wireless Headphones,Technology,3.0,143.85,431.55,North
2021-04-11,Filing Cabinet,Office Supplies,4.0,143.89,575.56,East
2021-04-11,Running Shoes,Clothing,4.0,102.06,408.24,East
2021-04-11,Running Shoes,Clothing,1.0,96.71,96.71,West
2021-04-12,Formal Shirt,Clothing,3.0,42.64,127.92,North
2021-04-12,Wireless Headphones,Technology,1.0,148.79,148.79,South
2021-04-12,Premium Notebook,Office Supplies,4.0,19.43,77.72,East
2021-04-13,Filing Cabinet,Office Supplies,1.0,140.22,140.22,East
2021-04-13,Formal Shirt,Clothing,3.0,41.82,125.46,West
2021-04-14,Office Chair Pro,Furniture,1.0,302.31,302.31,North
2021-04-14,Coffee Maker,Appliances,1.0,173.73,173.73,East
2021-04-14,Wireless Headphones,Technology,2.0,132.14,264.28,West
2021-04-14,Formal Shirt,Clothing,2.0,45.72,91.44,North
2021-04-14,Formal Shirt,Clothing,2.0,46.04,92.08,East
2021-04-14,Smartphone Ultra,Technology,3.0,785.4,2356.2,South
2021-04-15,Running Shoes,Clothing,2.0,87.81,175.62,West
2021-04-15,4K Ultra HD Monitor,Technology,2.0,340.95,681.9,North
2021-04-15,Wireless Headphones,Technology,1.0,128.91,128.91,West
2021-04-15,Smartphone Ultra,Technology,1.0,875.31,875.31,South
2021-04-16,Business Backpack,Clothing,2.0,68.07,136.14,North
2021-04-16,Wireless Headphones,Technology,1.0,150.8,150.8,South
2021-04-16,Executive Ergonomic Desk,Furniture,1.0,571.6,571.6,East
2021-04-16,Running Shoes,Clothing,1.0,93.22,93.22,West
2021-04-17,Laptop Pro 15,Technology,2.0,1104.06,2208.12,South
2021-04-18,Wireless Headphones,Technology,4.0,144.75,579.0,South
2021-04-18,Executive Ergonomic Desk,Furniture,3.0,587.73,1763.19,North
2021-04-19,Business Backpack,Clothing,2.0,61.36,122.72,North
2021-04-19,4K Ultra HD Monitor,Technology,1.0,386.44,386.44,South
2021-04-19,Filing Cabinet,Office Supplies,1.0,140.28,140.28,West
2021-04-19,Executive Ergonomic Desk,Furniture,2.0,582.99,1165.98,West
2021-04-19,4K Ultra HD Monitor,Technology,4.0,370.72,1482.88,South
2021-04-19,Coffee Maker,Appliances,3.0,167.62,502.86,East
2021-04-20,Smartphone Ultra,Technology,2.0,881.34,1762.68,South
2021-04-21,Business Backpack,Clothing,1.0,59.93,59.93,North
2021-04-21,Coffee Maker,Appliances,3.0,191.79,575.37,South
2021-04-21,Wireless Headphones,Technology,2.0,148.01,296.02,South
2021-04-21,Executive Ergonomic Desk,Furniture,1.0,520.28,520.28,East
2021-04-21,Formal Shirt,Clothing,2.0,46.53,93.06,West
2021-04-21,Laptop Pro 15,Technology,6.0,1253.7,7522.2,East
2021-04-22,Executive Ergonomic Desk,Furniture,3.0,533.51,1600.53,South
2021-04-22,Executive Ergonomic Desk,Furniture,5.0,578.9,2894.5,East
2021-04-23,Premium Notebook,Office Supplies,2.0,18.89,37.78,North
2021-04-23,Conference Room Table,Furniture,1.0,747.8,747.8,East
2021-04-23,Conference Room Table,Furniture,3.0,786.82,2360.46,North
2021-04-23,Office Chair Pro,Furniture,3.0,279.35,838.05,North
2021-04-23,Office Chair Pro,Furniture,1.0,284.03,284.03,East
2021-04-23,Office Chair Pro,Furniture,3.0,272.48,817.44,North
2021-04-24,Running Shoes,Clothing,1.0,101.09,101.09,North
2021-04-24,Premium Notebook,Office Supplies,2.0,17.17,34.34,West
2021-04-24,4K Ultra HD Monitor,Technology,1.0,334.22,334.22,East
2021-04-24,Laptop Pro 15,Technology,5.0,1288.86,6444.3,East
2021-04-24,Laptop Pro 15,Technology,5.0,1119.21,5596.05,East
2021-04-25,Smartphone Ultra,Technology,2.0,793.0,1586.0,East
2021-04-25,Filing Cabinet,Office Supplies,2.0,140.76,281.52,East
2021-04-25,Winter Jacket,Clothing,2.0,116.09,232.18,West
2021-04-26,Printer Laser X,Office Supplies,1.0,298.06,298.06,South
2021-04-26,Smartphone Ultra,Technology,3.0,890.75,2672.25,North
2021-04-26,Formal Shirt,Clothing,3.0,43.06,129.18,South
2021-04-26,4K Ultra HD Monitor,Technology,3.0,363.89,1091.67,South
2021-04-26,Running Shoes,Clothing,3.0,92.35,277.05,North
2021-04-27,Wireless Headphones,Technology,1.0,129.3,129.3,North
2021-04-27,Business Backpack,Clothing,4.0,60.14,240.56,North
2021-04-27,Filing Cabinet,Office Supplies,4.0,141.03,564.12,South
2021-04-28,Formal Shirt,Clothing,4.0,44.76,179.04,West
2021-04-28,Executive Ergonomic Desk,Furniture,2.0,595.72,1191.44,North
2021-04-28,Premium Notebook,Office Supplies,3.0,19.44,58.32,East
2021-04-28,Wireless Headphones,Technology,1.0,147.28,147.28,South
2021-04-28,Wireless Headphones,Technology,1.0,129.19,129.19,North
2021-04-29,Premium Notebook,Office Supplies,2.0,17.06,34.12,North
2021-04-29,4K Ultra HD Monitor,Technology,1.0,362.17,362.17,West
2021-04-29,4K Ultra HD Monitor,Technology,1.0,332.46,332.46,South
2021-04-30,Business Backpack,Clothing,1.0,59.97,59.97,East
2021-04-30,Office Chair Pro,Furniture,2.0,272.96,545.92,West
2021-05-01,Smartphone Ultra,Technology,1.0,784.0,784.0,East
2021-05-02,Formal Shirt,Clothing,1.0,45.93,45.93,West
2021-05-02,Executive Ergonomic Desk,Furniture,4.0,584.08,2336.32,West
2021-05-02,Laptop Pro 15,Technology,1.0,1216.49,1216.49,North
2021-05-02,Coffee Maker,Appliances,8.0,183.86,1470.88,East
2021-05-02,Office Chair Pro,Furniture,3.0,291.0,873.0,South
2021-05-03,Winter Jacket,Clothing,2.0,104.09,208.18,North
2021-05-03,4K Ultra HD Monitor,Technology,1.0,346.76,346.76,South
2021-05-04,Filing Cabinet,Office Supplies,1.0,144.16,144.16,West
2021-05-04,Formal Shirt,Clothing,1.0,46.18,46.18,West
2021-05-04,Formal Shirt,Clothing,2.0,43.47,86.94,East
2021-05-04,Laptop Pro 15,Technology,2.0,1183.04,2366.08,South
2021-05-04,Conference Room Table,Furniture,1.0,780.54,780.54,South
2021-05-05,4K Ultra HD Monitor,Technology,3.0,367.78,1103.34,North
2021-05-05,Printer Laser X,Office Supplies,2.0,319.94,639.88,East
2021-05-05,Executive Ergonomic Desk,Furniture,2.0,542.85,1085.7,South
2021-05-06,Smartphone Ultra,Technology,2.0,829.38,1658.76,East
2021-05-06,Wireless Headphones,Technology,1.0,129.19,129.19,South
2021-05-06,4K Ultra HD Monitor,Technology,5.0,348.65,1743.25,North
2021-05-06,Printer Laser X,Office Supplies,4.0,338.16,1352.64,South
2021-05-06,Executive Ergonomic Desk,Furniture,3.0,521.55,1564.65,East
2021-05-07,Conference Room Table,Furniture,4.0,768.97,3075.88,South
2021-05-07,Smartphone Ultra,Technology,1.0,814.97,814.97,North
2021-05-08,Conference Room Table,Furniture,4.0,823.43,3293.72,South
2021-05-08,Laptop Pro 15,Technology,3.0,1235.55,3706.65,East
2021-05-08,Smartphone Ultra,Technology,1.0,871.22,871.22,West
2021-05-08,Printer Laser X,Office Supplies,5.0,334.26,1671.3,North
2021-05-08,Laptop Pro 15,Technology,3.0,1146.13,3438.39,North
2021-05-09,Business Backpack,Clothing,1.0,65.46,65.46,North
2021-05-09,4K Ultra HD Monitor,Technology,1.0,336.44,336.44,North
2021-05-09,Running Shoes,Clothing,2.0,97.67,195.34,South
2021-05-09,Running Shoes,Clothing,1.0,93.39,93.39,East
2021-05-10,4K Ultra HD Monitor,Technology,3.0,354.69,1064.07,South
2021-05-10,Printer Laser X,Office Supplies,2.0,312.96,625.92,East
2021-05-10,Filing Cabinet,Office Supplies,3.0,144.08,432.24,North
2021-05-10,Winter Jacket,Clothing,1.0,102.21,102.21,North
2021-05-11,4K Ultra HD Monitor,Technology,1.0,370.46,370.46,East
2021-05-11,Premium Notebook,Office Supplies,1.0,17.84,17.84,East
2021-05-11,Laptop Pro 15,Technology,1.0,1254.81,1254.81,North
2021-05-11,4K Ultra HD Monitor,Technology,4.0,365.66,1462.64,North
2021-05-12,Office Chair Pro,Furniture,1.0,288.73,288.73,West
2021-05-12,4K Ultra HD Monitor,Technology,1.0,372.66,372.66,South
2021-05-12,Premium Notebook,Office Supplies,3.0,17.89,53.67,North
2021-05-12,Formal Shirt,Clothing,1.0,44.79,44.79,North
2021-05-13,Winter Jacket,Clothing,5.0,114.77,573.85,West
2021-05-13,Filing Cabinet,Office Supplies,3.0,151.57,454.71,North
2021-05-13,Smartphone Ultra,Technology,1.0,877.71,877.71,South
2021-05-14,Conference Room Table,Furniture,1.0,764.1,764.1,North
2021-05-14,Office Chair Pro,Furniture,2.0,286.99,573.98,North
2021-05-15,Wireless Headphones,Technology,4.0,142.69,570.76,South
2021-05-15,Formal Shirt,Clothing,2.0,42.17,84.34,South
2021-05-16,Conference Room Table,Furniture,3.0,858.0,2574.0,South
2021-05-17,Conference Room Table,Furniture,1.0,750.78,750.78,East
2021-05-17,4K Ultra HD Monitor,Technology,5.0,375.55,1877.75,West
2021-05-17,Executive Ergonomic Desk,Furniture,2.0,580.08,1160.16,West
2021-05-17,Executive Ergonomic Desk,Furniture,2.0,543.31,1086.62,West
2021-05-17,4K Ultra HD Monitor,Technology,4.0,353.68,1414.72,West
2021-05-17,Conference Room Table,Furniture,3.0,807.35,2422.05,North
2021-05-18,Laptop Pro 15,Technology,1.0,1146.36,1146.36,East
2021-05-18,Conference Room Table,Furniture,1.0,763.73,763.73,North
2021-05-18,Smartphone Ultra,Technology,1.0,788.3,788.3,South
2021-05-18,Conference Room Table,Furniture,3.0,786.6,2359.8,West
2021-05-19,Formal Shirt,Clothing,5.0,42.49,212.45,West
2021-05-19,Laptop Pro 15,Technology,1.0,1160.48,1160.48,South
2021-05-19,Filing Cabinet,Office Supplies,1.0,154.77,154.77,West
2021-05-19,Formal Shirt,Clothing,2.0,45.74,91.48,East
2021-05-20,Smartphone Ultra,Technology,6.0,874.05,5244.3,North
2021-05-20,Wireless Headphones,Technology,1.0,147.92,147.92,South
2021-05-20,Smartphone Ultra,Technology,2.0,853.73,1707.46,North
2021-05-21,Office Chair Pro,Furniture,1.0,276.09,276.09,West
2021-05-21,Running Shoes,Clothing,2.0,99.88,199.76,South
2021-05-21,Business Backpack,Clothing,3.0,68.95,206.85000000000002,North
2021-05-21,4K Ultra HD Monitor,Technology,1.0,338.54,338.54,West
2021-05-21,Smartphone Ultra,Technology,2.0,864.55,1729.1,South
2021-05-21,Printer Laser X,Office Supplies,2.0,319.66,639.32,East
2021-05-22,Office Chair Pro,Furniture,1.0,274.17,274.17,South
2021-05-22,Premium Notebook,Office Supplies,1.0,18.0,18.0,South
2021-05-22,Office Chair Pro,Furniture,1.0,266.05,266.05,West
2021-05-23,Filing Cabinet,Office Supplies,1.0,155.79,155.79,South
2021-05-23,Running Shoes,Clothing,3.0,100.57,301.71,East
2021-05-23,Wireless Headphones,Technology,4.0,148.93,595.72,North
2021-05-23,Conference Room Table,Furniture,1.0,800.72,800.72,North
2021-05-23,Formal Shirt,Clothing,2.0,46.83,93.66,East
2021-05-24,Laptop Pro 15,Technology,2.0,1225.42,2450.84,East
2021-05-24,Smartphone Ultra,Technology,4.0,840.46,3361.84,North
2021-05-24,Coffee Maker,Appliances,2.0,186.01,372.02,East
2021-05-25,Filing Cabinet,Office Supplies,1.0,143.32,143.32,South
2021-05-25,Formal Shirt,Clothing,2.0,42.48,84.96,South
2021-05-26,Executive Ergonomic Desk,Furniture,1.0,531.9,531.9,East
2021-05-26,Premium Notebook,Office Supplies,3.0,18.16,54.48,East
2021-05-26,Filing Cabinet,Office Supplies,1.0,139.7,139.7,South
2021-05-27,Wireless Headphones,Technology,4.0,131.25,525.0,North
2021-05-27,Winter Jacket,Clothing,2.0,101.51,203.02,North
2021-05-27,Conference Room Table,Furniture,3.0,749.8,2249.4,South
2021-05-27,Laptop Pro 15,Technology,1.0,1289.37,1289.37,West
2021-05-27,Filing Cabinet,Office Supplies,2.0,155.37,310.74,South
2021-05-28,Conference Room Table,Furniture,1.0,858.03,858.03,West
2021-05-28,4K Ultra HD Monitor,Technology,5.0,359.21,1796.05,East
2021-05-28,Executive Ergonomic Desk,Furniture,1.0,582.24,582.24,East
2021-05-29,Conference Room Table,Furniture,6.0,844.28,5065.68,East
2021-05-29,Winter Jacket,Clothing,2.0,115.79,231.58,South
2021-05-29,Business Backpack,Clothing,2.0,68.72,137.44,South
2021-05-29,Business Backpack,Clothing,3.0,67.45,202.35,East
2021-05-29,Winter Jacket,Clothing,3.0,117.68,353.04,South
2021-05-29,Premium Notebook,Office Supplies,3.0,16.56,49.68,North
2021-05-30,Wireless Headphones,Technology,2.0,136.29,272.58,West
2021-05-31,Filing Cabinet,Office Supplies,1.0,151.28,151.28,North
2021-05-31,Laptop Pro 15,Technology,1.0,1203.07,1203.07,South
2021-05-31,Formal Shirt,Clothing,5.0,42.96,214.8,North
2021-05-31,Smartphone Ultra,Technology,1.0,908.43,908.43,South
2021-06-01,Office Chair Pro,Furniture,3.0,270.2,810.6,South
2021-06-01,Laptop Pro 15,Technology,1.0,1180.84,1180.84,East
2021-06-01,Premium Notebook,Office Supplies,2.0,18.47,36.94,South
2021-06-02,Executive Ergonomic Desk,Furniture,3.0,590.69,1772.07,West
2021-06-02,Formal Shirt,Clothing,3.0,44.47,133.41,North
2021-06-02,Smartphone Ultra,Technology,4.0,881.81,3527.24,West
2021-06-03,Executive Ergonomic Desk,Furniture,5.0,574.3,2871.5,East
2021-06-03,Premium Notebook,Office Supplies,1.0,17.59,17.59,East
2021-06-03,Business Backpack,Clothing,1.0,68.57,68.57,North
2021-06-03,Wireless Headphones,Technology,1.0,145.11,145.11,North
2021-06-03,Winter Jacket,Clothing,3.0,114.19,342.57,East
2021-06-03,Wireless Headphones,Technology,5.0,150.5,752.5,West
2021-06-03,Premium Notebook,Office Supplies,1.0,18.64,18.64,South
2021-06-03,Executive Ergonomic Desk,Furniture,3.0,552.95,1658.85,West
2021-06-04,Office Chair Pro,Furniture,1.0,277.42,277.42,North
2021-06-04,Executive Ergonomic Desk,Furniture,3.0,567.02,1701.06,West
2021-06-04,Business Backpack,Clothing,2.0,61.92,123.84,East
2021-06-05,4K Ultra HD Monitor,Technology,2.0,350.2,700.4,West
2021-06-05,Laptop Pro 15,Technology,2.0,1108.46,2216.92,South
2021-06-05,Smartphone Ultra,Technology,1.0,810.92,810.92,West
2021-06-05,Wireless Headphones,Technology,1.0,149.48,149.48,North
2021-06-05,Wireless Headphones,Technology,5.0,150.45,752.25,South
2021-06-06,Filing Cabinet,Office Supplies,1.0,143.56,143.56,East
2021-06-06,Premium Notebook,Office Supplies,1.0,18.77,18.77,South
2021-06-06,4K Ultra HD Monitor,Technology,3.0,375.17,1125.51,East
2021-06-07,4K Ultra HD Monitor,Technology,4.0,339.87,1359.48,South
2021-06-08,Wireless Headphones,Technology,7.0,134.6,942.2,South
2021-06-08,Executive Ergonomic Desk,Furniture,5.0,565.78,2828.9,North
2021-06-08,Winter Jacket,Clothing,2.0,110.28,220.56,East
2021-06-08,Smartphone Ultra,Technology,3.0,827.71,2483.13,West
2021-06-09,Running Shoes,Clothing,2.0,89.17,178.34,South
2021-06-09,Filing Cabinet,Office Supplies,2.0,142.53,285.06,East
2021-06-09,4K Ultra HD Monitor,Technology,3.0,363.63,1090.89,East
2021-06-09,4K Ultra HD Monitor,Technology,2.0,357.27,714.54,North
2021-06-09,Laptop Pro 15,Technology,3.0,1206.24,3618.72,North
2021-06-09,Laptop Pro 15,Technology,1.0,1129.09,1129.09,East
2021-06-10,Wireless Headphones,Technology,1.0,138.38,138.38,North
2021-06-10,Wireless Headphones,Technology,6.0,142.2,853.2,South
2021-06-10,Premium Notebook,Office Supplies,1.0,17.8,17.8,North
2021-06-10,Coffee Maker,Appliances,1.0,167.84,167.84,North
2021-06-11,Coffee Maker,Appliances,1.0,175.25,175.25,North
2021-06-11,Running Shoes,Clothing,3.0,101.16,303.48,East
2021-06-11,Formal Shirt,Clothing,2.0,46.67,93.34,East
2021-06-11,Premium Notebook,Office Supplies,1.0,16.6,16.6,East
2021-06-11,Laptop Pro 15,Technology,1.0,1280.21,1280.21,North
2021-06-11,4K Ultra HD Monitor,Technology,2.0,372.16,744.32,East
2021-06-12,Running Shoes,Clothing,2.0,98.03,196.06,West
2021-06-12,Coffee Maker,Appliances,1.0,183.43,183.43,East
2021-06-13,Laptop Pro 15,Technology,4.0,1155.06,4620.24,North
2021-06-13,Smartphone Ultra,Technology,4.0,858.56,3434.24,East
2021-06-13,Filing Cabinet,Office Supplies,3.0,153.09,459.27,North
2021-06-13,Formal Shirt,Clothing,1.0,45.63,45.63,West
2021-06-14,Smartphone Ultra,Technology,4.0,806.58,3226.32,West
2021-06-14,Business Backpack,Clothing,2.0,63.51,127.02,East
2021-06-14,4K Ultra HD Monitor,Technology,1.0,388.26,388.26,East
2021-06-14,Premium Notebook,Office Supplies,2.0,17.25,34.5,North
2021-06-15,Premium Notebook,Office Supplies,2.0,18.24,36.48,West
2021-06-15,Business Backpack,Clothing,1.0,65.53,65.53,West
2021-06-15,Office Chair Pro,Furniture,1.0,291.07,291.07,South
2021-06-15,Formal Shirt,Clothing,1.0,43.66,43.66,North
2021-06-15,Business Backpack,Clothing,6.0,60.72,364.32,South
2021-06-15,Premium Notebook,Office Supplies,5.0,18.15,90.75,North
2021-06-16,Office Chair Pro,Furniture,1.0,279.43,279.43,South
2021-06-16,Smartphone Ultra,Technology,2.0,902.71,1805.42,West
2021-06-16,Premium Notebook,Office Supplies,1.0,16.89,16.89,East
2021-06-17,Filing Cabinet,Office Supplies,1.0,151.01,151.01,North
2021-06-18,Office Chair Pro,Furniture,1.0,263.33,263.33,West
2021-06-19,Smartphone Ultra,Technology,2.0,901.98,1803.96,East
2021-06-19,4K Ultra HD Monitor,Technology,1.0,351.81,351.81,North
2021-06-19,Wireless Headphones,Technology,3.0,150.0,450.0,North
2021-06-19,Filing Cabinet,Office Supplies,2.0,152.08,304.16,West
2021-06-19,Smartphone Ultra,Technology,1.0,808.49,808.49,South
2021-06-19,Wireless Headphones,Technology,2.0,132.95,265.9,North
2021-06-20,Wireless Headphones,Technology,1.0,149.81,149.81,South
2021-06-20,Formal Shirt,Clothing,3.0,46.28,138.84,East
2021-06-20,Executive Ergonomic Desk,Furniture,2.0,519.44,1038.88,West
2021-06-21,Conference Room Table,Furniture,2.0,793.48,1586.96,South
2021-06-21,Office Chair Pro,Furniture,1.0,287.8,287.8,East
2021-06-22,Filing Cabinet,Technology,3.0,161.62,484.86,West
2021-06-22,Conference Room Table,Furniture,3.0,750.23,2250.69,West
2021-06-22,Coffee Maker,Appliances,3.0,167.67,503.01,East
2021-06-22,4K Ultra HD Monitor,Technology,4.0,347.63,1390.52,West
2021-06-22,Winter Jacket,Clothing,4.0,105.42,421.68,North
2021-06-23,4K Ultra HD Monitor,Technology,1.0,350.33,350.33,North
2021-06-23,Filing Cabinet,Office Supplies,3.0,146.29,438.87,South
2021-06-24,Printer Laser X,Office Supplies,3.0,298.42,895.26,East
2021-06-24,Business Backpack,Clothing,1.0,62.9,62.9,West
2021-06-24,Filing Cabinet,Office Supplies,1.0,142.05,142.05,West
2021-06-24,Smartphone Ultra,Technology,4.0,822.93,3291.72,South
2021-06-25,Executive Ergonomic Desk,Furniture,1.0,597.76,597.76,North
2021-06-26,Wireless Headphones,Technology,4.0,148.15,592.6,East
2021-06-26,Winter Jacket,Clothing,4.0,116.99,467.96,South
2021-06-26,Executive Ergonomic Desk,Furniture,2.0,582.04,1164.08,South
2021-06-26,Formal Shirt,Clothing,1.0,45.67,45.67,North
2021-06-26,Premium Notebook,Office Supplies,4.0,18.28,73.12,East
2021-06-28,Premium Notebook,Office Supplies,1.0,19.24,19.24,East
2021-06-28,Wireless Headphones,Technology,1.0,138.63,138.63,North
2021-06-30,Formal Shirt,Clothing,5.0,45.43,227.15,North
2021-06-30,Laptop Pro 15,Technology,1.0,1245.85,1245.85,North
2021-06-30,Laptop Pro 15,Technology,1.0,1106.95,1106.95,North
2021-07-01,Formal Shirt,Clothing,4.0,47.61,190.44,South
2021-07-02,Premium Notebook,Office Supplies,1.0,17.94,17.94,North
2021-07-02,Business Backpack,Clothing,3.0,62.87,188.61,North
2021-07-02,Premium Notebook,Office Supplies,1.0,16.64,16.64,North
2021-07-02,Filing Cabinet,Office Supplies,5.0,141.45,707.25,West
2021-07-02,Laptop Pro 15,Technology,3.0,1203.42,3610.26,North
2021-07-02,Running Shoes,Clothing,1.0,99.71,99.71,East
2021-07-02,Wireless Headphones,Technology,4.0,140.69,562.76,East
2021-07-03,Formal Shirt,Clothing,2.0,46.27,92.54,West
2021-07-03,Conference Room Table,Furniture,1.0,774.54,774.54,North
2021-07-03,4K Ultra HD Monitor,Technology,2.0,344.17,688.34,North
2021-07-04,Wireless Headphones,Technology,3.0,149.29,447.87,North
2021-07-04,Wireless Headphones,Technology,1.0,141.43,141.43,North
2021-07-05,Filing Cabinet,Office Supplies,3.0,143.2,429.6,West
2021-07-06,Formal Shirt,Clothing,1.0,47.89,47.89,South
2021-07-06,Running Shoes,Clothing,1.0,95.12,95.12,West
2021-07-06,Winter Jacket,Clothing,1.0,104.57,104.57,North
2021-07-06,Executive Ergonomic Desk,Furniture,1.0,525.49,525.49,North
2021-07-06,Coffee Maker,Appliances,2.0,177.18,354.36,South
2021-07-07,Running Shoes,Clothing,4.0,89.53,358.12,South
2021-07-07,Running Shoes,Clothing,2.0,95.6,191.2,East
2021-07-07,Filing Cabinet,Office Supplies,2.0,153.16,306.32,North
2021-07-07,Executive Ergonomic Desk,Furniture,1.0,553.76,553.76,East
2021-07-07,Premium Notebook,Office Supplies,5.0,17.5,87.5,South
2021-07-07,Laptop Pro 15,Technology,2.0,1188.15,2376.3,East
2021-07-07,Running Shoes,Clothing,1.0,90.74,90.74,North
2021-07-08,Wireless Headphones,Technology,2.0,135.28,270.56,West
2021-07-08,Smartphone Ultra,Technology,1.0,811.07,811.07,East
2021-07-09,Office Chair Pro,Furniture,3.0,259.54,778.62,South
2021-07-09,Running Shoes,Clothing,2.0,91.49,182.98,East
2021-07-09,Laptop Pro 15,Technology,2.0,1284.75,2569.5,South
2021-07-09,4K Ultra HD Monitor,Technology,2.0,384.37,768.74,North
2021-07-09,Winter Jacket,Clothing,3.0,104.1,312.3,East
2021-07-09,Running Shoes,Clothing,5.0,94.95,474.75,East
2021-07-10,Smartphone Ultra,Technology,1.0,885.43,885.43,North
2021-07-10,Running Shoes,Clothing,3.0,95.95,287.85,East
2021-07-10,Filing Cabinet,Office Supplies,4.0,158.21,632.84,East
2021-07-11,Formal Shirt,Clothing,1.0,48.6,48.6,East
2021-07-11,Printer Laser X,Office Supplies,2.0,298.87,597.74,East
2021-07-11,Filing Cabinet,Office Supplies,3.0,152.99,458.97,West
2021-07-11,Smartphone Ultra,Technology,3.0,865.53,2596.59,South
2021-07-11,Office Chair Pro,Furniture,1.0,300.85,300.85,West
2021-07-11,Printer Laser X,Office Supplies,2.0,328.2,656.4,North
2021-07-12,Premium Notebook,Office Supplies,4.0,19.27,77.08,North
2021-07-12,Laptop Pro 15,Technology,3.0,1148.88,3446.64,North
2021-07-12,Smartphone Ultra,Technology,3.0,833.72,2501.16,North
2021-07-13,Premium Notebook,Office Supplies,4.0,17.69,70.76,East
2021-07-13,Business Backpack,Clothing,1.0,69.15,69.15,North
2021-07-13,Running Shoes,Clothing,3.0,94.36,283.08,North
2021-07-13,Smartphone Ultra,Technology,5.0,849.08,4245.4,West
2021-07-13,Printer Laser X,Office Supplies,1.0,308.86,308.86,North
2021-07-13,Wireless Headphones,Technology,2.0,150.58,301.16,West
2021-07-13,Formal Shirt,Clothing,4.0,42.84,171.36,North
2021-07-14,4K Ultra HD Monitor,Technology,2.0,349.97,699.94,East
2021-07-14,Running Shoes,Clothing,2.0,94.28,188.56,North
2021-07-14,Coffee Maker,Appliances,1.0,181.24,181.24,East
2021-07-14,Printer Laser X,Office Supplies,3.0,334.26,1002.78,North
2021-07-15,Winter Jacket,Clothing,4.0,110.31,441.24,South
2021-07-15,Filing Cabinet,Office Supplies,5.0,145.02,725.1,South
2021-07-15,Filing Cabinet,Office Supplies,2.0,140.37,280.74,South
2021-07-15,Smartphone Ultra,Technology,1.0,877.93,877.93,South
2021-07-16,Smartphone Ultra,Technology,3.0,811.91,2435.73,South
2021-07-17,Formal Shirt,Clothing,2.0,44.52,89.04,East
2021-07-17,Winter Jacket,Clothing,3.0,113.57,340.71,South
2021-07-17,4K Ultra HD Monitor,Technology,1.0,335.58,335.58,East
2021-07-17,Conference Room Table,Furniture,2.0,814.52,1629.04,North
2021-07-17,Conference Room Table,Furniture,2.0,811.27,1622.54,South
2021-07-17,4K Ultra HD Monitor,Technology,1.0,339.48,339.48,North
2021-07-18,Conference Room Table,Furniture,2.0,820.49,1640.98,South
2021-07-18,Formal Shirt,Clothing,2.0,44.1,88.2,East
2021-07-18,4K Ultra HD Monitor,Technology,2.0,370.58,741.16,North
2021-07-19,Running Shoes,Clothing,5.0,95.86,479.3,East
2021-07-20,Conference Room Table,Furniture,3.0,764.19,2292.57,East
2021-07-20,Laptop Pro 15,Technology,2.0,1123.24,2246.48,North
2021-07-20,Coffee Maker,Appliances,3.0,174.95,524.85,North
2021-07-20,Filing Cabinet,Office Supplies,3.0,160.68,482.04,North
2021-07-20,Wireless Headphones,Technology,1.0,140.46,140.46,North
2021-07-20,Winter Jacket,Clothing,3.0,105.53,316.59,North
2021-07-21,Premium Notebook,Office Supplies,1.0,18.67,18.67,South
2021-07-21,Wireless Headphones,Technology,3.0,139.46,418.38,West
2021-07-21,Laptop Pro 15,Technology,4.0,1216.06,4864.24,West
2021-07-21,Business Backpack,Clothing,6.0,64.43,386.58,West
2021-07-21,4K Ultra HD Monitor,Technology,1.0,339.35,339.35,East
2021-07-22,Laptop Pro 15,Technology,2.0,1258.98,2517.96,North
2021-07-22,Office Chair Pro,Furniture,1.0,272.89,272.89,East
2021-07-22,Business Backpack,Clothing,1.0,68.66,68.66,South
2021-07-22,Executive Ergonomic Desk,Furniture,1.0,545.37,545.37,North
2021-07-23,Laptop Pro 15,Technology,4.0,1192.22,4768.88,North
2021-07-24,Formal Shirt,Clothing,1.0,48.57,48.57,West
2021-07-24,Printer Laser X,Office Supplies,1.0,339.57,339.57,North
2021-07-24,Office Chair Pro,Furniture,3.0,278.4,835.2,East
2021-07-25,Laptop Pro 15,Technology,3.0,1142.63,3427.89,North
2021-07-25,Running Shoes,Clothing,6.0,97.54,585.24,West
2021-07-25,Laptop Pro 15,Technology,2.0,1285.42,2570.84,East
2021-07-25,Business Backpack,Clothing,4.0,60.58,242.32,West
2021-07-25,Office Chair Pro,Furniture,4.0,276.63,1106.52,North
2021-07-26,Formal Shirt,Clothing,1.0,43.56,43.56,South
2021-07-26,Coffee Maker,Appliances,1.0,174.98,174.98,North
2021-07-26,Formal Shirt,Technology,3.0,42.0,126.0,South
2021-07-27,Laptop Pro 15,Technology,1.0,1277.33,1277.33,South
2021-07-27,Laptop Pro 15,Technology,5.0,1130.94,5654.7,North
2021-07-27,Filing Cabinet,Office Supplies,2.0,161.32,322.64,North
2021-07-27,Formal Shirt,Clothing,5.0,43.66,218.3,North
2021-07-27,Executive Ergonomic Desk,Furniture,3.0,553.62,1660.86,West
2021-07-28,Running Shoes,Clothing,1.0,95.26,95.26,South
2021-07-28,Running Shoes,Clothing,2.0,102.22,204.44,North
2021-07-29,4K Ultra HD Monitor,Technology,1.0,379.36,379.36,East
2021-07-29,Business Backpack,Clothing,3.0,70.03,210.09,North
2021-07-29,4K Ultra HD Monitor,Technology,2.0,338.26,676.52,West
2021-07-29,Running Shoes,Clothing,4.0,95.13,380.52,North
2021-07-29,Wireless Headphones,Technology,1.0,149.38,149.38,North
2021-07-30,4K Ultra HD Monitor,Technology,1.0,340.84,340.84,West
2021-07-30,Formal Shirt,Clothing,2.0,43.45,86.9,East
2021-07-30,Business Backpack,Clothing,2.0,60.93,121.86,West
2021-07-31,Winter Jacket,Clothing,4.0,113.6,454.4,South
2021-07-31,Smartphone Ultra,Technology,8.0,819.16,6553.28,West
2021-07-31,Wireless Headphones,Technology,1.0,148.05,148.05,North
2021-08-01,Laptop Pro 15,Technology,1.0,1294.87,1294.87,North
2021-08-01,Office Chair Pro,Furniture,6.0,289.42,1736.52,East
2021-08-01,Running Shoes,Technology,1.0,92.17,92.17,North
2021-08-01,4K Ultra HD Monitor,Technology,1.0,349.04,349.04,East
2021-08-02,Premium Notebook,Office Supplies,4.0,19.25,77.0,South
2021-08-02,Filing Cabinet,Office Supplies,2.0,140.25,280.5,North
2021-08-02,Premium Notebook,Office Supplies,3.0,18.84,56.52,South
2021-08-02,Filing Cabinet,Office Supplies,1.0,149.22,149.22,East
2021-08-03,Laptop Pro 15,Technology,1.0,1291.06,1291.06,West
2021-08-03,Filing Cabinet,Office Supplies,2.0,149.38,298.76,North
2021-08-03,Coffee Maker,Appliances,5.0,182.01,910.05,South
2021-08-04,Printer Laser X,Office Supplies,1.0,339.07,339.07,East
2021-08-04,Smartphone Ultra,Technology,1.0,856.15,856.15,East
2021-08-04,Executive Ergonomic Desk,Furniture,4.0,566.1,2264.4,West
2021-08-04,Office Chair Pro,Furniture,1.0,260.85,260.85,North
2021-08-04,Smartphone Ultra,Technology,2.0,819.8,1639.6,South
2021-08-05,Wireless Headphones,Technology,1.0,130.22,130.22,West
2021-08-05,Executive Ergonomic Desk,Furniture,5.0,595.06,2975.3,South
2021-08-05,Premium Notebook,Office Supplies,1.0,16.66,16.66,West
2021-08-05,Formal Shirt,Clothing,2.0,41.69,83.38,East
2021-08-05,Business Backpack,Clothing,1.0,62.93,62.93,East
2021-08-06,Laptop Pro 15,Technology,1.0,1152.41,1152.41,South
2021-08-06,Conference Room Table,Furniture,4.0,784.78,3139.12,East
2021-08-06,Coffee Maker,Appliances,1.0,181.39,181.39,West
2021-08-06,Office Chair Pro,Furniture,1.0,265.6,265.6,South
2021-08-06,Executive Ergonomic Desk,Furniture,5.0,522.71,2613.55,North
2021-08-07,Business Backpack,Clothing,2.0,63.28,126.56,South
2021-08-07,Office Chair Pro,Furniture,2.0,284.94,569.88,East
2021-08-08,Executive Ergonomic Desk,Furniture,2.0,597.4,1194.8,East
2021-08-08,Printer Laser X,Office Supplies,1.0,299.56,299.56,North
2021-08-08,Filing Cabinet,Office Supplies,1.0,146.88,146.88,West
2021-08-08,Wireless Headphones,Technology,1.0,144.75,144.75,East
2021-08-09,Running Shoes,Clothing,1.0,91.36,91.36,North
2021-08-09,4K Ultra HD Monitor,Technology,3.0,363.38,1090.14,North
2021-08-10,Premium Notebook,Office Supplies,5.0,17.27,86.35,North
2021-08-11,Conference Room Table,Furniture,4.0,797.27,3189.08,North
2021-08-11,Formal Shirt,Clothing,1.0,47.66,47.66,North
2021-08-12,Smartphone Ultra,Technology,1.0,787.86,787.86,North
2021-08-12,Smartphone Ultra,Technology,2.0,839.0,1678.0,East
2021-08-12,Winter Jacket,Clothing,2.0,118.77,237.54,West
2021-08-13,Business Backpack,Clothing,2.0,62.23,124.46,North
2021-08-13,Winter Jacket,Clothing,1.0,117.08,117.08,South
2021-08-13,Laptop Pro 15,Technology,1.0,1207.32,1207.32,North
2021-08-14,Conference Room Table,Furniture,3.0,813.17,2439.51,North
2021-08-14,Formal Shirt,Clothing,1.0,47.77,47.77,North
2021-08-14,Office Chair Pro,Furniture,2.0,258.3,516.6,East
2021-08-14,Formal Shirt,Clothing,2.0,46.29,92.58,South
2021-08-15,Office Chair Pro,Furniture,5.0,273.53,1367.65,North
2021-08-15,Filing Cabinet,Office Supplies,4.0,144.33,577.32,West
2021-08-15,Executive Ergonomic Desk,Furniture,3.0,534.8,1604.4,West
2021-08-15,Filing Cabinet,Office Supplies,3.0,139.88,419.64,North
2021-08-15,4K Ultra HD Monitor,Technology,4.0,341.16,1364.64,South
2021-08-15,4K Ultra HD Monitor,Technology,2.0,356.99,713.98,North
2021-08-15,Conference Room Table,Furniture,2.0,769.48,1538.96,West
2021-08-16,Premium Notebook,Office Supplies,4.0,19.02,76.08,North
2021-08-16,Executive Ergonomic Desk,Furniture,1.0,550.17,550.17,East
2021-08-17,Conference Room Table,Furniture,1.0,742.31,742.31,West
2021-08-18,Conference Room Table,Furniture,1.0,809.48,809.48,West
2021-08-18,4K Ultra HD Monitor,Technology,4.0,370.81,1483.24,East
2021-08-18,Laptop Pro 15,Technology,1.0,1118.91,1118.91,West
2021-08-18,Formal Shirt,Clothing,1.0,46.47,46.47,East
2021-08-19,Executive Ergonomic Desk,Furniture,3.0,557.07,1671.21,West
2021-08-19,4K Ultra HD Monitor,Technology,3.0,335.01,1005.03,North
2021-08-19,Wireless Headphones,Technology,1.0,145.05,145.05,North
2021-08-19,Filing Cabinet,Office Supplies,2.0,143.01,286.02,South
2021-08-20,Smartphone Ultra,Technology,1.0,910.39,910.39,West
2021-08-20,Printer Laser X,Office Supplies,4.0,344.25,1377.0,South
2021-08-20,Printer Laser X,Office Supplies,1.0,305.37,305.37,East
2021-08-21,Premium Notebook,Office Supplies,3.0,18.97,56.91,South
2021-08-21,Winter Jacket,Clothing,1.0,102.61,102.61,East
2021-08-21,Smartphone Ultra,Technology,6.0,862.24,5173.44,North
2021-08-21,Office Chair Pro,Furniture,3.0,300.83,902.49,East
2021-08-22,Laptop Pro 15,Technology,1.0,1202.21,1202.21,North
2021-08-23,Office Chair Pro,Furniture,1.0,294.37,294.37,East
2021-08-23,Office Chair Pro,Furniture,1.0,265.51,265.51,South
2021-08-23,Wireless Headphones,Technology,3.0,141.96,425.88,East
2021-08-23,Smartphone Ultra,Technology,1.0,848.44,848.44,East
2021-08-23,Laptop Pro 15,Technology,7.0,1127.16,7890.12,North
2021-08-23,Executive Ergonomic Desk,Furniture,1.0,536.59,536.59,East
2021-08-24,Business Backpack,Clothing,5.0,69.5,347.5,East
2021-08-24,4K Ultra HD Monitor,Technology,1.0,381.2,381.2,North
2021-08-24,Wireless Headphones,Technology,3.0,145.67,437.01,North
2021-08-24,Executive Ergonomic Desk,Furniture,3.0,531.01,1593.03,North
2021-08-25,Executive Ergonomic Desk,Furniture,2.0,552.49,1104.98,South
2021-08-25,Executive Ergonomic Desk,Furniture,2.0,516.28,1032.56,North
2021-08-26,4K Ultra HD Monitor,Technology,1.0,332.33,332.33,South
2021-08-26,Premium Notebook,Office Supplies,3.0,18.51,55.53,East
2021-08-26,Business Backpack,Clothing,2.0,64.99,129.98,East
2021-08-26,Office Chair Pro,Furniture,2.0,267.79,535.58,West
2021-08-26,Filing Cabinet,Office Supplies,1.0,146.14,146.14,South
2021-08-27,Filing Cabinet,Office Supplies,4.0,141.82,567.28,East
2021-08-27,4K Ultra HD Monitor,Technology,2.0,381.09,762.18,West
2021-08-27,Office Chair Pro,Furniture,1.0,265.07,265.07,North
2021-08-30,Conference Room Table,Furniture,5.0,756.71,3783.55,South
2021-08-30,Business Backpack,Clothing,2.0,69.04,138.08,North
2021-08-30,Executive Ergonomic Desk,Furniture,3.0,555.79,1667.37,South
2021-08-30,Running Shoes,Clothing,1.0,96.44,96.44,East
2021-08-30,Running Shoes,Clothing,4.0,91.06,364.24,East
2021-08-30,Formal Shirt,Clothing,3.0,47.81,143.43,South
2021-08-30,Conference Room Table,Furniture,1.0,788.69,788.69,West
2021-08-31,Conference Room Table,Furniture,4.0,859.31,3437.24,North
2021-08-31,4K Ultra HD Monitor,Technology,1.0,360.41,360.41,West
2021-09-01,Laptop Pro 15,Technology,3.0,1247.18,3741.54,North
2021-09-01,Office Chair Pro,Furniture,3.0,261.66,784.98,South
2021-09-02,Printer Laser X,Office Supplies,5.0,300.2,1501.0,East
2021-09-02,Premium Notebook,Office Supplies,3.0,18.26,54.78,West
2021-09-02,4K Ultra HD Monitor,Technology,2.0,344.1,688.2,East
2021-09-02,Office Chair Pro,Furniture,1.0,261.83,261.83,East
2021-09-02,Winter Jacket,Clothing,1.0,113.35,113.35,East
2021-09-03,Conference Room Table,Furniture,2.0,803.13,1606.26,East
2021-09-03,4K Ultra HD Monitor,Technology,1.0,349.46,349.46,North
2021-09-03,Wireless Headphones,Technology,1.0,136.35,136.35,East
2021-09-04,Conference Room Table,Furniture,3.0,815.22,2445.66,North
2021-09-04,Office Chair Pro,Furniture,1.0,279.01,279.01,South
2021-09-04,Wireless Headphones,Technology,1.0,149.62,149.62,North
2021-09-04,Conference Room Table,Furniture,2.0,830.55,1661.1,West
2021-09-05,Winter Jacket,Clothing,1.0,110.19,110.19,South
2021-09-05,Business Backpack,Clothing,2.0,67.85,135.7,West
2021-09-06,Formal Shirt,Clothing,2.0,44.89,89.78,South
2021-09-06,Running Shoes,Clothing,2.0,96.15,192.3,South
2021-09-07,Formal Shirt,Clothing,5.0,43.6,218.0,East
2021-09-07,Formal Shirt,Clothing,2.0,44.29,88.58,North
2021-09-07,Formal Shirt,Clothing,2.0,46.25,92.5,West
2021-09-07,Premium Notebook,Office Supplies,3.0,18.35,55.05,East
2021-09-08,Smartphone Ultra,Technology,4.0,850.5,3402.0,East
2021-09-08,Premium Notebook,Office Supplies,4.0,19.32,77.28,North
2021-09-08,Filing Cabinet,Office Supplies,3.0,142.65,427.95,North
2021-09-10,4K Ultra HD Monitor,Technology,1.0,365.28,365.28,North
2021-09-10,Premium Notebook,Office Supplies,2.0,19.11,38.22,West
2021-09-10,Executive Ergonomic Desk,Furniture,3.0,577.05,1731.15,South
2021-09-10,Business Backpack,Clothing,2.0,63.44,126.88,West
2021-09-11,Printer Laser X,Office Supplies,1.0,309.13,309.13,West
2021-09-11,Winter Jacket,Clothing,2.0,112.66,225.32,North
2021-09-11,Premium Notebook,Office Supplies,1.0,18.82,18.82,North
2021-09-11,Formal Shirt,Clothing,3.0,43.84,131.52,South
2021-09-11,4K Ultra HD Monitor,Technology,2.0,362.76,725.52,North
2021-09-11,Office Chair Pro,Furniture,2.0,288.71,577.42,West
2021-09-13,Wireless Headphones,Technology,1.0,131.36,131.36,North
2021-09-13,Business Backpack,Clothing,1.0,69.31,69.31,South
2021-09-13,Premium Notebook,Office Supplies,1.0,19.21,19.21,East
2021-09-14,Office Chair Pro,Furniture,1.0,298.86,298.86,West
2021-09-15,4K Ultra HD Monitor,Technology,1.0,365.31,365.31,North
2021-09-15,Formal Shirt,Clothing,3.0,47.69,143.07,North
2021-09-15,Business Backpack,Clothing,1.0,67.38,67.38,North
2021-09-16,Formal Shirt,Clothing,1.0,48.44,48.44,South
2021-09-16,Executive Ergonomic Desk,Furniture,3.0,583.27,1749.81,East
2021-09-16,Filing Cabinet,Office Supplies,3.0,154.01,462.03,East
2021-09-17,Premium Notebook,Office Supplies,5.0,17.58,87.9,South
2021-09-17,Laptop Pro 15,Technology,1.0,1264.32,1264.32,North
2021-09-18,Laptop Pro 15,Technology,4.0,1172.82,4691.28,North
2021-09-18,Business Backpack,Clothing,1.0,62.08,62.08,East
2021-09-18,Printer Laser X,Office Supplies,2.0,302.68,605.36,North
2021-09-18,Conference Room Table,Furniture,1.0,862.81,862.81,North
2021-09-18,Executive Ergonomic Desk,Furniture,1.0,589.57,589.57,East
2021-09-19,Business Backpack,Clothing,1.0,60.1,60.1,East
2021-09-19,Formal Shirt,Technology,4.0,45.83,183.32,North
2021-09-19,Executive Ergonomic Desk,Furniture,2.0,521.71,1043.42,East
2021-09-19,Premium Notebook,Office Supplies,1.0,17.54,17.54,South
2021-09-19,Office Chair Pro,Furniture,1.0,299.07,299.07,North
2021-09-20,Conference Room Table,Furniture,3.0,854.75,2564.25,East
2021-09-20,Formal Shirt,Clothing,1.0,41.88,41.88,West
2021-09-20,Smartphone Ultra,Technology,2.0,812.95,1625.9,East
2021-09-21,Executive Ergonomic Desk,Furniture,1.0,530.42,530.42,North
2021-09-21,Wireless Headphones,Technology,2.0,148.49,296.98,East
2021-09-22,4K Ultra HD Monitor,Technology,2.0,369.95,739.9,North
2021-09-22,Executive Ergonomic Desk,Furniture,2.0,533.8,1067.6,East
2021-09-22,Filing Cabinet,Office Supplies,2.0,143.2,286.4,North
2021-09-23,Running Shoes,Clothing,1.0,96.67,96.67,East
2021-09-23,Conference Room Table,Furniture,3.0,801.03,2403.09,West
2021-09-23,Conference Room Table,Furniture,3.0,768.44,2305.32,North
2021-09-24,Laptop Pro 15,Technology,2.0,1105.72,2211.44,West
2021-09-24,4K Ultra HD Monitor,Technology,4.0,351.97,1407.88,West
2021-09-24,Filing Cabinet,Office Supplies,2.0,146.62,293.24,West
2021-09-25,Office Chair Pro,Furniture,1.0,298.92,298.92,North
2021-09-25,Executive Ergonomic Desk,Furniture,3.0,596.8,1790.4,North
2021-09-25,Business Backpack,Clothing,2.0,69.5,139.0,North
2021-09-25,Wireless Headphones,Technology,1.0,138.41,138.41,East
2021-09-25,Wireless Headphones,Technology,2.0,130.47,260.94,South
2021-09-26,Office Chair Pro,Furniture,4.0,286.32,1145.28,West
2021-09-26,4K Ultra HD Monitor,Technology,3.0,347.75,1043.25,North
2021-09-27,Office Chair Pro,Furniture,4.0,291.34,1165.36,East
2021-09-27,Printer Laser X,Office Supplies,1.0,316.79,316.79,North
2021-09-27,Smartphone Ultra,Technology,2.0,872.19,1744.38,West
2021-09-27,Smartphone Ultra,Technology,2.0,811.66,1623.32,North
2021-09-27,Business Backpack,Clothing,2.0,68.33,136.66,North
2021-09-27,4K Ultra HD Monitor,Technology,1.0,377.2,377.2,North
2021-09-28,Formal Shirt,Clothing,1.0,46.25,46.25,West
2021-09-29,Printer Laser X,Office Supplies,2.0,297.79,595.58,East
2021-09-29,Office Chair Pro,Furniture,2.0,263.88,527.76,North
2021-09-29,Premium Notebook,Office Supplies,1.0,17.27,17.27,North
2021-09-29,Laptop Pro 15,Technology,1.0,1148.19,1148.19,West
2021-09-30,Filing Cabinet,Office Supplies,2.0,148.34,296.68,North
2021-09-30,Formal Shirt,Clothing,2.0,48.37,96.74,West
2021-09-30,Running Shoes,Clothing,2.0,87.54,175.08,North
2021-09-30,Smartphone Ultra,Technology,1.0,821.6,821.6,East
2021-10-01,Running Shoes,Clothing,3.0,89.49,268.47,East
2021-10-01,Office Chair Pro,Furniture,1.0,285.34,285.34,East
2021-10-01,Printer Laser X,Office Supplies,2.0,301.31,602.62,North
2021-10-01,4K Ultra HD Monitor,Technology,3.0,334.74,1004.22,South
2021-10-02,Printer Laser X,Office Supplies,2.0,317.38,634.76,West
2021-10-02,Laptop Pro 15,Technology,1.0,1266.82,1266.82,West
2021-10-03,Laptop Pro 15,Technology,2.0,1182.2,2364.4,East
2021-10-03,Conference Room Table,Furniture,1.0,811.91,811.91,South
2021-10-03,Premium Notebook,Office Supplies,1.0,19.42,19.42,South
2021-10-03,Office Chair Pro,Furniture,5.0,278.12,1390.6,East
2021-10-04,Executive Ergonomic Desk,Furniture,4.0,588.48,2353.92,East
2021-10-04,Wireless Headphones,Technology,2.0,132.59,265.18,South
2021-10-04,Executive Ergonomic Desk,Furniture,1.0,578.75,578.75,South
2021-10-04,Running Shoes,Clothing,1.0,95.64,95.64,East
2021-10-04,Coffee Maker,Appliances,2.0,173.09,346.18,North
2021-10-04,Laptop Pro 15,Technology,1.0,1238.24,1238.24,North
2021-10-04,Smartphone Ultra,Technology,3.0,832.19,2496.57,East
2021-10-04,Filing Cabinet,Office Supplies,6.0,155.68,934.08,North
2021-10-04,4K Ultra HD Monitor,Technology,1.0,365.38,365.38,East
2021-10-05,Formal Shirt,Clothing,4.0,44.68,178.72,East
2021-10-05,Winter Jacket,Clothing,3.0,117.12,351.36,North
2021-10-05,Printer Laser X,Office Supplies,1.0,295.84,295.84,South
2021-10-06,4K Ultra HD Monitor,Technology,1.0,363.34,363.34,North
2021-10-06,Filing Cabinet,Office Supplies,3.0,158.96,476.88,South
2021-10-06,Business Backpack,Clothing,3.0,61.4,184.2,East
2021-10-07,Laptop Pro 15,Technology,1.0,1129.33,1129.33,South
2021-10-07,Office Chair Pro,Furniture,2.0,267.35,534.7,North
2021-10-08,Business Backpack,Clothing,1.0,66.26,66.26,North
2021-10-08,Conference Room Table,Furniture,2.0,754.05,1508.1,West
2021-10-09,Filing Cabinet,Office Supplies,2.0,146.39,292.78,East
2021-10-09,Smartphone Ultra,Technology,1.0,831.07,831.07,West
2021-10-10,Executive Ergonomic Desk,Furniture,4.0,519.51,2078.04,West
2021-10-10,4K Ultra HD Monitor,Technology,3.0,344.02,1032.06,East
2021-10-10,Running Shoes,Clothing,1.0,93.34,93.34,West
2021-10-10,Wireless Headphones,Technology,3.0,138.13,414.39,South
2021-10-10,Conference Room Table,Furniture,4.0,857.98,3431.92,West
2021-10-11,Running Shoes,Clothing,5.0,98.74,493.7,South
2021-10-11,Premium Notebook,Office Supplies,1.0,19.19,19.19,North
2021-10-11,Filing Cabinet,Office Supplies,1.0,161.35,161.35,East
2021-10-12,Premium Notebook,Office Supplies,1.0,17.8,17.8,East
2021-10-12,Premium Notebook,Office Supplies,2.0,17.78,35.56,North
2021-10-12,Wireless Headphones,Technology,4.0,143.2,572.8,South
2021-10-12,Winter Jacket,Clothing,1.0,113.39,113.39,East
2021-10-13,Conference Room Table,Furniture,5.0,789.25,3946.25,North
2021-10-13,Running Shoes,Clothing,2.0,95.67,191.34,East
2021-10-13,Filing Cabinet,Office Supplies,2.0,159.54,319.08,North
2021-10-14,Formal Shirt,Clothing,2.0,43.12,86.24,East
2021-10-14,Wireless Headphones,Technology,2.0,133.62,267.24,North
2021-10-14,Office Chair Pro,Furniture,3.0,279.04,837.12,North
2021-10-14,Executive Ergonomic Desk,Furniture,2.0,591.23,1182.46,South
2021-10-14,Wireless Headphones,Technology,2.0,134.43,268.86,East
2021-10-15,Laptop Pro 15,Technology,1.0,1130.66,1130.66,North
2021-10-15,Formal Shirt,Clothing,3.0,45.06,135.18,West
2021-10-16,Laptop Pro 15,Technology,1.0,1282.98,1282.98,South
2021-10-16,Wireless Headphones,Technology,3.0,139.44,418.32,North
2021-10-16,Filing Cabinet,Office Supplies,3.0,145.9,437.7,West
2021-10-16,Laptop Pro 15,Technology,2.0,1148.11,2296.22,North
2021-10-16,Coffee Maker,Appliances,3.0,193.24,579.72,South
2021-10-16,Executive Ergonomic Desk,Furniture,1.0,567.22,567.22,West
2021-10-17,Office Chair Pro,Furniture,1.0,282.67,282.67,North
2021-10-18,Laptop Pro 15,Technology,3.0,1254.43,3763.29,West
2021-10-18,Filing Cabinet,Office Supplies,4.0,154.08,616.32,South
2021-10-19,4K Ultra HD Monitor,Technology,3.0,376.62,1129.86,East
2021-10-20,Premium Notebook,Office Supplies,3.0,17.81,53.43,West
2021-10-20,Premium Notebook,Office Supplies,4.0,17.41,69.64,South
2021-10-21,Filing Cabinet,Office Supplies,3.0,159.62,478.86,South
2021-10-21,Smartphone Ultra,Technology,2.0,845.14,1690.28,West
2021-10-22,Laptop Pro 15,Technology,1.0,1209.35,1209.35,East
2021-10-22,Executive Ergonomic Desk,Furniture,4.0,556.02,2224.08,North
2021-10-22,Premium Notebook,Office Supplies,3.0,17.75,53.25,North
2021-10-22,Wireless Headphones,Technology,2.0,129.51,259.02,South
2021-10-22,Business Backpack,Clothing,3.0,64.21,192.63,West
2021-10-23,Conference Room Table,Furniture,4.0,787.42,3149.68,East
2021-10-23,Premium Notebook,Office Supplies,4.0,16.59,66.36,West
2021-10-23,Winter Jacket,Clothing,4.0,112.15,448.6,North
2021-10-23,Premium Notebook,Office Supplies,2.0,17.21,34.42,North
2021-10-23,Smartphone Ultra,Technology,6.0,907.34,5444.04,East
2021-10-23,Wireless Headphones,Technology,4.0,146.19,584.76,South
2021-10-25,Winter Jacket,Clothing,2.0,112.78,225.56,East
2021-10-26,4K Ultra HD Monitor,Technology,3.0,342.86,1028.58,North
2021-10-26,Running Shoes,Clothing,5.0,88.16,440.8,North
2021-10-27,Laptop Pro 15,Technology,1.0,1153.91,1153.91,West
2021-10-27,Premium Notebook,Office Supplies,2.0,16.93,33.86,West
2021-10-28,Wireless Headphones,Technology,2.0,129.12,258.24,North
2021-10-28,Filing Cabinet,Office Supplies,4.0,153.7,614.8,South
2021-10-29,Formal Shirt,Clothing,2.0,44.9,89.8,North
2021-10-29,Office Chair Pro,Furniture,1.0,267.18,267.18,East
2021-10-29,Premium Notebook,Office Supplies,5.0,18.75,93.75,North
2021-10-29,Running Shoes,Clothing,2.0,96.39,192.78,West
2021-10-29,Wireless Headphones,Technology,2.0,148.3,296.6,South
2021-10-29,Office Chair Pro,Furniture,1.0,294.79,294.79,West
2021-10-30,Running Shoes,Clothing,1.0,94.06,94.06,South
2021-10-30,Winter Jacket,Clothing,2.0,105.84,211.68,East
2021-10-30,Smartphone Ultra,Technology,1.0,862.92,862.92,West
2021-10-30,Conference Room Table,Furniture,1.0,762.02,762.02,North
2021-10-31,Filing Cabinet,Office Supplies,1.0,153.43,153.43,East
2021-11-01,Formal Shirt,Clothing,1.0,47.13,47.13,North
2021-11-01,Office Chair Pro,Furniture,2.0,287.63,575.26,North
2021-11-01,Laptop Pro 15,Technology,2.0,1174.4,2348.8,East
2021-11-01,Conference Room Table,Furniture,1.0,741.65,741.65,South
2021-11-01,Smartphone Ultra,Technology,1.0,868.99,868.99,West
2021-11-01,4K Ultra HD Monitor,Technology,2.0,336.04,672.08,South
2021-11-02,Premium Notebook,Office Supplies,3.0,19.08,57.24,South
2021-11-02,Formal Shirt,Clothing,2.0,44.74,89.48,West
2021-11-03,Formal Shirt,Clothing,2.0,43.31,86.62,West
2021-11-03,Laptop Pro 15,Technology,4.0,1126.48,4505.92,East
2021-11-03,Smartphone Ultra,Technology,2.0,895.63,1791.26,East
2021-11-03,Smartphone Ultra,Technology,2.0,883.81,1767.62,North
2021-11-04,Office Chair Pro,Furniture,2.0,283.83,567.66,South
2021-11-04,4K Ultra HD Monitor,Technology,1.0,384.58,384.58,East
2021-11-04,Executive Ergonomic Desk,Furniture,4.0,556.5,2226.0,North
2021-11-05,Executive Ergonomic Desk,Furniture,4.0,542.55,2170.2,West
2021-11-06,Wireless Headphones,Technology,1.0,149.15,149.15,East
2021-11-06,Office Chair Pro,Furniture,5.0,298.45,1492.25,South
2021-11-07,Laptop Pro 15,Technology,1.0,1221.8,1221.8,West
2021-11-07,Winter Jacket,Clothing,1.0,106.63,106.63,East
2021-11-07,Formal Shirt,Clothing,3.0,46.33,138.99,West
2021-11-07,Smartphone Ultra,Technology,5.0,844.03,4220.15,East
2021-11-07,Printer Laser X,Office Supplies,4.0,320.53,1282.12,South
2021-11-08,Office Chair Pro,Furniture,1.0,281.93,281.93,North
2021-11-08,Printer Laser X,Office Supplies,1.0,311.11,311.11,North
2021-11-08,Conference Room Table,Furniture,4.0,858.64,3434.56,East
2021-11-09,Running Shoes,Clothing,2.0,94.1,188.2,South
2021-11-09,Office Chair Pro,Furniture,1.0,290.03,290.03,North
2021-11-09,Winter Jacket,Clothing,5.0,108.35,541.75,East
2021-11-09,Office Chair Pro,Furniture,3.0,297.67,893.01,North
2021-11-09,Premium Notebook,Office Supplies,4.0,17.14,68.56,North
2021-11-10,4K Ultra HD Monitor,Technology,2.0,367.19,734.38,North
2021-11-10,Premium Notebook,Office Supplies,2.0,19.1,38.2,South
2021-11-10,Smartphone Ultra,Technology,1.0,860.04,860.04,South
2021-11-10,Office Chair Pro,Furniture,1.0,275.46,275.46,North
2021-11-10,Smartphone Ultra,Technology,4.0,806.3,3225.2,East
2021-11-11,Smartphone Ultra,Technology,4.0,795.04,3180.16,West
2021-11-11,Wireless Headphones,Technology,1.0,141.26,141.26,South
2021-11-11,Running Shoes,Clothing,2.0,94.72,189.44,North
2021-11-12,Running Shoes,Clothing,2.0,95.44,190.88,East
2021-11-13,Premium Notebook,Office Supplies,1.0,18.38,18.38,North
2021-11-13,Smartphone Ultra,Technology,2.0,842.97,1685.94,South
2021-11-14,Business Backpack,Clothing,3.0,61.84,185.52,North
2021-11-14,Wireless Headphones,Technology,1.0,137.79,137.79,North
2021-11-14,Filing Cabinet,Office Supplies,3.0,157.51,472.53,East
2021-11-14,Formal Shirt,Clothing,1.0,48.23,48.23,East
2021-11-14,4K Ultra HD Monitor,Technology,1.0,339.02,339.02,East
2021-11-14,Premium Notebook,Office Supplies,3.0,18.74,56.22,South
2021-11-15,Conference Room Table,Furniture,3.0,791.31,2373.93,North
2021-11-16,Winter Jacket,Clothing,1.0,107.97,107.97,South
2021-11-16,Business Backpack,Clothing,1.0,63.53,63.53,North
2021-11-16,4K Ultra HD Monitor,Technology,1.0,380.47,380.47,West
2021-11-17,Wireless Headphones,Technology,2.0,148.41,296.82,South
2021-11-17,Smartphone Ultra,Technology,2.0,826.25,1652.5,North
2021-11-17,Wireless Headphones,Technology,3.0,147.09,441.27,East
2021-11-17,Conference Room Table,Furniture,1.0,807.41,807.41,North
2021-11-18,Smartphone Ultra,Technology,1.0,861.8,861.8,East
2021-11-18,Laptop Pro 15,Technology,1.0,1120.08,1120.08,East
2021-11-18,Printer Laser X,Office Supplies,3.0,307.58,922.74,North
2021-11-19,Winter Jacket,Clothing,2.0,104.38,208.76,East
2021-11-20,Conference Room Table,Furniture,6.0,854.93,5129.58,West
2021-11-20,Laptop Pro 15,Technology,1.0,1176.01,1176.01,North
2021-11-20,Premium Notebook,Office Supplies,1.0,18.91,18.91,South
2021-11-20,Premium Notebook,Office Supplies,7.0,17.88,125.16,West
2021-11-21,Printer Laser X,Office Supplies,4.0,305.85,1223.4,North
2021-11-21,Business Backpack,Clothing,4.0,68.96,275.84,South
2021-11-22,Wireless Headphones,Technology,3.0,133.63,400.89,South
2021-11-22,Premium Notebook,Office Supplies,1.0,17.49,17.49,West
2021-11-23,Formal Shirt,Clothing,3.0,47.83,143.49,South
2021-11-23,Smartphone Ultra,Technology,3.0,792.91,2378.73,West
2021-11-23,Printer Laser X,Office Supplies,1.0,301.93,301.93,West
2021-11-23,Running Shoes,Clothing,2.0,91.98,183.96,West
2021-11-24,Laptop Pro 15,Technology,3.0,1175.76,3527.28,North
2021-11-24,Winter Jacket,Clothing,1.0,112.68,112.68,North
2021-11-24,Laptop Pro 15,Technology,1.0,1281.01,1281.01,West
2021-11-24,Filing Cabinet,Office Supplies,5.0,143.86,719.3,North
2021-11-25,Business Backpack,Clothing,1.0,63.43,63.43,West
2021-11-25,Laptop Pro 15,Technology,2.0,1123.82,2247.64,East
2021-11-25,Office Chair Pro,Furniture,2.0,272.6,545.2,West
2021-11-25,Printer Laser X,Office Supplies,1.0,298.21,298.21,East
2021-11-26,Wireless Headphones,Technology,1.0,143.1,143.1,West
2021-11-26,4K Ultra HD Monitor,Technology,3.0,334.99,1004.97,North
2021-11-26,Formal Shirt,Clothing,7.0,48.0,336.0,South
2021-11-27,Premium Notebook,Office Supplies,4.0,19.34,77.36,North
2021-11-27,Printer Laser X,Office Supplies,4.0,306.28,1225.12,East
2021-11-27,Office Chair Pro,Furniture,3.0,282.04,846.12,East
2021-11-27,Wireless Headphones,Technology,1.0,151.04,151.04,South
2021-11-27,Running Shoes,Clothing,5.0,100.36,501.8,South
2021-11-27,4K Ultra HD Monitor,Technology,1.0,374.91,374.91,East
2021-11-28,Executive Ergonomic Desk,Furniture,3.0,535.21,1605.63,North
2021-11-28,Filing Cabinet,Office Supplies,3.0,138.51,415.53,West
2021-11-29,Executive Ergonomic Desk,Furniture,2.0,580.18,1160.36,West
2021-11-29,Filing Cabinet,Office Supplies,3.0,139.94,419.82,East
2021-11-30,Formal Shirt,Clothing,3.0,43.5,130.5,West
2021-11-30,4K Ultra HD Monitor,Technology,1.0,339.08,339.08,East
2021-11-30,4K Ultra HD Monitor,Technology,2.0,343.89,687.78,North
2021-11-30,Laptop Pro 15,Technology,1.0,1122.35,1122.35,North
2021-12-01,Business Backpack,Clothing,2.0,67.9,135.8,North
2021-12-01,Conference Room Table,Furniture,4.0,779.18,3116.72,West
2021-12-01,Premium Notebook,Office Supplies,1.0,19.29,19.29,East
2021-12-01,Running Shoes,Clothing,1.0,100.79,100.79,North
2021-12-02,Filing Cabinet,Office Supplies,4.0,140.24,560.96,North
2021-12-02,Wireless Headphones,Technology,4.0,131.22,524.88,South
2021-12-02,Formal Shirt,Clothing,1.0,47.26,47.26,South
2021-12-02,Coffee Maker,Appliances,1.0,178.18,178.18,West
2021-12-02,Business Backpack,Clothing,3.0,68.35,205.05,North
2021-12-02,Printer Laser X,Office Supplies,3.0,341.26,1023.78,South
2021-12-03,Laptop Pro 15,Technology,3.0,1198.7,3596.1,South
2021-12-03,Office Chair Pro,Furniture,2.0,265.75,531.5,East
2021-12-03,Premium Notebook,Office Supplies,4.0,17.38,69.52,West
2021-12-03,Office Chair Pro,Furniture,7.0,288.8,2021.6,North
2021-12-04,Executive Ergonomic Desk,Furniture,3.0,571.76,1715.28,South
2021-12-04,Premium Notebook,Office Supplies,2.0,17.59,35.18,West
2021-12-04,Smartphone Ultra,Technology,3.0,868.62,2605.86,West
2021-12-04,Winter Jacket,Clothing,3.0,116.7,350.1,East
2021-12-04,Business Backpack,Clothing,4.0,69.93,279.72,South
2021-12-04,Smartphone Ultra,Technology,2.0,869.93,1739.86,North
2021-12-04,Running Shoes,Clothing,2.0,98.73,197.46,East
2021-12-04,Smartphone Ultra,Technology,2.0,871.23,1742.46,East
2021-12-05,Coffee Maker,Appliances,2.0,177.93,355.86,West
2021-12-05,Formal Shirt,Clothing,2.0,41.72,83.44,North
2021-12-05,Running Shoes,Clothing,3.0,88.21,264.63,East
2021-12-05,Printer Laser X,Office Supplies,1.0,342.27,342.27,East
2021-12-05,Office Chair Pro,Furniture,2.0,299.09,598.18,North
2021-12-06,Smartphone Ultra,Technology,2.0,850.11,1700.22,South
2021-12-06,Formal Shirt,Clothing,3.0,47.26,141.78,South
2021-12-06,Wireless Headphones,Technology,4.0,133.39,533.56,South
2021-12-07,Executive Ergonomic Desk,Furniture,3.0,556.18,1668.54,East
2021-12-07,Printer Laser X,Office Supplies,3.0,308.1,924.3,West
2021-12-07,Filing Cabinet,Office Supplies,4.0,153.78,615.12,North
2021-12-07,Executive Ergonomic Desk,Furniture,2.0,531.02,1062.04,South
2021-12-08,Running Shoes,Clothing,4.0,90.54,362.16,South
2021-12-08,Premium Notebook,Technology,4.0,18.28,73.12,West
2021-12-08,Laptop Pro 15,Technology,1.0,1241.62,1241.62,North
2021-12-08,Winter Jacket,Clothing,3.0,110.26,330.78,East
2021-12-08,Formal Shirt,Clothing,1.0,44.16,44.16,North
2021-12-09,Wireless Headphones,Technology,3.0,134.14,402.42,South
2021-12-09,Winter Jacket,Clothing,1.0,109.39,109.39,North
2021-12-09,Smartphone Ultra,Technology,1.0,855.51,855.51,West
2021-12-10,Business Backpack,Clothing,4.0,63.7,254.8,West
2021-12-10,Office Chair Pro,Furniture,3.0,295.68,887.04,North
2021-12-11,Business Backpack,Clothing,1.0,69.35,69.35,West
2021-12-11,Premium Notebook,Office Supplies,2.0,16.86,33.72,East
2021-12-11,Winter Jacket,Clothing,4.0,106.08,424.32,East
2021-12-12,Office Chair Pro,Furniture,8.0,295.33,2362.64,West
2021-12-12,Conference Room Table,Furniture,1.0,771.94,771.94,South
2021-12-12,Laptop Pro 15,Technology,1.0,1272.83,1272.83,North
2021-12-13,Filing Cabinet,Office Supplies,4.0,154.02,616.08,East
2021-12-13,Business Backpack,Clothing,2.0,59.87,119.74,South
2021-12-14,Filing Cabinet,Office Supplies,2.0,144.53,289.06,North
2021-12-14,Winter Jacket,Clothing,3.0,106.18,318.54,South
2021-12-14,Running Shoes,Clothing,3.0,95.83,287.49,North
2021-12-14,Business Backpack,Clothing,3.0,70.04,210.12,West
2021-12-15,Printer Laser X,Office Supplies,6.0,336.16,2016.96,North
2021-12-15,Business Backpack,Clothing,1.0,69.0,69.0,North
2021-12-15,Filing Cabinet,Office Supplies,2.0,160.65,321.3,South
2021-12-15,Office Chair Pro,Furniture,3.0,280.91,842.73,South
2021-12-16,Business Backpack,Clothing,2.0,64.1,128.2,East
2021-12-16,Formal Shirt,Clothing,5.0,45.52,227.6,East
2021-12-16,Smartphone Ultra,Technology,5.0,782.03,3910.15,East
2021-12-16,Office Chair Pro,Furniture,3.0,264.98,794.94,East
2021-12-17,Executive Ergonomic Desk,Furniture,4.0,577.22,2308.88,West
2021-12-17,4K Ultra HD Monitor,Technology,2.0,340.98,681.96,East
2021-12-19,Conference Room Table,Furniture,1.0,836.16,836.16,North
2021-12-19,Smartphone Ultra,Technology,1.0,878.36,878.36,South
2021-12-19,Smartphone Ultra,Technology,4.0,916.06,3664.24,West
2021-12-19,Smartphone Ultra,Technology,1.0,823.08,823.08,South
2021-12-20,Filing Cabinet,Office Supplies,1.0,154.33,154.33,North
2021-12-20,Printer Laser X,Office Supplies,2.0,317.27,634.54,South
2021-12-20,Executive Ergonomic Desk,Furniture,4.0,591.08,2364.32,East
2021-12-22,Office Chair Pro,Furniture,5.0,289.1,1445.5,West
2021-12-22,Executive Ergonomic Desk,Furniture,3.0,566.41,1699.23,East
2021-12-22,Filing Cabinet,Office Supplies,1.0,141.05,141.05,South
2021-12-22,Running Shoes,Clothing,1.0,94.99,94.99,East
2021-12-22,Printer Laser X,Office Supplies,3.0,310.34,931.02,North
2021-12-23,4K Ultra HD Monitor,Technology,1.0,380.48,380.48,North
2021-12-23,Formal Shirt,Clothing,2.0,43.77,87.54,North
2021-12-24,Filing Cabinet,Office Supplies,3.0,146.13,438.39,North
2021-12-24,Executive Ergonomic Desk,Furniture,4.0,541.35,2165.4,East
2021-12-25,Office Chair Pro,Furniture,1.0,257.98,257.98,North
2021-12-26,Premium Notebook,Office Supplies,1.0,17.47,17.47,South
2021-12-26,Coffee Maker,Appliances,3.0,188.96,566.88,North
2021-12-26,Wireless Headphones,Technology,2.0,149.5,299.0,West
2021-12-26,Laptop Pro 15,Technology,2.0,1230.94,2461.88,East
2021-12-26,Office Chair Pro,Furniture,4.0,262.13,1048.52,South
2021-12-27,Executive Ergonomic Desk,Furniture,2.0,528.98,1057.96,West
2021-12-27,4K Ultra HD Monitor,Technology,4.0,338.1,1352.4,South
2021-12-27,Winter Jacket,Clothing,3.0,118.24,354.72,West
2021-12-27,Printer Laser X,Office Supplies,3.0,321.56,964.68,East
2021-12-28,Coffee Maker,Appliances,3.0,170.75,512.25,West
2021-12-28,Office Chair Pro,Furniture,2.0,264.61,529.22,South
2021-12-28,Filing Cabinet,Office Supplies,1.0,150.04,150.04,North
2021-12-28,Business Backpack,Clothing,2.0,63.19,126.38,North
2021-12-29,Running Shoes,Clothing,3.0,91.69,275.07,North
2021-12-29,Laptop Pro 15,Technology,3.0,1143.15,3429.45,North
2021-12-29,Smartphone Ultra,Technology,4.0,788.23,3152.92,West
2021-12-29,4K Ultra HD Monitor,Technology,2.0,351.95,703.9,North
2021-12-29,4K Ultra HD Monitor,Technology,1.0,368.5,368.5,South
2021-12-29,Office Chair Pro,Furniture,4.0,263.26,1053.04,South
2021-12-29,Smartphone Ultra,Technology,3.0,813.87,2441.61,South
2021-12-30,Formal Shirt,Clothing,5.0,43.2,216.0,South
2021-12-30,Wireless Headphones,Technology,2.0,142.12,284.24,South
2021-12-30,Running Shoes,Clothing,3.0,88.97,266.91,South
2021-12-30,Running Shoes,Clothing,4.0,99.44,397.76,North
2021-12-31,Formal Shirt,Clothing,2.0,43.32,86.64,North
2021-12-31,4K Ultra HD Monitor,Technology,2.0,359.83,719.66,South
2021-12-31,Running Shoes,Clothing,3.0,87.42,262.26,West
2021-12-31,4K Ultra HD Monitor,Technology,4.0,354.74,1418.96,North
2021-12-31,Smartphone Ultra,Technology,1.0,900.99,900.99,East
2021-12-31,Wireless Headphones,Technology,4.0,147.39,589.56,East
2022-01-01,Office Chair Pro,Furniture,2.0,266.13,532.26,North
2022-01-01,Running Shoes,Clothing,1.0,92.05,92.05,North
2022-01-01,Executive Ergonomic Desk,Furniture,1.0,550.92,550.92,North
2022-01-01,Formal Shirt,Clothing,2.0,43.63,87.26,South
2022-01-02,Business Backpack,Clothing,1.0,68.32,68.32,North
2022-01-02,Printer Laser X,Office Supplies,1.0,333.28,333.28,West
2022-01-03,Winter Jacket,Clothing,3.0,101.53,304.59,North
2022-01-04,4K Ultra HD Monitor,Technology,3.0,369.08,1107.24,North
2022-01-04,Office Chair Pro,Furniture,4.0,291.75,1167.0,South
2022-01-04,Filing Cabinet,Office Supplies,3.0,150.79,452.37,North
2022-01-05,Printer Laser X,Office Supplies,3.0,323.1,969.3,West
2022-01-05,4K Ultra HD Monitor,Technology,2.0,368.35,736.7,North
2022-01-05,Smartphone Ultra,Technology,4.0,821.33,3285.32,North
2022-01-06,Conference Room Table,Furniture,3.0,856.06,2568.18,North
2022-01-06,Running Shoes,Clothing,1.0,98.72,98.72,West
2022-01-06,Business Backpack,Clothing,4.0,68.54,274.16,West
2022-01-07,4K Ultra HD Monitor,Technology,3.0,340.59,1021.77,South
2022-01-08,Winter Jacket,Clothing,1.0,113.72,113.72,East
2022-01-08,Smartphone Ultra,Technology,3.0,860.26,2580.78,North
2022-01-08,Filing Cabinet,Technology,1.0,140.89,140.89,East
2022-01-09,4K Ultra HD Monitor,Technology,2.0,344.07,688.14,East
2022-01-09,Smartphone Ultra,Technology,4.0,826.43,3305.72,South
2022-01-09,Premium Notebook,Office Supplies,2.0,17.71,35.42,East
2022-01-10,Conference Room Table,Furniture,1.0,799.82,799.82,South
2022-01-10,Executive Ergonomic Desk,Furniture,6.0,552.99,3317.94,North
2022-01-10,4K Ultra HD Monitor,Technology,2.0,358.2,716.4,West
2022-01-10,Premium Notebook,Office Supplies,2.0,18.8,37.6,North
2022-01-10,Laptop Pro 15,Technology,3.0,1123.47,3370.41,South
2022-01-10,Premium Notebook,Office Supplies,1.0,19.12,19.12,West
2022-01-11,Wireless Headphones,Technology,5.0,150.83,754.15,North
2022-01-11,Executive Ergonomic Desk,Furniture,2.0,598.43,1196.86,North
2022-01-11,Conference Room Table,Furniture,1.0,826.57,826.57,East
2022-01-12,Executive Ergonomic Desk,Furniture,1.0,590.79,590.79,North
2022-01-12,Smartphone Ultra,Technology,1.0,900.35,900.35,East
2022-01-13,Conference Room Table,Furniture,2.0,838.59,1677.18,North
2022-01-13,Coffee Maker,Appliances,1.0,176.87,176.87,South
2022-01-13,4K Ultra HD Monitor,Technology,2.0,367.36,734.72,South
2022-01-14,Premium Notebook,Office Supplies,1.0,18.48,18.48,East
2022-01-14,Premium Notebook,Office Supplies,1.0,17.68,17.68,East
2022-01-14,Formal Shirt,Clothing,6.0,44.17,265.02,South
2022-01-15,Laptop Pro 15,Technology,1.0,1272.58,1272.58,East
2022-01-15,Formal Shirt,Clothing,3.0,47.3,141.9,North
2022-01-15,Office Chair Pro,Furniture,2.0,299.9,599.8,North
2022-01-16,Conference Room Table,Furniture,4.0,748.37,2993.48,West
2022-01-16,Formal Shirt,Clothing,3.0,46.76,140.28,North
2022-01-16,Coffee Maker,Appliances,9.0,186.55,1678.95,North
2022-01-16,Smartphone Ultra,Technology,1.0,814.62,814.62,North
2022-01-17,Smartphone Ultra,Technology,2.0,914.7,1829.4,South
2022-01-17,Premium Notebook,Office Supplies,1.0,19.37,19.37,West
2022-01-18,Coffee Maker,Appliances,2.0,173.52,347.04,North
2022-01-18,Laptop Pro 15,Technology,1.0,1271.76,1271.76,West
2022-01-18,Business Backpack,Clothing,2.0,60.1,120.2,West
2022-01-18,Laptop Pro 15,Technology,1.0,1200.97,1200.97,North
2022-01-18,Business Backpack,Clothing,2.0,63.98,127.96,North
2022-01-18,Coffee Maker,Appliances,1.0,189.25,189.25,East
2022-01-19,Laptop Pro 15,Technology,2.0,1269.26,2538.52,East
2022-01-19,4K Ultra HD Monitor,Technology,4.0,379.58,1518.32,South
2022-01-19,Smartphone Ultra,Technology,4.0,837.7,3350.8,South
2022-01-19,Office Chair Pro,Furniture,3.0,271.05,813.15,East
2022-01-19,Smartphone Ultra,Technology,3.0,798.25,2394.75,South
2022-01-20,Executive Ergonomic Desk,Furniture,2.0,575.55,1151.1,South
2022-01-20,Printer Laser X,Office Supplies,4.0,334.78,1339.12,South
2022-01-21,Smartphone Ultra,Technology,1.0,909.24,909.24,North
2022-01-21,Premium Notebook,Office Supplies,4.0,19.0,76.0,West
2022-01-21,Premium Notebook,Office Supplies,1.0,18.56,18.56,North
2022-01-21,Wireless Headphones,Technology,3.0,130.88,392.64,West
2022-01-21,Winter Jacket,Clothing,4.0,109.11,436.44,West
2022-01-21,Filing Cabinet,Office Supplies,4.0,158.27,633.08,East
2022-01-22,Smartphone Ultra,Technology,4.0,858.83,3435.32,East
2022-01-22,Laptop Pro 15,Technology,3.0,1250.35,3751.05,North
2022-01-22,4K Ultra HD Monitor,Technology,1.0,372.76,372.76,North
2022-01-22,Filing Cabinet,Office Supplies,4.0,139.32,557.28,South
2022-01-22,Premium Notebook,Office Supplies,3.0,18.7,56.1,South
2022-01-22,Smartphone Ultra,Technology,1.0,877.72,877.72,North
2022-01-22,Executive Ergonomic Desk,Furniture,1.0,567.48,567.48,North
2022-01-22,Premium Notebook,Office Supplies,3.0,17.31,51.93,South
2022-01-23,Running Shoes,Clothing,1.0,100.6,100.6,East
2022-01-23,Coffee Maker,Appliances,1.0,173.21,173.21,North
2022-01-23,Conference Room Table,Furniture,1.0,855.95,855.95,East
2022-01-24,Business Backpack,Clothing,2.0,61.07,122.14,East
2022-01-24,Winter Jacket,Clothing,2.0,106.87,213.74,East
2022-01-25,Running Shoes,Clothing,1.0,92.94,92.94,East
2022-01-25,Premium Notebook,Office Supplies,6.0,19.22,115.32,North
2022-01-25,Smartphone Ultra,Technology,5.0,875.62,4378.1,North
2022-01-25,Formal Shirt,Clothing,2.0,48.56,97.12,East
2022-01-25,Business Backpack,Clothing,2.0,62.05,124.1,East
2022-01-26,Filing Cabinet,Office Supplies,1.0,156.62,156.62,South
2022-01-26,Winter Jacket,Clothing,1.0,105.84,105.84,North
2022-01-26,Conference Room Table,Furniture,1.0,781.52,781.52,South
2022-01-26,Running Shoes,Clothing,4.0,96.87,387.48,South
2022-01-26,Printer Laser X,Office Supplies,4.0,330.75,1323.0,East
2022-01-27,Laptop Pro 15,Technology,1.0,1248.67,1248.67,South
2022-01-27,Laptop Pro 15,Technology,2.0,1291.26,2582.52,South
2022-01-28,Executive Ergonomic Desk,Furniture,2.0,539.18,1078.36,North
2022-01-28,Filing Cabinet,Office Supplies,1.0,161.21,161.21,North
2022-01-28,Wireless Headphones,Technology,1.0,129.73,129.73,East
2022-01-28,Business Backpack,Clothing,3.0,62.27,186.81,East
2022-01-28,Business Backpack,Clothing,3.0,66.12,198.36,South
2022-01-30,Executive Ergonomic Desk,Furniture,3.0,522.17,1566.51,North
2022-01-30,Running Shoes,Clothing,1.0,89.2,89.2,South
2022-01-30,Running Shoes,Clothing,1.0,97.59,97.59,North
2022-01-30,Formal Shirt,Technology,1.0,44.34,44.34,East
2022-01-30,Printer Laser X,Office Supplies,2.0,338.72,677.44,North
2022-01-31,Conference Room Table,Furniture,1.0,780.39,780.39,East
2022-01-31,Filing Cabinet,Office Supplies,2.0,152.41,304.82,North
2022-01-31,Executive Ergonomic Desk,Furniture,2.0,590.42,1180.84,South
2022-01-31,Filing Cabinet,Office Supplies,1.0,140.15,140.15,East
2022-01-31,Smartphone Ultra,Technology,3.0,879.81,2639.43,East
2022-02-01,Smartphone Ultra,Technology,3.0,908.44,2725.32,East
2022-02-01,Wireless Headphones,Technology,4.0,151.16,604.64,North
2022-02-01,Premium Notebook,Office Supplies,3.0,19.12,57.36,East
2022-02-01,Smartphone Ultra,Technology,3.0,848.21,2544.63,East
2022-02-01,Filing Cabinet,Office Supplies,3.0,145.97,437.91,North
2022-02-01,Running Shoes,Clothing,2.0,87.42,174.84,East
2022-02-01,Executive Ergonomic Desk,Furniture,2.0,565.11,1130.22,West
2022-02-02,Premium Notebook,Office Supplies,3.0,19.09,57.27,North
2022-02-02,Laptop Pro 15,Technology,1.0,1261.76,1261.76,North
2022-02-02,Office Chair Pro,Furniture,4.0,299.58,1198.32,North
2022-02-02,Premium Notebook,Office Supplies,4.0,17.3,69.2,North
2022-02-02,Winter Jacket,Clothing,3.0,115.84,347.52,East
2022-02-03,Premium Notebook,Office Supplies,1.0,18.78,18.78,East
2022-02-03,Running Shoes,Clothing,2.0,96.96,193.92,North
2022-02-03,Conference Room Table,Furniture,4.0,825.6,3302.4,West
2022-02-03,Running Shoes,Clothing,5.0,98.55,492.75,South
2022-02-03,Business Backpack,Clothing,1.0,60.37,60.37,West
2022-02-03,Premium Notebook,Office Supplies,2.0,18.0,36.0,East
2022-02-04,Business Backpack,Clothing,1.0,64.67,64.67,South
2022-02-04,Running Shoes,Clothing,1.0,88.31,88.31,East
2022-02-05,Conference Room Table,Furniture,2.0,817.46,1634.92,East
2022-02-05,Smartphone Ultra,Technology,3.0,790.0,2370.0,East
2022-02-05,Smartphone Ultra,Technology,3.0,900.96,2702.88,East
2022-02-05,Office Chair Pro,Furniture,1.0,296.23,296.23,North
2022-02-05,Premium Notebook,Office Supplies,4.0,17.23,68.92,North
2022-02-05,Office Chair Pro,Furniture,1.0,297.84,297.84,East
2022-02-05,Premium Notebook,Office Supplies,4.0,17.61,70.44,North
2022-02-05,Business Backpack,Clothing,4.0,63.47,253.88,East
2022-02-05,Business Backpack,Clothing,1.0,62.98,62.98,South
2022-02-06,Winter Jacket,Clothing,3.0,116.72,350.16,South
2022-02-06,Office Chair Pro,Furniture,3.0,281.07,843.21,South
2022-02-06,Winter Jacket,Clothing,2.0,114.19,228.38,North
2022-02-07,Printer Laser X,Office Supplies,2.0,297.97,595.94,West
2022-02-07,Executive Ergonomic Desk,Furniture,4.0,541.27,2165.08,South
2022-02-07,Laptop Pro 15,Technology,2.0,1195.54,2391.08,North
2022-02-08,Formal Shirt,Clothing,1.0,47.01,47.01,North
2022-02-08,Premium Notebook,Office Supplies,1.0,18.97,18.97,North
2022-02-08,Running Shoes,Clothing,4.0,89.02,356.08,West
2022-02-08,Wireless Headphones,Technology,2.0,141.1,282.2,East
2022-02-08,4K Ultra HD Monitor,Technology,3.0,349.91,1049.73,South
2022-02-09,Office Chair Pro,Furniture,1.0,286.43,286.43,East
2022-02-09,4K Ultra HD Monitor,Technology,2.0,384.21,768.42,North
2022-02-09,Conference Room Table,Furniture,1.0,778.56,778.56,South
2022-02-09,Business Backpack,Clothing,1.0,65.54,65.54,West
2022-02-10,Printer Laser X,Office Supplies,3.0,330.76,992.28,West
2022-02-10,Executive Ergonomic Desk,Furniture,1.0,555.8,555.8,South
2022-02-10,Filing Cabinet,Office Supplies,1.0,138.0,138.0,North
2022-02-10,Business Backpack,Clothing,1.0,68.37,68.37,North
2022-02-10,Executive Ergonomic Desk,Furniture,3.0,520.36,1561.08,West
2022-02-10,Filing Cabinet,Office Supplies,2.0,141.56,707.8,East
2022-02-10,Filing Cabinet,Office Supplies,2.0,153.65,307.3,West
2022-02-11,Smartphone Ultra,Technology,2.0,796.37,1592.74,East
2022-02-11,Conference Room Table,Furniture,1.0,795.98,795.98,East
2022-02-11,Laptop Pro 15,Technology,3.0,1119.52,3358.56,West
2022-02-11,4K Ultra HD Monitor,Technology,1.0,371.86,371.86,South
2022-02-11,Printer Laser X,Office Supplies,3.0,339.14,1017.42,North
2022-02-12,Winter Jacket,Clothing,1.0,118.17,118.17,North
2022-02-12,Premium Notebook,Office Supplies,1.0,16.88,16.88,North
2022-02-12,Printer Laser X,Office Supplies,2.0,313.28,626.56,East
2022-02-13,Office Chair Pro,Furniture,4.0,260.53,1042.12,South
2022-02-14,Smartphone Ultra,Technology,1.0,915.87,915.87,South
2022-02-16,Wireless Headphones,Technology,2.0,142.35,284.7,South
2022-02-16,Executive Ergonomic Desk,Furniture,1.0,600.19,600.19,West
2022-02-16,Office Chair Pro,Furniture,3.0,285.65,856.95,West
2022-02-16,Formal Shirt,Clothing,2.0,48.07,96.14,East
2022-02-17,Premium Notebook,Office Supplies,2.0,19.07,38.14,North
2022-02-17,Wireless Headphones,Technology,2.0,136.71,273.42,West
2022-02-17,Printer Laser X,Office Supplies,6.0,345.37,2072.22,North
2022-02-18,Business Backpack,Clothing,1.0,61.54,61.54,South
2022-02-18,Printer Laser X,Office Supplies,1.0,297.99,297.99,East
2022-02-18,Laptop Pro 15,Technology,1.0,1174.13,1174.13,North
2022-02-18,Formal Shirt,Clothing,1.0,48.54,48.54,South
2022-02-18,Office Chair Pro,Furniture,2.0,282.93,565.86,East
2022-02-18,Wireless Headphones,Technology,1.0,149.67,149.67,East
2022-02-18,Filing Cabinet,Technology,1.0,149.71,149.71,West
2022-02-20,Printer Laser X,Office Supplies,1.0,314.67,314.67,West
2022-02-20,Formal Shirt,Clothing,1.0,44.27,44.27,West
2022-02-22,Coffee Maker,Appliances,3.0,191.79,575.37,West
2022-02-22,Formal Shirt,Clothing,2.0,41.99,83.98,West
2022-02-23,Office Chair Pro,Furniture,1.0,292.14,292.14,South
2022-02-23,Business Backpack,Clothing,2.0,64.48,128.96,South
2022-02-23,Formal Shirt,Clothing,3.0,46.58,139.74,West
2022-02-23,Office Chair Pro,Furniture,3.0,287.32,861.96,West
2022-02-24,Filing Cabinet,Office Supplies,3.0,147.06,441.18,North
2022-02-24,Executive Ergonomic Desk,Furniture,2.0,557.59,1115.18,East
2022-02-24,Printer Laser X,Office Supplies,1.0,318.7,318.7,West
2022-02-24,Printer Laser X,Office Supplies,2.0,294.89,589.78,North
2022-02-24,Printer Laser X,Office Supplies,1.0,315.41,315.41,North
2022-02-24,Formal Shirt,Clothing,4.0,46.0,184.0,North
2022-02-24,Wireless Headphones,Technology,1.0,151.06,151.06,South
2022-02-24,Laptop Pro 15,Technology,3.0,1288.13,3864.39,North
2022-02-25,Wireless Headphones,Technology,3.0,147.18,441.54,North
2022-02-25,Laptop Pro 15,Technology,3.0,1164.33,3492.99,East
2022-02-25,Business Backpack,Clothing,1.0,67.0,67.0,North
2022-02-25,4K Ultra HD Monitor,Technology,5.0,378.85,1894.25,West
2022-02-26,Formal Shirt,Clothing,3.0,43.32,129.96,West
2022-02-26,Office Chair Pro,Furniture,2.0,273.68,547.36,South
2022-02-26,Winter Jacket,Clothing,3.0,115.88,347.64,West
2022-02-26,Laptop Pro 15,Technology,2.0,1105.88,2211.76,West
2022-02-26,Wireless Headphones,Technology,1.0,142.74,142.74,South
2022-02-27,4K Ultra HD Monitor,Technology,5.0,349.62,1748.1,North
2022-02-28,Laptop Pro 15,Technology,1.0,1265.87,1265.87,North
2022-03-01,Coffee Maker,Appliances,2.0,186.48,372.96,North
2022-03-01,4K Ultra HD Monitor,Technology,3.0,353.28,1059.84,West
2022-03-01,Coffee Maker,Appliances,2.0,187.68,375.36,West
2022-03-01,Laptop Pro 15,Technology,1.0,1279.7,1279.7,South
2022-03-01,Filing Cabinet,Office Supplies,5.0,149.45,747.25,East
2022-03-01,Premium Notebook,Office Supplies,4.0,17.3,69.2,North
2022-03-01,Winter Jacket,Clothing,2.0,106.76,213.52,West
2022-03-02,Premium Notebook,Office Supplies,1.0,17.74,17.74,East
2022-03-03,Executive Ergonomic Desk,Furniture,6.0,542.81,3256.86,South
2022-03-03,Smartphone Ultra,Technology,3.0,813.84,2441.52,West
2022-03-03,Smartphone Ultra,Technology,1.0,874.45,874.45,North
2022-03-04,4K Ultra HD Monitor,Technology,3.0,333.24,999.72,West
2022-03-04,Winter Jacket,Clothing,5.0,108.62,543.1,North
2022-03-04,Printer Laser X,Office Supplies,2.0,298.12,596.24,West
2022-03-04,Executive Ergonomic Desk,Furniture,4.0,559.9,2239.6,South
2022-03-05,Smartphone Ultra,Technology,2.0,917.19,1834.38,East
2022-03-05,Formal Shirt,Clothing,1.0,46.29,46.29,East
2022-03-06,Office Chair Pro,Furniture,1.0,288.83,288.83,South
2022-03-06,Business Backpack,Clothing,1.0,69.49,69.49,East
2022-03-07,Business Backpack,Clothing,3.0,65.61,196.83,North
2022-03-07,Filing Cabinet,Office Supplies,2.0,142.68,285.36,North
2022-03-07,Smartphone Ultra,Technology,3.0,831.43,2494.29,North
2022-03-08,Conference Room Table,Furniture,3.0,835.34,2506.02,South
2022-03-08,Smartphone Ultra,Technology,1.0,868.54,868.54,East
2022-03-08,Winter Jacket,Clothing,1.0,102.32,102.32,South
2022-03-08,Coffee Maker,Appliances,1.0,173.44,173.44,West
2022-03-09,Executive Ergonomic Desk,Furniture,2.0,560.45,1120.9,East
2022-03-10,Conference Room Table,Furniture,2.0,741.65,1483.3,North
2022-03-10,Business Backpack,Clothing,2.0,65.14,130.28,South
2022-03-11,Laptop Pro 15,Technology,2.0,1175.4,2350.8,South
2022-03-11,Executive Ergonomic Desk,Furniture,6.0,586.7,3520.2,North
2022-03-11,Premium Notebook,Office Supplies,4.0,18.03,72.12,East
2022-03-11,Office Chair Pro,Furniture,1.0,282.36,282.36,South
2022-03-11,Running Shoes,Clothing,3.0,99.45,298.35,West
2022-03-11,Wireless Headphones,Technology,3.0,130.54,391.62,East
2022-03-12,Printer Laser X,Office Supplies,2.0,322.76,645.52,West
2022-03-12,Laptop Pro 15,Technology,1.0,1118.38,1118.38,South
2022-03-12,Running Shoes,Clothing,3.0,90.45,271.35,East
2022-03-13,4K Ultra HD Monitor,Technology,2.0,380.97,761.94,East
2022-03-14,Winter Jacket,Clothing,1.0,111.41,111.41,East
2022-03-14,Conference Room Table,Furniture,3.0,777.24,2331.72,North
2022-03-14,Wireless Headphones,Technology,3.0,129.06,387.18,South
2022-03-15,Laptop Pro 15,Technology,2.0,1124.7,2249.4,North
2022-03-16,Wireless Headphones,Technology,1.0,142.89,142.89,North
2022-03-17,Premium Notebook,Office Supplies,1.0,16.87,16.87,East
2022-03-17,Running Shoes,Clothing,2.0,97.4,194.8,North
2022-03-18,Filing Cabinet,Office Supplies,2.0,155.61,311.22,West
2022-03-18,Filing Cabinet,Office Supplies,3.0,147.98,443.94,West
2022-03-18,Business Backpack,Clothing,2.0,67.33,134.66,North
2022-03-18,Executive Ergonomic Desk,Furniture,4.0,554.41,2217.64,West
2022-03-18,Running Shoes,Clothing,3.0,89.19,267.57,West
2022-03-19,Conference Room Table,Furniture,2.0,848.89,1697.78,West
2022-03-19,Executive Ergonomic Desk,Furniture,1.0,566.88,566.88,West
2022-03-19,Smartphone Ultra,Technology,5.0,881.74,4408.7,West
2022-03-19,Filing Cabinet,Office Supplies,1.0,139.08,139.08,South
2022-03-20,Winter Jacket,Clothing,2.0,109.35,218.7,North
2022-03-20,Formal Shirt,Clothing,1.0,48.16,48.16,South
2022-03-21,Filing Cabinet,Office Supplies,1.0,157.95,157.95,South
2022-03-21,Winter Jacket,Clothing,2.0,104.73,209.46,South
2022-03-21,Premium Notebook,Office Supplies,1.0,18.12,18.12,West
2022-03-21,Laptop Pro 15,Technology,4.0,1200.13,4800.52,West
2022-03-21,Office Chair Pro,Furniture,5.0,289.66,1448.3,South
2022-03-21,Conference Room Table,Furniture,2.0,780.61,1561.22,West
2022-03-21,Smartphone Ultra,Technology,2.0,904.46,1808.92,West
2022-03-22,Running Shoes,Clothing,3.0,96.18,288.54,North
2022-03-22,Premium Notebook,Office Supplies,3.0,17.87,53.61,West
2022-03-22,Wireless Headphones,Technology,1.0,150.98,150.98,East
2022-03-23,Coffee Maker,Technology,1.0,190.49,190.49,East
2022-03-23,Winter Jacket,Clothing,1.0,110.26,110.26,South
2022-03-23,Smartphone Ultra,Technology,2.0,842.69,1685.38,South
2022-03-23,Filing Cabinet,Office Supplies,1.0,148.2,148.2,East
2022-03-24,Wireless Headphones,Technology,5.0,144.06,720.3,West
2022-03-24,Winter Jacket,Clothing,2.0,113.07,226.14,North
2022-03-25,Smartphone Ultra,Technology,1.0,841.46,841.46,East
2022-03-25,Smartphone Ultra,Technology,2.0,869.19,1738.38,North
2022-03-25,Laptop Pro 15,Technology,1.0,1109.84,1109.84,West
2022-03-25,Running Shoes,Clothing,3.0,102.46,307.38,North
2022-03-25,Filing Cabinet,Office Supplies,3.0,159.42,478.26,North
2022-03-26,Business Backpack,Clothing,1.0,67.26,67.26,East
2022-03-26,Laptop Pro 15,Technology,3.0,1123.65,3370.95,South
2022-03-26,Printer Laser X,Office Supplies,2.0,296.41,592.82,East
2022-03-26,Printer Laser X,Office Supplies,3.0,317.43,952.29,North
2022-03-26,Executive Ergonomic Desk,Furniture,3.0,530.16,1590.48,North
2022-03-27,Premium Notebook,Office Supplies,5.0,18.41,92.05,South
2022-03-28,Premium Notebook,Office Supplies,4.0,18.97,75.88,West
2022-03-28,Smartphone Ultra,Technology,2.0,792.2,1584.4,East
2022-03-28,Premium Notebook,Office Supplies,3.0,18.64,55.92,East
2022-03-29,Printer Laser X,Office Supplies,2.0,307.34,614.68,South
2022-03-29,Business Backpack,Clothing,1.0,69.63,69.63,West
2022-03-29,Executive Ergonomic Desk,Furniture,2.0,538.29,1076.58,East
2022-03-29,Laptop Pro 15,Technology,3.0,1180.64,3541.92,North
2022-03-29,Coffee Maker,Appliances,3.0,176.59,529.77,South
2022-03-29,Filing Cabinet,Office Supplies,2.0,141.02,282.04,East
2022-03-30,Conference Room Table,Furniture,1.0,860.84,860.84,West
2022-03-30,4K Ultra HD Monitor,Technology,1.0,354.36,354.36,North
2022-03-30,Office Chair Pro,Furniture,2.0,273.24,546.48,West
2022-03-30,Filing Cabinet,Office Supplies,4.0,152.42,609.68,North
2022-03-31,Wireless Headphones,Technology,5.0,134.66,673.3,West
2022-03-31,Running Shoes,Clothing,2.0,96.67,193.34,West
2022-03-31,Business Backpack,Clothing,1.0,61.94,61.94,West
2022-03-31,Winter Jacket,Clothing,4.0,110.04,440.16,East
2022-03-31,Winter Jacket,Clothing,2.0,102.33,204.66,North
2022-03-31,Premium Notebook,Office Supplies,5.0,16.66,83.3,West
2022-03-31,Running Shoes,Clothing,1.0,98.95,98.95,North
2022-04-01,Winter Jacket,Clothing,4.0,115.34,461.36,North
2022-04-01,Smartphone Ultra,Technology,1.0,869.1,869.1,East
2022-04-01,Premium Notebook,Office Supplies,2.0,17.56,35.12,East
2022-04-01,Winter Jacket,Clothing,1.0,109.75,109.75,North
2022-04-01,Formal Shirt,Clothing,2.0,45.64,91.28,North
2022-04-01,Printer Laser X,Office Supplies,2.0,325.71,651.42,North
2022-04-02,Smartphone Ultra,Technology,6.0,854.95,5129.7,East
2022-04-02,Smartphone Ultra,Technology,2.0,863.12,1726.24,West
2022-04-02,Wireless Headphones,Technology,1.0,131.17,131.17,East
2022-04-02,Conference Room Table,Furniture,3.0,798.78,2396.34,North
2022-04-02,Filing Cabinet,Office Supplies,3.0,154.39,463.17,East
2022-04-02,4K Ultra HD Monitor,Technology,2.0,337.22,674.44,North
2022-04-03,Formal Shirt,Clothing,2.0,43.5,87.0,North
2022-04-03,Filing Cabinet,Office Supplies,2.0,161.39,322.78,West
2022-04-04,Running Shoes,Clothing,2.0,88.45,176.9,South
2022-04-04,Executive Ergonomic Desk,Furniture,1.0,534.52,534.52,East
2022-04-04,Business Backpack,Clothing,5.0,60.72,303.6,East
2022-04-04,Coffee Maker,Appliances,2.0,192.9,385.8,East
2022-04-04,Premium Notebook,Office Supplies,1.0,18.11,18.11,East
2022-04-05,Running Shoes,Clothing,1.0,100.13,100.13,South
2022-04-05,Laptop Pro 15,Technology,3.0,1142.35,3427.05,North
2022-04-05,4K Ultra HD Monitor,Technology,3.0,362.9,1088.7,North
2022-04-05,Coffee Maker,Appliances,1.0,191.94,191.94,North
2022-04-05,Office Chair Pro,Furniture,2.0,258.13,516.26,East
2022-04-05,Business Backpack,Clothing,1.0,68.4,68.4,West
2022-04-06,Conference Room Table,Technology,2.0,745.38,1490.76,North
2022-04-06,Premium Notebook,Office Supplies,1.0,17.03,17.03,North
2022-04-06,Conference Room Table,Furniture,1.0,817.02,817.02,South
2022-04-07,Printer Laser X,Office Supplies,1.0,311.45,311.45,South
2022-04-07,Laptop Pro 15,Technology,8.0,1216.09,9728.72,South
2022-04-08,Laptop Pro 15,Technology,4.0,1261.96,5047.84,East
2022-04-08,4K Ultra HD Monitor,Technology,2.0,342.53,685.06,North
2022-04-09,Laptop Pro 15,Technology,2.0,1114.02,2228.04,North
2022-04-09,Wireless Headphones,Technology,3.0,133.37,400.11,East
2022-04-10,Formal Shirt,Clothing,1.0,45.7,45.7,East
2022-04-10,Business Backpack,Clothing,3.0,62.64,187.92,North
2022-04-10,4K Ultra HD Monitor,Technology,4.0,381.39,1525.56,East
2022-04-10,Filing Cabinet,Office Supplies,1.0,147.47,147.47,West
2022-04-10,4K Ultra HD Monitor,Technology,2.0,355.93,711.86,West
2022-04-11,Premium Notebook,Office Supplies,1.0,18.15,18.15,East
2022-04-12,4K Ultra HD Monitor,Technology,1.0,364.05,364.05,West
2022-04-12,Executive Ergonomic Desk,Furniture,1.0,586.3,586.3,South
2022-04-12,4K Ultra HD Monitor,Technology,1.0,378.79,378.79,West
2022-04-12,Premium Notebook,Office Supplies,2.0,18.42,36.84,West
2022-04-13,Laptop Pro 15,Technology,2.0,1251.18,2502.36,East
2022-04-13,4K Ultra HD Monitor,Technology,2.0,349.96,699.92,North
2022-04-14,Office Chair Pro,Furniture,2.0,295.55,591.1,South
2022-04-15,Wireless Headphones,Technology,1.0,135.58,135.58,South
2022-04-15,Premium Notebook,Office Supplies,5.0,16.71,83.55,West
2022-04-16,4K Ultra HD Monitor,Technology,1.0,367.54,367.54,West
2022-04-16,Office Chair Pro,Furniture,2.0,266.37,532.74,East
2022-04-16,Smartphone Ultra,Technology,3.0,800.03,2400.09,North
2022-04-16,Premium Notebook,Office Supplies,1.0,17.36,17.36,East
2022-04-16,Winter Jacket,Clothing,3.0,102.45,307.35,East
2022-04-16,Premium Notebook,Office Supplies,4.0,17.4,69.6,South
2022-04-16,Premium Notebook,Office Supplies,1.0,19.39,19.39,South
2022-04-16,4K Ultra HD Monitor,Technology,2.0,334.58,669.16,North
2022-04-18,Printer Laser X,Office Supplies,1.0,296.97,296.97,North
2022-04-18,Office Chair Pro,Furniture,3.0,285.57,856.71,West
2022-04-19,Smartphone Ultra,Technology,3.0,864.6,2593.8,North
2022-04-19,Conference Room Table,Furniture,3.0,786.3,2358.9,West
2022-04-19,Laptop Pro 15,Technology,1.0,1214.78,1214.78,North
2022-04-20,Conference Room Table,Furniture,1.0,843.97,843.97,North
2022-04-20,Conference Room Table,Furniture,3.0,821.43,2464.29,West
2022-04-20,Running Shoes,Clothing,1.0,99.35,99.35,South
2022-04-21,Conference Room Table,Furniture,1.0,776.31,776.31,East
2022-04-21,Smartphone Ultra,Technology,1.0,824.6,824.6,North
2022-04-21,4K Ultra HD Monitor,Technology,3.0,353.46,1060.38,North
2022-04-21,Conference Room Table,Furniture,2.0,772.08,1544.16,West
2022-04-21,4K Ultra HD Monitor,Technology,3.0,342.26,1026.78,South
2022-04-21,Conference Room Table,Furniture,2.0,857.15,1714.3,North
2022-04-21,Printer Laser X,Office Supplies,3.0,344.7,1034.1,North
2022-04-22,Formal Shirt,Clothing,3.0,43.8,131.4,South
2022-04-22,Premium Notebook,Office Supplies,2.0,18.47,36.94,South
2022-04-22,Laptop Pro 15,Technology,1.0,1238.12,1238.12,North
2022-04-22,Laptop Pro 15,Technology,4.0,1228.02,4912.08,West
2022-04-23,Filing Cabinet,Office Supplies,1.0,155.49,155.49,East
2022-04-23,Formal Shirt,Clothing,4.0,46.59,186.36,North
2022-04-23,Office Chair Pro,Furniture,2.0,268.05,536.1,East
2022-04-25,Premium Notebook,Office Supplies,2.0,17.52,35.04,South
2022-04-25,Conference Room Table,Furniture,1.0,859.36,859.36,East
2022-04-25,Filing Cabinet,Office Supplies,2.0,145.54,291.08,South
2022-04-26,4K Ultra HD Monitor,Technology,2.0,380.14,760.28,West
2022-04-26,Office Chair Pro,Furniture,3.0,279.83,839.49,West
2022-04-26,Executive Ergonomic Desk,Furniture,1.0,569.35,569.35,East
2022-04-26,Smartphone Ultra,Technology,2.0,886.22,1772.44,North
2022-04-27,Smartphone Ultra,Technology,1.0,794.86,794.86,South
2022-04-27,Wireless Headphones,Technology,4.0,151.18,604.72,East
2022-04-27,Business Backpack,Clothing,5.0,63.11,315.55,East
2022-04-28,Smartphone Ultra,Technology,3.0,886.88,2660.64,North
2022-04-28,Winter Jacket,Clothing,1.0,111.45,111.45,West
2022-04-28,Smartphone Ultra,Technology,1.0,896.66,896.66,North
2022-04-28,Wireless Headphones,Technology,2.0,142.85,285.7,North
2022-04-28,Office Chair Pro,Furniture,3.0,267.87,803.61,East
2022-04-29,Wireless Headphones,Technology,5.0,134.64,673.2,West
2022-04-29,Premium Notebook,Office Supplies,2.0,19.2,38.4,North
2022-04-30,Office Chair Pro,Furniture,3.0,294.24,882.72,East
2022-04-30,Smartphone Ultra,Technology,3.0,788.25,2364.75,South
2022-04-30,Executive Ergonomic Desk,Furniture,4.0,577.43,2309.72,North
2022-04-30,Printer Laser X,Office Supplies,2.0,334.95,669.9,South
2022-04-30,Smartphone Ultra,Technology,1.0,877.17,877.17,East
2022-04-30,Premium Notebook,Office Supplies,2.0,18.8,37.6,North
2022-04-30,Coffee Maker,Appliances,5.0,188.62,943.1,South
2022-04-30,Premium Notebook,Office Supplies,2.0,19.28,38.56,North
2022-04-30,Business Backpack,Clothing,2.0,63.79,127.58,North
2022-05-01,Coffee Maker,Appliances,1.0,171.05,171.05,East
2022-05-01,Laptop Pro 15,Technology,3.0,1287.89,3863.67,North
2022-05-01,Filing Cabinet,Office Supplies,1.0,152.38,152.38,East
2022-05-03,Conference Room Table,Furniture,2.0,773.34,1546.68,North
2022-05-03,Office Chair Pro,Furniture,3.0,264.22,792.66,North
2022-05-03,Conference Room Table,Furniture,2.0,792.34,1584.68,East
2022-05-03,Conference Room Table,Furniture,1.0,855.97,855.97,East
2022-05-03,4K Ultra HD Monitor,Technology,1.0,384.57,384.57,North
2022-05-03,Smartphone Ultra,Technology,1.0,897.71,897.71,North
2022-05-04,Premium Notebook,Office Supplies,1.0,17.21,17.21,West
2022-05-04,Coffee Maker,Appliances,1.0,180.35,180.35,North
2022-05-04,Filing Cabinet,Office Supplies,1.0,148.9,148.9,West
2022-05-04,Conference Room Table,Furniture,3.0,756.71,2270.13,South
2022-05-04,Running Shoes,Clothing,3.0,96.65,289.95,South
2022-05-04,Executive Ergonomic Desk,Furniture,1.0,533.94,533.94,West
2022-05-05,Filing Cabinet,Technology,4.0,142.88,571.52,South
2022-05-05,Business Backpack,Clothing,3.0,70.06,210.18,South
2022-05-05,Smartphone Ultra,Technology,4.0,914.53,3658.12,North
2022-05-05,Laptop Pro 15,Technology,2.0,1207.89,3623.67,South
2022-05-05,Premium Notebook,Office Supplies,2.0,17.38,34.76,South
2022-05-05,Executive Ergonomic Desk,Furniture,1.0,559.16,559.16,West
2022-05-06,Winter Jacket,Clothing,7.0,110.1,770.7,West
2022-05-06,Premium Notebook,Technology,4.0,17.17,68.68,South
2022-05-07,Filing Cabinet,Office Supplies,1.0,155.26,155.26,North
2022-05-07,Laptop Pro 15,Technology,2.0,1225.99,2451.98,West
2022-05-07,Smartphone Ultra,Technology,5.0,793.15,3965.75,South
2022-05-08,Winter Jacket,Clothing,2.0,106.09,212.18,West
2022-05-08,Office Chair Pro,Furniture,3.0,298.84,896.52,North
2022-05-08,Formal Shirt,Clothing,1.0,41.94,41.94,North
2022-05-08,Filing Cabinet,Office Supplies,1.0,147.8,147.8,South
2022-05-09,Winter Jacket,Clothing,2.0,107.4,214.8,North
2022-05-09,Wireless Headphones,Technology,5.0,143.13,715.65,South
2022-05-09,Winter Jacket,Technology,4.0,101.82,407.28,East
2022-05-09,Premium Notebook,Office Supplies,2.0,17.83,35.66,South
2022-05-09,Filing Cabinet,Office Supplies,1.0,150.12,150.12,North
2022-05-09,4K Ultra HD Monitor,Technology,3.0,340.93,1022.79,West
2022-05-10,Executive Ergonomic Desk,Furniture,5.0,567.12,2835.6,South
2022-05-10,Premium Notebook,Office Supplies,3.0,17.87,53.61,East
2022-05-10,Premium Notebook,Office Supplies,1.0,17.04,17.04,East
2022-05-11,Wireless Headphones,Technology,3.0,147.54,442.62,West
2022-05-12,Running Shoes,Clothing,3.0,99.5,298.5,North
2022-05-12,Conference Room Table,Furniture,1.0,783.92,783.92,North
2022-05-12,Formal Shirt,Clothing,1.0,45.97,45.97,East
2022-05-12,Premium Notebook,Office Supplies,3.0,17.84,53.52,North
2022-05-12,Filing Cabinet,Office Supplies,3.0,151.27,453.81,West
2022-05-13,Premium Notebook,Office Supplies,7.0,16.67,116.69,North
2022-05-13,Business Backpack,Clothing,4.0,67.25,269.0,East
2022-05-14,Formal Shirt,Clothing,2.0,48.48,96.96,South
2022-05-14,4K Ultra HD Monitor,Technology,1.0,337.92,337.92,West
2022-05-14,Winter Jacket,Clothing,4.0,114.71,458.84,North
2022-05-14,Premium Notebook,Office Supplies,3.0,17.47,52.41,West
2022-05-14,Filing Cabinet,Office Supplies,1.0,146.74,146.74,East
2022-05-14,Laptop Pro 15,Technology,2.0,1203.41,2406.82,North
2022-05-15,Printer Laser X,Office Supplies,2.0,299.07,598.14,North
2022-05-15,Premium Notebook,Office Supplies,4.0,17.86,71.44,South
2022-05-15,Running Shoes,Clothing,3.0,95.25,285.75,North
2022-05-15,Office Chair Pro,Furniture,3.0,257.98,773.94,West
2022-05-15,4K Ultra HD Monitor,Technology,1.0,375.42,375.42,South
2022-05-16,Premium Notebook,Office Supplies,4.0,19.43,77.72,South
2022-05-16,Winter Jacket,Clothing,6.0,103.13,618.78,West
2022-05-16,Smartphone Ultra,Technology,1.0,816.36,816.36,North
2022-05-17,Office Chair Pro,Technology,4.0,263.17,1052.68,South
2022-05-17,4K Ultra HD Monitor,Technology,2.0,378.83,757.66,North
2022-05-18,Printer Laser X,Office Supplies,3.0,339.2,1017.6,West
2022-05-18,Laptop Pro 15,Technology,1.0,1282.39,1282.39,North
2022-05-18,Smartphone Ultra,Technology,4.0,878.97,3515.88,North
2022-05-19,4K Ultra HD Monitor,Technology,1.0,364.45,364.45,South
2022-05-19,Winter Jacket,Clothing,3.0,111.69,335.07,South
2022-05-19,Filing Cabinet,Office Supplies,2.0,145.72,291.44,South
2022-05-19,Office Chair Pro,Furniture,3.0,301.9,905.7,East
2022-05-19,Coffee Maker,Appliances,2.0,175.17,350.34,West
2022-05-20,Winter Jacket,Technology,1.0,108.47,108.47,South
2022-05-20,Conference Room Table,Furniture,2.0,862.15,1724.3,South
2022-05-20,Wireless Headphones,Technology,2.0,146.56,293.12,South
2022-05-20,4K Ultra HD Monitor,Technology,5.0,331.56,1657.8,West
2022-05-20,Business Backpack,Clothing,2.0,63.04,126.08,East
2022-05-21,Premium Notebook,Office Supplies,3.0,18.38,55.14,South
2022-05-22,Laptop Pro 15,Technology,1.0,1219.66,1219.66,South
2022-05-23,Laptop Pro 15,Technology,2.0,1274.42,2548.84,North
2022-05-23,Office Chair Pro,Furniture,1.0,267.3,267.3,South
2022-05-23,Formal Shirt,Clothing,4.0,44.59,178.36,North
2022-05-23,4K Ultra HD Monitor,Technology,2.0,352.39,704.78,North
2022-05-24,Running Shoes,Clothing,3.0,91.23,273.69,East
2022-05-24,Smartphone Ultra,Technology,1.0,913.49,913.49,West
2022-05-24,Office Chair Pro,Furniture,1.0,289.19,289.19,West
2022-05-24,Running Shoes,Clothing,2.0,101.72,203.44,South
2022-05-24,Executive Ergonomic Desk,Furniture,1.0,570.22,570.22,West
2022-05-24,Business Backpack,Clothing,1.0,65.15,65.15,East
2022-05-25,Premium Notebook,Office Supplies,1.0,16.95,16.95,West
2022-05-25,Wireless Headphones,Technology,4.0,130.86,523.44,South
2022-05-25,Filing Cabinet,Office Supplies,2.0,151.58,303.16,North
2022-05-26,Running Shoes,Clothing,2.0,93.18,186.36,West
2022-05-26,Printer Laser X,Office Supplies,2.0,327.48,654.96,East
2022-05-26,Laptop Pro 15,Technology,1.0,1253.43,1253.43,West
2022-05-26,Formal Shirt,Clothing,2.0,46.97,93.94,North
2022-05-26,Winter Jacket,Clothing,1.0,103.27,103.27,North
2022-05-27,Premium Notebook,Office Supplies,1.0,18.46,18.46,West
2022-05-27,Premium Notebook,Office Supplies,1.0,18.63,18.63,East
2022-05-28,Running Shoes,Clothing,4.0,96.11,384.44,North
2022-05-28,Printer Laser X,Office Supplies,1.0,324.4,324.4,East
2022-05-28,Printer Laser X,Office Supplies,1.0,323.16,323.16,East
2022-05-29,Business Backpack,Clothing,1.0,63.78,63.78,South
2022-05-29,Executive Ergonomic Desk,Furniture,1.0,544.18,544.18,North
2022-05-29,Office Chair Pro,Furniture,2.0,279.66,559.32,North
2022-05-30,Executive Ergonomic Desk,Furniture,3.0,518.29,1554.87,North
2022-05-30,Filing Cabinet,Office Supplies,1.0,161.28,161.28,West
2022-05-30,Conference Room Table,Furniture,4.0,838.73,3354.92,South
2022-05-30,Wireless Headphones,Technology,2.0,137.41,274.82,West
2022-05-30,Office Chair Pro,Furniture,2.0,285.4,570.8,South
2022-05-31,Running Shoes,Clothing,1.0,96.47,96.47,East
2022-05-31,Filing Cabinet,Office Supplies,2.0,151.19,302.38,South
2022-05-31,4K Ultra HD Monitor,Technology,2.0,383.24,766.48,North
2022-05-31,Smartphone Ultra,Technology,1.0,877.93,877.93,West
2022-05-31,Premium Notebook,Office Supplies,1.0,19.12,19.12,East
2022-05-31,Laptop Pro 15,Technology,2.0,1245.22,2490.44,North
2022-05-31,Business Backpack,Clothing,4.0,64.06,256.24,East
2022-06-01,Office Chair Pro,Furniture,1.0,301.75,301.75,South
2022-06-01,Coffee Maker,Appliances,3.0,181.1,543.3,East
2022-06-01,Premium Notebook,Office Supplies,2.0,17.43,34.86,East
2022-06-01,Printer Laser X,Office Supplies,1.0,320.97,320.97,East
2022-06-01,Coffee Maker,Appliances,4.0,194.2,776.8,East
2022-06-02,Running Shoes,Clothing,6.0,95.14,570.84,East
2022-06-02,Formal Shirt,Clothing,2.0,47.97,95.94,North
2022-06-02,Office Chair Pro,Furniture,2.0,294.42,588.84,West
2022-06-02,Formal Shirt,Technology,4.0,41.44,165.76,South
2022-06-03,Laptop Pro 15,Technology,1.0,1118.96,1118.96,North
2022-06-03,Filing Cabinet,Office Supplies,3.0,146.35,439.05,West
2022-06-03,Conference Room Table,Furniture,1.0,783.94,783.94,North
2022-06-03,Wireless Headphones,Technology,1.0,145.71,145.71,North
2022-06-04,Formal Shirt,Clothing,4.0,46.31,185.24,West
2022-06-04,Premium Notebook,Office Supplies,4.0,18.04,72.16,East
2022-06-04,Running Shoes,Clothing,1.0,88.07,88.07,North
2022-06-04,Wireless Headphones,Technology,1.0,142.01,142.01,East
2022-06-04,Wireless Headphones,Technology,4.0,147.96,591.84,West
2022-06-04,Laptop Pro 15,Technology,1.0,1262.55,1262.55,North
2022-06-05,Office Chair Pro,Furniture,1.0,300.35,300.35,East
2022-06-05,Laptop Pro 15,Technology,3.0,1186.51,3559.53,South
2022-06-05,Premium Notebook,Office Supplies,2.0,19.32,38.64,North
2022-06-05,Laptop Pro 15,Technology,2.0,1242.13,2484.26,South
2022-06-05,Office Chair Pro,Furniture,2.0,262.95,525.9,North
2022-06-05,Filing Cabinet,Office Supplies,3.0,139.56,418.68,North
2022-06-06,Running Shoes,Clothing,4.0,99.32,397.28,East
2022-06-06,Office Chair Pro,Furniture,1.0,273.68,273.68,North
2022-06-07,Office Chair Pro,Furniture,3.0,261.92,785.76,West
2022-06-07,Smartphone Ultra,Technology,4.0,883.71,3534.84,North
2022-06-08,Premium Notebook,Office Supplies,1.0,17.95,17.95,East
2022-06-08,Smartphone Ultra,Technology,4.0,908.23,3632.92,North
2022-06-08,Formal Shirt,Clothing,6.0,48.06,288.36,North
2022-06-09,Conference Room Table,Furniture,1.0,798.54,798.54,West
2022-06-09,Running Shoes,Clothing,3.0,96.62,289.86,East
2022-06-09,Printer Laser X,Office Supplies,1.0,298.42,298.42,West
2022-06-09,Filing Cabinet,Office Supplies,2.0,151.45,302.9,North
2022-06-10,Conference Room Table,Furniture,6.0,842.6,5055.6,West
2022-06-10,4K Ultra HD Monitor,Technology,6.0,334.48,2006.88,North
2022-06-10,Formal Shirt,Clothing,4.0,47.67,190.68,East
2022-06-10,Office Chair Pro,Furniture,1.0,267.79,267.79,North
2022-06-10,Formal Shirt,Clothing,3.0,41.43,124.29,East
2022-06-11,Business Backpack,Clothing,2.0,61.84,123.68,East
2022-06-11,Filing Cabinet,Office Supplies,1.0,158.9,158.9,South
2022-06-12,Premium Notebook,Office Supplies,4.0,18.69,74.76,East
2022-06-13,Wireless Headphones,Technology,1.0,149.33,149.33,South
2022-06-13,Premium Notebook,Office Supplies,4.0,18.85,75.4,North
2022-06-14,Wireless Headphones,Technology,2.0,148.79,297.58,West
2022-06-14,Formal Shirt,Clothing,1.0,44.06,44.06,West
2022-06-15,Filing Cabinet,Office Supplies,1.0,150.9,150.9,East
2022-06-16,Printer Laser X,Office Supplies,2.0,314.33,628.66,North
2022-06-16,Conference Room Table,Furniture,4.0,753.57,3014.28,East
2022-06-16,Wireless Headphones,Technology,1.0,132.71,132.71,West
2022-06-16,Office Chair Pro,Furniture,1.0,257.76,257.76,North
2022-06-16,Laptop Pro 15,Technology,8.0,1234.9,9879.2,East
2022-06-17,Business Backpack,Clothing,3.0,67.2,201.6,East
2022-06-17,Business Backpack,Clothing,2.0,63.28,126.56,West
2022-06-17,Office Chair Pro,Furniture,5.0,276.28,1381.4,West
2022-06-18,Office Chair Pro,Furniture,4.0,282.97,1131.88,West
2022-06-18,Filing Cabinet,Office Supplies,2.0,150.45,300.9,South
2022-06-18,Executive Ergonomic Desk,Furniture,2.0,529.25,1058.5,West
2022-06-18,Smartphone Ultra,Technology,2.0,850.04,1700.08,West
2022-06-19,Smartphone Ultra,Technology,3.0,877.15,2631.45,East
2022-06-20,Smartphone Ultra,Technology,2.0,904.66,1809.32,North
2022-06-20,Wireless Headphones,Technology,2.0,131.1,262.2,South
2022-06-20,Printer Laser X,Office Supplies,2.0,300.91,601.82,East
2022-06-21,Filing Cabinet,Office Supplies,1.0,154.09,154.09,South
2022-06-21,Business Backpack,Clothing,3.0,69.71,209.13,North
2022-06-21,Filing Cabinet,Office Supplies,1.0,150.62,150.62,South
2022-06-21,Office Chair Pro,Furniture,4.0,278.92,1115.68,North
2022-06-21,4K Ultra HD Monitor,Technology,4.0,353.43,1413.72,South
2022-06-22,Premium Notebook,Office Supplies,2.0,17.08,34.16,West
2022-06-24,Printer Laser X,Office Supplies,3.0,320.13,960.39,West
2022-06-24,Premium Notebook,Office Supplies,3.0,16.76,50.28,North
2022-06-24,Wireless Headphones,Technology,4.0,147.98,591.92,South
2022-06-24,4K Ultra HD Monitor,Technology,3.0,339.39,1018.17,West
2022-06-24,Office Chair Pro,Furniture,1.0,290.23,290.23,East
2022-06-24,Wireless Headphones,Technology,1.0,147.92,147.92,North
2022-06-24,Office Chair Pro,Furniture,4.0,271.8,1087.2,West
2022-06-25,Smartphone Ultra,Technology,2.0,810.12,1620.24,East
2022-06-25,Running Shoes,Clothing,1.0,99.67,99.67,West
2022-06-25,Office Chair Pro,Furniture,4.0,297.69,1190.76,North
2022-06-25,Business Backpack,Clothing,4.0,61.08,244.32,East
2022-06-26,Conference Room Table,Furniture,3.0,786.06,2358.18,North
2022-06-26,Wireless Headphones,Technology,2.0,146.36,292.72,East
2022-06-26,Premium Notebook,Office Supplies,3.0,18.87,56.61,North
2022-06-26,Premium Notebook,Office Supplies,1.0,16.87,16.87,West
2022-06-26,Formal Shirt,Clothing,6.0,42.48,254.88,West
2022-06-27,Conference Room Table,Furniture,3.0,802.97,2408.91,South
2022-06-27,Smartphone Ultra,Technology,2.0,862.73,1725.46,East
2022-06-28,Executive Ergonomic Desk,Furniture,1.0,574.14,574.14,West
2022-06-28,Executive Ergonomic Desk,Furniture,3.0,566.97,1700.91,West
2022-06-28,4K Ultra HD Monitor,Technology,2.0,345.69,691.38,North
2022-06-30,Filing Cabinet,Office Supplies,4.0,144.03,576.12,West
2022-06-30,Coffee Maker,Appliances,5.0,169.03,845.15,South
2022-06-30,Wireless Headphones,Technology,1.0,137.9,137.9,North
2022-06-30,Smartphone Ultra,Technology,3.0,815.96,2447.88,North
2022-06-30,Conference Room Table,Furniture,1.0,840.26,840.26,East
2022-06-30,Office Chair Pro,Furniture,1.0,296.61,296.61,North
2022-07-01,Formal Shirt,Clothing,3.0,42.14,126.42,South
2022-07-01,Conference Room Table,Furniture,1.0,823.12,823.12,East
2022-07-01,Wireless Headphones,Technology,3.0,144.81,434.43,South
2022-07-01,Business Backpack,Clothing,2.0,67.59,135.18,East
2022-07-02,Smartphone Ultra,Technology,4.0,860.06,3440.24,South
2022-07-02,Office Chair Pro,Furniture,2.0,299.58,599.16,East
2022-07-03,Premium Notebook,Office Supplies,1.0,17.95,17.95,West
2022-07-03,Premium Notebook,Office Supplies,2.0,17.4,34.8,East
2022-07-04,Office Chair Pro,Furniture,2.0,283.04,566.08,West
2022-07-04,Smartphone Ultra,Technology,2.0,792.86,1585.72,North
2022-07-04,Office Chair Pro,Furniture,3.0,278.73,836.19,North
2022-07-05,Laptop Pro 15,Technology,1.0,1274.62,1274.62,North
2022-07-05,Wireless Headphones,Technology,3.0,149.03,447.09,West
2022-07-05,Executive Ergonomic Desk,Furniture,1.0,515.85,515.85,West
2022-07-06,Office Chair Pro,Furniture,4.0,264.0,1056.0,East
2022-07-06,Conference Room Table,Furniture,1.0,835.78,835.78,West
2022-07-07,Running Shoes,Clothing,5.0,96.98,484.9,South
2022-07-07,Conference Room Table,Furniture,2.0,855.54,1711.08,West
2022-07-07,Winter Jacket,Clothing,5.0,116.87,584.35,South
2022-07-07,Wireless Headphones,Technology,3.0,149.16,447.48,East
2022-07-07,Smartphone Ultra,Technology,1.0,901.61,901.61,North
2022-07-08,Filing Cabinet,Office Supplies,4.0,138.98,555.92,North
2022-07-08,Executive Ergonomic Desk,Furniture,1.0,522.42,522.42,North
2022-07-08,Conference Room Table,Furniture,2.0,820.37,1640.74,South
2022-07-08,Laptop Pro 15,Technology,2.0,1270.48,2540.96,North
2022-07-08,Office Chair Pro,Furniture,3.0,298.02,894.06,East
2022-07-09,Printer Laser X,Office Supplies,1.0,321.32,321.32,North
2022-07-09,4K Ultra HD Monitor,Technology,1.0,386.93,386.93,East
2022-07-11,Running Shoes,Clothing,1.0,98.4,98.4,East
2022-07-11,Premium Notebook,Office Supplies,5.0,18.69,93.45,West
2022-07-11,Printer Laser X,Office Supplies,2.0,338.03,676.06,East
2022-07-11,Smartphone Ultra,Technology,1.0,803.88,803.88,South
2022-07-11,Executive Ergonomic Desk,Furniture,2.0,570.02,1140.04,North
2022-07-12,Business Backpack,Clothing,2.0,61.6,123.2,West
2022-07-12,Premium Notebook,Office Supplies,2.0,18.45,36.9,West
2022-07-12,Wireless Headphones,Technology,2.0,136.57,273.14,West
2022-07-13,Wireless Headphones,Technology,1.0,130.57,130.57,East
2022-07-13,Formal Shirt,Clothing,4.0,45.68,182.72,North
2022-07-13,Executive Ergonomic Desk,Furniture,1.0,602.94,602.94,West
2022-07-13,Office Chair Pro,Furniture,4.0,262.2,1048.8,East
2022-07-13,Printer Laser X,Office Supplies,3.0,323.17,969.51,West
2022-07-13,Premium Notebook,Technology,4.0,18.9,75.6,East
2022-07-13,Formal Shirt,Clothing,1.0,42.51,42.51,South
2022-07-14,Business Backpack,Clothing,3.0,66.31,198.93,North
2022-07-14,Formal Shirt,Clothing,1.0,44.94,44.94,North
2022-07-14,Premium Notebook,Office Supplies,4.0,16.57,66.28,South
2022-07-14,Formal Shirt,Clothing,5.0,42.97,214.85,East
2022-07-14,Winter Jacket,Clothing,2.0,110.71,221.42,South
2022-07-14,Winter Jacket,Clothing,3.0,109.65,328.95,East
2022-07-14,Filing Cabinet,Office Supplies,1.0,144.92,144.92,West
2022-07-15,Formal Shirt,Clothing,3.0,41.7,125.1,East
2022-07-15,4K Ultra HD Monitor,Technology,2.0,339.54,679.08,North
2022-07-15,Printer Laser X,Office Supplies,1.0,307.29,307.29,East
2022-07-15,Filing Cabinet,Office Supplies,1.0,139.33,139.33,South
2022-07-15,Laptop Pro 15,Technology,2.0,1112.84,2225.68,North
2022-07-15,Formal Shirt,Clothing,1.0,46.29,46.29,North
2022-07-17,Business Backpack,Clothing,2.0,65.0,130.0,West
2022-07-17,Office Chair Pro,Furniture,5.0,268.36,1341.8,South
2022-07-17,Wireless Headphones,Technology,1.0,142.26,142.26,South
2022-07-17,Coffee Maker,Appliances,4.0,177.63,710.52,North
2022-07-17,Conference Room Table,Furniture,1.0,857.48,857.48,East
2022-07-17,Smartphone Ultra,Technology,4.0,880.25,3521.0,East
2022-07-18,Coffee Maker,Appliances,3.0,183.07,549.21,South
2022-07-18,Smartphone Ultra,Technology,1.0,864.38,864.38,South
2022-07-18,Wireless Headphones,Technology,2.0,137.73,275.46,North
2022-07-18,Formal Shirt,Clothing,2.0,44.93,89.86,South
2022-07-18,Laptop Pro 15,Technology,1.0,1163.51,1163.51,West
2022-07-19,Smartphone Ultra,Technology,5.0,885.94,4429.7,East
2022-07-19,Conference Room Table,Furniture,2.0,824.4,1648.8,North
2022-07-20,Executive Ergonomic Desk,Furniture,2.0,564.44,1128.88,North
2022-07-20,Smartphone Ultra,Technology,1.0,906.45,906.45,East
2022-07-20,4K Ultra HD Monitor,Technology,5.0,361.45,1807.25,North
2022-07-20,Winter Jacket,Clothing,2.0,112.3,224.6,North
2022-07-21,Smartphone Ultra,Technology,3.0,788.65,2365.95,South
2022-07-21,Winter Jacket,Clothing,2.0,108.39,216.78,North
2022-07-21,Coffee Maker,Appliances,3.0,182.53,547.59,East
2022-07-22,Premium Notebook,Office Supplies,2.0,18.19,36.38,North
2022-07-22,Running Shoes,Clothing,7.0,93.39,653.73,West
2022-07-23,Running Shoes,Clothing,4.0,94.53,378.12,South
2022-07-23,Office Chair Pro,Furniture,3.0,272.65,817.95,West
2022-07-23,Smartphone Ultra,Technology,3.0,823.39,2470.17,East
2022-07-24,Printer Laser X,Office Supplies,1.0,328.74,328.74,East
2022-07-24,Smartphone Ultra,Technology,3.0,892.48,2677.44,East
2022-07-24,4K Ultra HD Monitor,Technology,1.0,366.31,366.31,South
2022-07-24,Conference Room Table,Furniture,4.0,858.67,3434.68,South
2022-07-24,Printer Laser X,Office Supplies,2.0,305.08,610.16,East
2022-07-25,Filing Cabinet,Office Supplies,2.0,149.18,298.36,North
2022-07-25,Filing Cabinet,Office Supplies,3.0,148.05,444.15,East
2022-07-25,Laptop Pro 15,Technology,4.0,1200.68,4802.72,North
2022-07-25,Conference Room Table,Furniture,3.0,766.03,2298.09,North
2022-07-26,Winter Jacket,Clothing,2.0,115.11,230.22,North
2022-07-26,Formal Shirt,Clothing,1.0,42.74,42.74,South
2022-07-27,Executive Ergonomic Desk,Furniture,5.0,602.48,3012.4,South
2022-07-27,Premium Notebook,Office Supplies,1.0,17.05,17.05,North
2022-07-27,4K Ultra HD Monitor,Technology,4.0,358.69,1434.76,East
2022-07-27,Coffee Maker,Appliances,1.0,169.95,169.95,West
2022-07-28,Formal Shirt,Clothing,7.0,41.86,293.02,North
2022-07-28,Formal Shirt,Clothing,4.0,47.53,190.12,North
2022-07-28,4K Ultra HD Monitor,Technology,1.0,374.96,374.96,South
2022-07-28,Office Chair Pro,Furniture,6.0,268.28,1609.68,North
2022-07-29,Running Shoes,Clothing,2.0,101.55,203.1,East
2022-07-29,Executive Ergonomic Desk,Furniture,3.0,555.5,1666.5,North
2022-07-29,4K Ultra HD Monitor,Technology,3.0,333.23,999.69,South
2022-07-29,Office Chair Pro,Furniture,3.0,287.55,862.65,North
2022-07-29,Business Backpack,Clothing,2.0,67.0,134.0,East
2022-07-29,Coffee Maker,Appliances,1.0,193.52,193.52,West
2022-07-30,Formal Shirt,Clothing,1.0,48.19,48.19,West
2022-07-30,Printer Laser X,Office Supplies,7.0,330.98,2316.86,South
2022-07-31,Wireless Headphones,Technology,2.0,143.39,286.78,East
2022-07-31,4K Ultra HD Monitor,Technology,1.0,344.5,344.5,North
2022-08-01,Wireless Headphones,Technology,3.0,131.78,395.34,North
2022-08-01,Filing Cabinet,Office Supplies,3.0,152.54,457.62,North
2022-08-01,Formal Shirt,Clothing,3.0,43.41,130.23,North
2022-08-01,Wireless Headphones,Technology,2.0,132.05,264.1,South
2022-08-02,Laptop Pro 15,Technology,2.0,1277.79,2555.58,North
2022-08-02,Premium Notebook,Office Supplies,2.0,17.01,34.02,North
2022-08-02,Executive Ergonomic Desk,Furniture,2.0,520.62,1041.24,North
2022-08-02,Running Shoes,Clothing,3.0,98.47,295.41,West
2022-08-03,Winter Jacket,Clothing,3.0,116.05,348.15,East
2022-08-03,Printer Laser X,Office Supplies,1.0,345.24,345.24,South
2022-08-04,Coffee Maker,Appliances,1.0,171.59,171.59,South
2022-08-04,Laptop Pro 15,Technology,2.0,1160.35,2320.7,North
2022-08-04,Wireless Headphones,Technology,2.0,150.42,300.84,West
2022-08-04,Office Chair Pro,Furniture,6.0,295.06,1770.36,South
2022-08-04,Executive Ergonomic Desk,Furniture,1.0,585.13,585.13,North
2022-08-05,Coffee Maker,Appliances,1.0,185.51,185.51,West
2022-08-05,Laptop Pro 15,Technology,2.0,1128.98,2257.96,North
2022-08-05,Formal Shirt,Clothing,3.0,41.71,125.13,West
2022-08-06,Running Shoes,Clothing,3.0,98.29,294.87,North
2022-08-06,Premium Notebook,Office Supplies,2.0,18.49,36.98,East
2022-08-07,Formal Shirt,Clothing,1.0,43.7,43.7,South
2022-08-07,Smartphone Ultra,Technology,1.0,789.31,789.31,East
2022-08-07,Laptop Pro 15,Technology,6.0,1226.29,7357.74,South
2022-08-07,Printer Laser X,Office Supplies,1.0,323.23,323.23,South
2022-08-08,Formal Shirt,Clothing,3.0,46.49,139.47,South
2022-08-08,Coffee Maker,Appliances,3.0,183.99,551.97,East
2022-08-09,Business Backpack,Clothing,4.0,63.83,255.32,East
2022-08-09,Conference Room Table,Furniture,1.0,842.44,842.44,West
2022-08-10,Premium Notebook,Office Supplies,1.0,17.7,17.7,West
2022-08-10,Winter Jacket,Clothing,1.0,113.19,113.19,North
2022-08-11,Wireless Headphones,Technology,3.0,148.96,446.88,West
2022-08-11,Filing Cabinet,Office Supplies,2.0,159.92,319.84,South
2022-08-11,Executive Ergonomic Desk,Furniture,4.0,527.84,2111.36,West
2022-08-11,Office Chair Pro,Furniture,2.0,267.09,534.18,North
2022-08-11,Printer Laser X,Office Supplies,2.0,309.58,619.16,North
2022-08-11,Premium Notebook,Office Supplies,5.0,17.34,86.7,South
2022-08-11,Filing Cabinet,Office Supplies,7.0,141.7,991.9,North
2022-08-11,Smartphone Ultra,Technology,1.0,830.36,830.36,South
2022-08-12,Wireless Headphones,Technology,4.0,145.21,580.84,North
2022-08-12,Filing Cabinet,Office Supplies,1.0,145.02,145.02,South
2022-08-12,Smartphone Ultra,Technology,1.0,903.0,903.0,East
2022-08-12,Printer Laser X,Office Supplies,3.0,330.88,992.64,West
2022-08-12,Wireless Headphones,Technology,3.0,134.19,402.57,North
2022-08-13,Formal Shirt,Clothing,3.0,42.98,128.94,South
2022-08-13,Wireless Headphones,Technology,2.0,147.61,295.22,East
2022-08-14,Printer Laser X,Office Supplies,3.0,316.64,949.92,East
2022-08-15,Executive Ergonomic Desk,Furniture,2.0,545.84,1091.68,West
2022-08-15,4K Ultra HD Monitor,Technology,2.0,356.44,712.88,North
2022-08-16,Printer Laser X,Office Supplies,2.0,296.57,593.14,West
2022-08-16,4K Ultra HD Monitor,Technology,4.0,360.37,1441.48,North
2022-08-16,Laptop Pro 15,Technology,1.0,1182.84,1182.84,West
2022-08-16,Wireless Headphones,Technology,4.0,129.56,518.24,East
2022-08-16,Office Chair Pro,Furniture,2.0,269.64,539.28,South
2022-08-16,Wireless Headphones,Technology,1.0,129.13,129.13,South
2022-08-17,Wireless Headphones,Technology,4.0,132.54,530.16,North
2022-08-17,Business Backpack,Clothing,2.0,69.89,139.78,East
2022-08-17,Smartphone Ultra,Technology,3.0,824.95,2474.85,North
2022-08-17,Premium Notebook,Office Supplies,1.0,17.87,17.87,South
2022-08-17,Premium Notebook,Office Supplies,3.0,18.73,56.19,North
2022-08-18,Business Backpack,Clothing,5.0,61.87,309.35,South
2022-08-18,Filing Cabinet,Office Supplies,1.0,158.28,158.28,South
2022-08-18,Executive Ergonomic Desk,Furniture,2.0,518.35,1036.7,North
2022-08-19,Smartphone Ultra,Technology,3.0,885.73,2657.19,East
2022-08-19,Executive Ergonomic Desk,Furniture,1.0,566.93,566.93,West
2022-08-19,Printer Laser X,Office Supplies,2.0,294.42,588.84,North
2022-08-19,Coffee Maker,Appliances,3.0,165.8,497.4,West
2022-08-20,Business Backpack,Clothing,1.0,69.64,69.64,South
2022-08-21,4K Ultra HD Monitor,Technology,4.0,387.15,1548.6,East
2022-08-21,Formal Shirt,Clothing,3.0,44.19,132.57,North
2022-08-21,Office Chair Pro,Furniture,1.0,298.26,298.26,North
2022-08-21,Premium Notebook,Office Supplies,2.0,16.9,33.8,South
2022-08-21,Formal Shirt,Clothing,1.0,46.37,46.37,North
2022-08-21,4K Ultra HD Monitor,Technology,2.0,384.84,769.68,East
2022-08-21,Laptop Pro 15,Technology,2.0,1262.32,2524.64,South
2022-08-24,Running Shoes,Clothing,5.0,92.04,460.2,North
2022-08-24,Office Chair Pro,Furniture,1.0,301.02,301.02,South
2022-08-24,Winter Jacket,Clothing,1.0,105.53,105.53,North
2022-08-24,Formal Shirt,Clothing,1.0,41.46,41.46,North
2022-08-25,Office Chair Pro,Furniture,2.0,299.48,598.96,South
2022-08-25,Printer Laser X,Office Supplies,1.0,316.24,316.24,North
2022-08-25,Printer Laser X,Office Supplies,4.0,328.73,1314.92,East
2022-08-25,4K Ultra HD Monitor,Technology,1.0,355.96,355.96,East
2022-08-26,Wireless Headphones,Technology,2.0,130.21,260.42,East
2022-08-27,4K Ultra HD Monitor,Technology,1.0,371.92,371.92,North
2022-08-27,Winter Jacket,Clothing,4.0,106.57,426.28,North
2022-08-27,Running Shoes,Clothing,1.0,95.04,95.04,South
2022-08-27,Office Chair Pro,Furniture,4.0,298.33,1193.32,North
2022-08-28,Office Chair Pro,Furniture,1.0,282.55,282.55,West
2022-08-28,Printer Laser X,Office Supplies,3.0,316.12,948.36,West
2022-08-28,Office Chair Pro,Furniture,3.0,270.6,811.8,South
2022-08-28,Running Shoes,Technology,1.0,88.72,88.72,West
2022-08-29,Wireless Headphones,Technology,1.0,142.82,142.82,North
2022-08-30,Smartphone Ultra,Technology,2.0,823.47,1646.94,West
2022-08-30,Smartphone Ultra,Technology,1.0,812.77,812.77,West
2022-08-30,Coffee Maker,Appliances,3.0,173.57,520.71,West
2022-08-31,Premium Notebook,Office Supplies,1.0,19.01,19.01,West
2022-08-31,Executive Ergonomic Desk,Furniture,2.0,523.06,1046.12,South
2022-08-31,Conference Room Table,Furniture,1.0,771.45,771.45,North
2022-08-31,Winter Jacket,Clothing,5.0,116.03,580.15,West
2022-08-31,Printer Laser X,Office Supplies,2.0,317.26,634.52,North
2022-09-01,Smartphone Ultra,Technology,3.0,841.57,2524.71,North
2022-09-01,Office Chair Pro,Furniture,3.0,293.82,881.46,West
2022-09-02,Laptop Pro 15,Technology,3.0,1159.18,3477.54,South
2022-09-02,4K Ultra HD Monitor,Technology,2.0,331.25,662.5,West
2022-09-02,Laptop Pro 15,Technology,1.0,1168.7,1168.7,West
2022-09-02,Executive Ergonomic Desk,Furniture,1.0,559.69,559.69,West
2022-09-02,Wireless Headphones,Technology,2.0,138.41,276.82,East
2022-09-03,4K Ultra HD Monitor,Technology,2.0,361.23,722.46,West
2022-09-03,Premium Notebook,Office Supplies,2.0,18.76,37.52,West
2022-09-04,Filing Cabinet,Office Supplies,2.0,146.03,292.06,North
2022-09-04,Office Chair Pro,Furniture,2.0,262.09,524.18,East
2022-09-04,Running Shoes,Clothing,4.0,87.82,351.28,West
2022-09-05,Smartphone Ultra,Technology,1.0,912.8,912.8,West
2022-09-05,4K Ultra HD Monitor,Technology,3.0,365.69,1097.07,South
2022-09-05,Laptop Pro 15,Technology,1.0,1230.73,1230.73,West
2022-09-05,Wireless Headphones,Technology,1.0,131.89,131.89,North
2022-09-05,Office Chair Pro,Furniture,3.0,287.87,863.61,West
2022-09-05,Conference Room Table,Furniture,2.0,816.89,1633.78,West
2022-09-05,Office Chair Pro,Furniture,1.0,281.05,281.05,North
2022-09-06,Winter Jacket,Clothing,1.0,104.91,104.91,North
2022-09-06,Wireless Headphones,Technology,1.0,134.0,134.0,South
2022-09-06,Winter Jacket,Clothing,3.0,116.0,348.0,East
2022-09-07,Filing Cabinet,Office Supplies,4.0,146.15,584.6,West
2022-09-07,Running Shoes,Clothing,3.0,92.99,278.97,North
2022-09-08,Formal Shirt,Clothing,1.0,43.43,43.43,West
2022-09-08,Premium Notebook,Office Supplies,1.0,18.11,18.11,West
2022-09-08,Office Chair Pro,Furniture,4.0,276.99,1107.96,South
2022-09-08,4K Ultra HD Monitor,Technology,3.0,374.48,1123.44,South
2022-09-09,Formal Shirt,Clothing,1.0,43.7,43.7,West
2022-09-10,Business Backpack,Clothing,2.0,65.01,130.02,West
2022-09-10,Printer Laser X,Office Supplies,3.0,302.43,907.29,West
2022-09-10,Business Backpack,Clothing,4.0,67.38,269.52,South
2022-09-10,Premium Notebook,Office Supplies,1.0,18.13,18.13,East
2022-09-11,Premium Notebook,Office Supplies,3.0,19.38,58.14,West
2022-09-11,Formal Shirt,Clothing,2.0,45.58,91.16,West
2022-09-11,4K Ultra HD Monitor,Technology,2.0,383.61,767.22,West
2022-09-12,Filing Cabinet,Office Supplies,1.0,138.43,138.43,South
2022-09-12,Office Chair Pro,Furniture,4.0,277.53,1110.12,East
2022-09-12,Office Chair Pro,Furniture,1.0,302.12,302.12,East
2022-09-12,Laptop Pro 15,Technology,4.0,1274.61,5098.44,West
2022-09-12,Filing Cabinet,Office Supplies,1.0,141.26,141.26,South
2022-09-12,Premium Notebook,Office Supplies,2.0,18.7,37.4,West
2022-09-12,Executive Ergonomic Desk,Furniture,2.0,533.77,1067.54,South
2022-09-13,Business Backpack,Clothing,3.0,62.81,188.43,East
2022-09-13,Formal Shirt,Clothing,3.0,42.18,126.54,West
2022-09-13,Formal Shirt,Clothing,3.0,42.37,127.11,East
2022-09-14,4K Ultra HD Monitor,Technology,1.0,361.54,361.54,West
2022-09-15,Filing Cabinet,Office Supplies,3.0,159.03,477.09,North
2022-09-15,Running Shoes,Clothing,2.0,97.23,194.46,West
2022-09-15,Premium Notebook,Office Supplies,2.0,16.68,33.36,East
2022-09-16,Office Chair Pro,Furniture,1.0,262.38,262.38,North
2022-09-16,Conference Room Table,Furniture,1.0,861.37,861.37,North
2022-09-16,Executive Ergonomic Desk,Furniture,4.0,576.15,2304.6,North
2022-09-16,Business Backpack,Clothing,1.0,63.0,63.0,South
2022-09-16,Formal Shirt,Technology,3.0,44.77,134.31,South
2022-09-17,Coffee Maker,Appliances,2.0,181.93,363.86,East
2022-09-17,Wireless Headphones,Technology,4.0,148.12,592.48,South
2022-09-18,Smartphone Ultra,Technology,1.0,817.51,817.51,North
2022-09-19,Laptop Pro 15,Technology,1.0,1199.18,1199.18,East
2022-09-19,Printer Laser X,Office Supplies,2.0,320.36,640.72,North
2022-09-20,4K Ultra HD Monitor,Technology,5.0,345.26,1726.3,East
2022-09-20,Office Chair Pro,Furniture,3.0,280.33,840.99,North
2022-09-20,4K Ultra HD Monitor,Technology,2.0,379.84,759.68,South
2022-09-20,Office Chair Pro,Technology,5.0,299.9,1499.5,West
2022-09-20,Smartphone Ultra,Technology,2.0,868.06,1736.12,East
2022-09-20,Premium Notebook,Office Supplies,1.0,17.05,17.05,West
2022-09-21,Wireless Headphones,Technology,3.0,130.78,392.34,East
2022-09-21,Business Backpack,Clothing,3.0,70.17,210.51,North
2022-09-21,Running Shoes,Clothing,1.0,89.31,89.31,North
2022-09-21,Conference Room Table,Furniture,2.0,773.86,1547.72,South
2022-09-21,Printer Laser X,Office Supplies,1.0,308.59,308.59,North
2022-09-21,Laptop Pro 15,Technology,2.0,1205.71,2411.42,West
2022-09-22,Smartphone Ultra,Technology,6.0,847.17,5083.02,West
2022-09-22,Laptop Pro 15,Technology,1.0,1202.07,1202.07,South
2022-09-22,Winter Jacket,Clothing,1.0,116.2,116.2,North
2022-09-22,Formal Shirt,Clothing,1.0,43.64,43.64,East
2022-09-23,4K Ultra HD Monitor,Technology,3.0,337.99,1013.97,East
2022-09-23,Laptop Pro 15,Technology,6.0,1122.87,6737.22,South
2022-09-23,Smartphone Ultra,Technology,1.0,794.76,794.76,East
2022-09-24,Wireless Headphones,Technology,1.0,148.88,148.88,West
2022-09-24,Business Backpack,Clothing,2.0,64.17,128.34,South
2022-09-24,Premium Notebook,Office Supplies,1.0,18.12,18.12,North
2022-09-24,Office Chair Pro,Furniture,2.0,294.08,588.16,South
2022-09-24,Winter Jacket,Clothing,2.0,104.14,208.28,East
2022-09-25,Running Shoes,Clothing,1.0,89.08,89.08,West
2022-09-25,Coffee Maker,Appliances,4.0,168.33,673.32,East
2022-09-25,Laptop Pro 15,Technology,1.0,1135.97,1135.97,South
2022-09-25,Premium Notebook,Office Supplies,5.0,17.57,87.85,East
2022-09-26,Wireless Headphones,Technology,5.0,135.45,677.25,North
2022-09-26,Winter Jacket,Clothing,1.0,109.22,109.22,South
2022-09-26,Wireless Headphones,Technology,1.0,135.94,135.94,North
2022-09-26,Formal Shirt,Clothing,2.0,42.45,84.9,West
2022-09-26,Formal Shirt,Clothing,3.0,44.6,133.8,North
2022-09-26,Office Chair Pro,Technology,3.0,276.42,829.26,North
2022-09-27,Premium Notebook,Office Supplies,2.0,17.2,34.4,East
2022-09-27,Business Backpack,Clothing,2.0,63.6,127.2,North
2022-09-27,Running Shoes,Clothing,5.0,90.8,454.0,East
2022-09-28,Formal Shirt,Clothing,5.0,45.62,228.1,North
2022-09-29,Office Chair Pro,Furniture,2.0,269.68,539.36,South
2022-09-29,Conference Room Table,Furniture,4.0,762.19,3048.76,North
2022-09-29,Wireless Headphones,Technology,1.0,135.57,135.57,North
2022-09-29,4K Ultra HD Monitor,Technology,1.0,349.11,349.11,South
2022-09-30,Office Chair Pro,Furniture,4.0,301.48,1205.92,South
2022-09-30,Premium Notebook,Office Supplies,5.0,18.37,91.85,North
2022-09-30,Laptop Pro 15,Technology,2.0,1249.27,2498.54,West
2022-10-01,Laptop Pro 15,Technology,1.0,1111.51,1111.51,West
2022-10-01,4K Ultra HD Monitor,Technology,1.0,368.26,368.26,East
2022-10-01,Laptop Pro 15,Technology,2.0,1155.41,1155.41,East
2022-10-01,Running Shoes,Clothing,3.0,90.99,272.97,East
2022-10-01,4K Ultra HD Monitor,Technology,1.0,343.16,343.16,East
2022-10-02,Running Shoes,Clothing,2.0,88.97,177.94,West
2022-10-02,4K Ultra HD Monitor,Technology,1.0,364.24,364.24,North
2022-10-02,Wireless Headphones,Technology,1.0,144.65,144.65,West
2022-10-02,Conference Room Table,Furniture,1.0,814.96,814.96,South
2022-10-02,Smartphone Ultra,Technology,1.0,874.16,874.16,South
2022-10-03,Smartphone Ultra,Technology,1.0,798.53,798.53,East
2022-10-03,Filing Cabinet,Office Supplies,3.0,157.42,472.26,West
2022-10-04,Running Shoes,Clothing,2.0,88.72,177.44,North
2022-10-04,Winter Jacket,Clothing,1.0,107.16,107.16,North
2022-10-05,Formal Shirt,Clothing,1.0,45.94,45.94,North
2022-10-05,Executive Ergonomic Desk,Furniture,1.0,596.46,596.46,South
2022-10-06,Running Shoes,Clothing,2.0,94.7,189.4,South
2022-10-06,Office Chair Pro,Furniture,3.0,291.77,875.31,East
2022-10-06,Running Shoes,Clothing,4.0,93.46,373.84,South
2022-10-06,Executive Ergonomic Desk,Furniture,2.0,553.38,1106.76,South
2022-10-07,Printer Laser X,Office Supplies,2.0,304.87,609.74,North
2022-10-07,Printer Laser X,Office Supplies,2.0,300.51,601.02,North
2022-10-07,Filing Cabinet,Office Supplies,1.0,148.4,148.4,South
2022-10-08,4K Ultra HD Monitor,Technology,7.0,342.15,2395.05,East
2022-10-08,Printer Laser X,Office Supplies,1.0,326.53,326.53,West
2022-10-08,Office Chair Pro,Furniture,3.0,263.17,789.51,West
2022-10-08,4K Ultra HD Monitor,Technology,2.0,378.37,756.74,West
2022-10-08,Coffee Maker,Appliances,2.0,168.99,337.98,North
2022-10-08,Executive Ergonomic Desk,Furniture,1.0,596.8,596.8,West
2022-10-08,Smartphone Ultra,Technology,4.0,908.84,3635.36,North
2022-10-09,Printer Laser X,Office Supplies,5.0,297.24,1486.2,East
2022-10-09,Smartphone Ultra,Technology,3.0,796.9,2390.7,South
2022-10-09,Conference Room Table,Furniture,3.0,783.22,2349.66,South
2022-10-10,Winter Jacket,Clothing,3.0,108.89,326.67,West
2022-10-10,Smartphone Ultra,Technology,2.0,831.42,1662.84,North
2022-10-10,Office Chair Pro,Furniture,3.0,276.3,828.9,West
2022-10-11,Conference Room Table,Furniture,3.0,818.5,2455.5,North
2022-10-11,4K Ultra HD Monitor,Technology,4.0,344.24,1376.96,North
2022-10-11,Smartphone Ultra,Technology,2.0,821.16,1642.32,South
2022-10-11,Filing Cabinet,Office Supplies,1.0,139.75,139.75,North
2022-10-12,Laptop Pro 15,Technology,2.0,1285.61,2571.22,North
2022-10-12,Formal Shirt,Clothing,2.0,41.88,83.76,East
2022-10-12,4K Ultra HD Monitor,Technology,2.0,388.43,776.86,North
2022-10-12,Business Backpack,Clothing,3.0,66.84,200.52,South
2022-10-13,4K Ultra HD Monitor,Technology,1.0,354.07,354.07,East
2022-10-13,Laptop Pro 15,Technology,2.0,1137.24,2274.48,East
2022-10-14,Executive Ergonomic Desk,Furniture,1.0,542.46,542.46,South
2022-10-15,Laptop Pro 15,Technology,2.0,1126.81,2253.62,North
2022-10-15,Formal Shirt,Clothing,2.0,42.46,84.92,North
2022-10-15,4K Ultra HD Monitor,Technology,3.0,357.19,1071.57,East
2022-10-16,Business Backpack,Clothing,3.0,69.35,208.05,East
2022-10-16,Smartphone Ultra,Technology,3.0,874.49,2623.47,West
2022-10-16,Running Shoes,Clothing,1.0,96.41,96.41,East
2022-10-17,Office Chair Pro,Furniture,2.0,270.96,541.92,North
2022-10-18,Business Backpack,Clothing,1.0,64.03,64.03,East
2022-10-18,Wireless Headphones,Technology,2.0,129.75,259.5,East
2022-10-19,Coffee Maker,Appliances,5.0,171.31,856.55,North
2022-10-19,Smartphone Ultra,Technology,7.0,805.07,5635.49,South
2022-10-19,Filing Cabinet,Office Supplies,1.0,138.66,138.66,West
2022-10-19,Conference Room Table,Furniture,3.0,826.01,2478.03,West
2022-10-20,Laptop Pro 15,Technology,1.0,1287.52,1287.52,South
2022-10-20,Running Shoes,Clothing,4.0,95.27,381.08,North
2022-10-21,Running Shoes,Clothing,3.0,100.73,302.19,West
2022-10-21,Laptop Pro 15,Technology,4.0,1213.82,4855.28,West
2022-10-21,Filing Cabinet,Office Supplies,4.0,158.59,634.36,South
2022-10-21,Printer Laser X,Office Supplies,2.0,308.82,617.64,West
2022-10-22,Printer Laser X,Office Supplies,2.0,326.18,652.36,West
2022-10-22,Executive Ergonomic Desk,Furniture,1.0,592.07,592.07,East
2022-10-22,Coffee Maker,Appliances,1.0,176.14,176.14,North
2022-10-22,Office Chair Pro,Furniture,1.0,296.87,296.87,East
2022-10-22,Winter Jacket,Clothing,2.0,110.84,221.68,South
2022-10-23,Premium Notebook,Office Supplies,1.0,18.22,18.22,North
2022-10-23,4K Ultra HD Monitor,Technology,4.0,355.02,1420.08,South
2022-10-23,Coffee Maker,Appliances,2.0,182.13,364.26,South
2022-10-23,Smartphone Ultra,Technology,3.0,842.82,2528.46,West
2022-10-23,Conference Room Table,Furniture,3.0,754.37,2263.11,South
2022-10-23,Laptop Pro 15,Technology,3.0,1110.04,3330.12,South
2022-10-23,Smartphone Ultra,Technology,1.0,814.68,814.68,South
2022-10-23,Laptop Pro 15,Technology,6.0,1127.17,6763.02,East
2022-10-23,Formal Shirt,Clothing,4.0,45.43,181.72,East
2022-10-24,Premium Notebook,Office Supplies,1.0,18.19,18.19,North
2022-10-24,Wireless Headphones,Technology,3.0,142.62,427.86,East
2022-10-24,Running Shoes,Clothing,1.0,88.14,88.14,South
2022-10-24,Premium Notebook,Office Supplies,2.0,18.84,37.68,East
2022-10-24,Office Chair Pro,Furniture,1.0,294.39,294.39,North
2022-10-24,Smartphone Ultra,Technology,4.0,808.49,3233.96,South
2022-10-24,Smartphone Ultra,Technology,1.0,876.32,876.32,West
2022-10-24,Running Shoes,Clothing,1.0,100.87,100.87,North
2022-10-24,Wireless Headphones,Technology,3.0,137.81,413.43,East
2022-10-24,Business Backpack,Clothing,1.0,67.2,67.2,East
2022-10-25,Laptop Pro 15,Technology,3.0,1267.81,3803.43,East
2022-10-25,Business Backpack,Clothing,1.0,63.91,63.91,North
2022-10-25,4K Ultra HD Monitor,Technology,3.0,358.05,1074.15,East
2022-10-26,Smartphone Ultra,Technology,1.0,875.81,875.81,North
2022-10-26,Office Chair Pro,Furniture,2.0,277.46,554.92,South
2022-10-26,Smartphone Ultra,Technology,2.0,842.55,1685.1,West
2022-10-26,Running Shoes,Clothing,1.0,88.11,88.11,South
2022-10-26,Winter Jacket,Clothing,2.0,111.8,223.6,North
2022-10-26,Formal Shirt,Clothing,4.0,47.6,190.4,North
2022-10-27,Formal Shirt,Clothing,3.0,44.34,133.02,South
2022-10-27,Coffee Maker,Appliances,3.0,190.33,570.99,South
2022-10-27,Laptop Pro 15,Technology,1.0,1224.51,1224.51,South
2022-10-28,Wireless Headphones,Technology,1.0,150.53,150.53,West
2022-10-28,Office Chair Pro,Furniture,1.0,258.98,258.98,East
2022-10-28,Laptop Pro 15,Technology,1.0,1201.29,1201.29,South
2022-10-28,Wireless Headphones,Technology,1.0,148.55,148.55,West
2022-10-29,Formal Shirt,Clothing,5.0,45.99,229.95,East
2022-10-29,Executive Ergonomic Desk,Furniture,3.0,539.69,1619.07,North
2022-10-29,Laptop Pro 15,Technology,1.0,1213.4,1213.4,North
2022-10-30,Printer Laser X,Office Supplies,2.0,338.53,677.06,South
2022-10-30,Executive Ergonomic Desk,Furniture,5.0,521.87,2609.35,East
2022-10-30,Business Backpack,Clothing,3.0,67.6,202.8,North
2022-10-31,4K Ultra HD Monitor,Technology,2.0,365.76,731.52,South
2022-10-31,Premium Notebook,Office Supplies,3.0,18.4,55.2,North
2022-11-01,Winter Jacket,Clothing,4.0,118.0,472.0,North
2022-11-01,Printer Laser X,Office Supplies,3.0,329.4,988.2,West
2022-11-01,Filing Cabinet,Office Supplies,1.0,161.97,161.97,East
2022-11-01,Executive Ergonomic Desk,Furniture,2.0,593.62,1187.24,West
2022-11-02,Smartphone Ultra,Technology,2.0,804.95,1609.9,North
2022-11-03,Premium Notebook,Office Supplies,1.0,17.49,17.49,South
2022-11-03,Laptop Pro 15,Technology,1.0,1258.09,1258.09,East
2022-11-03,Smartphone Ultra,Technology,6.0,911.72,5470.32,South
2022-11-03,Premium Notebook,Office Supplies,2.0,17.37,34.74,South
2022-11-03,Premium Notebook,Office Supplies,4.0,18.46,73.84,North
2022-11-03,Formal Shirt,Clothing,2.0,43.12,86.24,North
2022-11-03,Running Shoes,Clothing,3.0,96.3,288.9,West
2022-11-03,Printer Laser X,Technology,2.0,330.11,660.22,South
2022-11-04,Executive Ergonomic Desk,Furniture,2.0,542.75,1085.5,West
2022-11-04,Laptop Pro 15,Technology,3.0,1289.93,3869.79,North
2022-11-04,Executive Ergonomic Desk,Furniture,2.0,529.84,1059.68,South
2022-11-05,Running Shoes,Clothing,3.0,97.37,292.11,West
2022-11-05,Premium Notebook,Technology,1.0,17.01,17.01,South
2022-11-05,Executive Ergonomic Desk,Furniture,3.0,529.46,1588.38,East
2022-11-05,Coffee Maker,Appliances,4.0,182.73,730.92,South
2022-11-06,Business Backpack,Clothing,2.0,64.54,129.08,South
2022-11-06,Wireless Headphones,Technology,5.0,149.38,746.9,South
2022-11-07,Printer Laser X,Technology,2.0,332.42,664.84,South
2022-11-07,4K Ultra HD Monitor,Technology,1.0,378.36,378.36,North
2022-11-07,Printer Laser X,Office Supplies,5.0,301.82,1509.1,South
2022-11-07,Formal Shirt,Clothing,1.0,45.64,45.64,North
2022-11-08,Conference Room Table,Furniture,2.0,760.22,1520.44,West
2022-11-09,Laptop Pro 15,Technology,1.0,1274.82,1274.82,West
2022-11-09,Filing Cabinet,Office Supplies,1.0,140.17,140.17,North
2022-11-10,Office Chair Pro,Furniture,4.0,278.45,1113.8,West
2022-11-10,Office Chair Pro,Furniture,1.0,272.25,272.25,North
2022-11-10,Printer Laser X,Office Supplies,2.0,341.9,683.8,North
2022-11-11,Premium Notebook,Office Supplies,1.0,19.17,19.17,North
2022-11-11,Premium Notebook,Office Supplies,1.0,19.39,19.39,North
2022-11-11,Laptop Pro 15,Technology,2.0,1247.89,2495.78,South
2022-11-12,Printer Laser X,Office Supplies,2.0,328.59,657.18,East
2022-11-12,Executive Ergonomic Desk,Furniture,3.0,557.73,1673.19,North
2022-11-12,Conference Room Table,Furniture,4.0,836.38,3345.52,West
2022-11-13,Formal Shirt,Clothing,2.0,42.75,85.5,East
2022-11-13,Office Chair Pro,Furniture,1.0,279.72,279.72,West
2022-11-13,Wireless Headphones,Technology,1.0,148.68,148.68,North
2022-11-13,Office Chair Pro,Furniture,2.0,288.4,576.8,South
2022-11-14,Running Shoes,Clothing,3.0,101.21,303.63,North
2022-11-14,Printer Laser X,Office Supplies,6.0,339.44,2036.64,North
2022-11-14,Smartphone Ultra,Technology,1.0,882.44,882.44,North
2022-11-15,Smartphone Ultra,Technology,5.0,812.45,4062.25,South
2022-11-15,Wireless Headphones,Technology,3.0,133.59,400.77,North
2022-11-16,Winter Jacket,Clothing,1.0,112.67,112.67,East
2022-11-16,Conference Room Table,Furniture,2.0,777.31,1554.62,South
2022-11-16,Winter Jacket,Clothing,1.0,101.7,101.7,North
2022-11-16,4K Ultra HD Monitor,Technology,3.0,347.03,1041.09,South
2022-11-16,Premium Notebook,Office Supplies,2.0,18.44,36.88,North
2022-11-16,Filing Cabinet,Office Supplies,7.0,158.31,1108.17,West
2022-11-16,Executive Ergonomic Desk,Furniture,6.0,588.88,3533.28,South
2022-11-17,Business Backpack,Clothing,1.0,66.69,66.69,South
2022-11-17,Filing Cabinet,Office Supplies,2.0,143.86,287.72,East
2022-11-17,Winter Jacket,Clothing,4.0,109.58,438.32,South
2022-11-17,Premium Notebook,Office Supplies,1.0,17.21,17.21,South
2022-11-18,Office Chair Pro,Furniture,3.0,297.96,893.88,East
2022-11-18,Laptop Pro 15,Technology,1.0,1195.4,1195.4,East
2022-11-18,Business Backpack,Clothing,1.0,69.56,69.56,West
2022-11-18,Wireless Headphones,Technology,2.0,136.01,272.02,West
2022-11-19,Formal Shirt,Clothing,3.0,45.98,137.94,East
2022-11-19,4K Ultra HD Monitor,Technology,3.0,335.79,1007.37,West
2022-11-19,Business Backpack,Clothing,1.0,60.71,60.71,South
2022-11-19,Smartphone Ultra,Technology,3.0,821.13,2463.39,East
2022-11-19,Formal Shirt,Clothing,1.0,42.81,42.81,South
2022-11-19,Wireless Headphones,Technology,3.0,133.88,401.64,South
2022-11-20,4K Ultra HD Monitor,Technology,1.0,345.53,345.53,North
2022-11-20,Wireless Headphones,Technology,2.0,134.34,268.68,East
2022-11-20,Office Chair Pro,Furniture,3.0,259.94,779.82,North
2022-11-21,Smartphone Ultra,Technology,3.0,847.54,2542.62,West
2022-11-21,Smartphone Ultra,Technology,2.0,802.41,1604.82,East
2022-11-21,Filing Cabinet,Office Supplies,7.0,143.59,1005.13,North
2022-11-21,Smartphone Ultra,Technology,2.0,806.97,1613.94,West
2022-11-21,Premium Notebook,Office Supplies,3.0,17.62,52.86,West
2022-11-21,Winter Jacket,Clothing,3.0,111.6,334.8,South
2022-11-21,Conference Room Table,Furniture,3.0,852.0,2556.0,East
2022-11-22,Executive Ergonomic Desk,Furniture,2.0,584.01,1168.02,North
2022-11-22,Office Chair Pro,Furniture,2.0,287.65,575.3,West
2022-11-22,Business Backpack,Clothing,1.0,67.27,67.27,South
2022-11-22,Running Shoes,Clothing,1.0,101.68,101.68,North
2022-11-23,Smartphone Ultra,Technology,5.0,816.66,4083.3,North
2022-11-24,4K Ultra HD Monitor,Technology,4.0,353.33,1413.32,East
2022-11-24,Premium Notebook,Office Supplies,4.0,17.43,69.72,North
2022-11-24,Printer Laser X,Office Supplies,3.0,313.93,941.79,West
2022-11-24,Premium Notebook,Office Supplies,4.0,18.3,73.2,East
2022-11-25,Filing Cabinet,Office Supplies,2.0,161.16,322.32,West
2022-11-26,Printer Laser X,Office Supplies,5.0,336.03,1680.15,North
2022-11-26,Formal Shirt,Clothing,1.0,42.08,42.08,South
2022-11-26,Conference Room Table,Furniture,3.0,836.72,2510.16,North
2022-11-26,4K Ultra HD Monitor,Technology,4.0,333.89,1335.56,North
2022-11-27,Filing Cabinet,Office Supplies,3.0,140.16,420.48,West
2022-11-27,Conference Room Table,Furniture,4.0,762.68,3050.72,South
2022-11-27,Coffee Maker,Appliances,1.0,183.66,183.66,East
2022-11-28,Smartphone Ultra,Technology,4.0,827.68,3310.72,West
2022-11-28,Wireless Headphones,Technology,3.0,143.0,429.0,South
2022-11-29,Business Backpack,Clothing,5.0,62.62,313.1,South
2022-11-29,Winter Jacket,Clothing,4.0,109.38,437.52,East
2022-11-29,Formal Shirt,Clothing,1.0,45.27,45.27,North
2022-11-29,Smartphone Ultra,Technology,2.0,875.82,1751.64,North
2022-11-29,Laptop Pro 15,Technology,1.0,1263.87,1263.87,West
2022-11-30,Filing Cabinet,Office Supplies,4.0,148.84,595.36,North
2022-11-30,Office Chair Pro,Furniture,5.0,271.78,1358.9,East
2022-11-30,Office Chair Pro,Furniture,1.0,295.35,295.35,North
2022-11-30,Conference Room Table,Furniture,6.0,844.62,5067.72,South
2022-11-30,Formal Shirt,Clothing,2.0,45.94,91.88,South
2022-12-01,Premium Notebook,Office Supplies,6.0,16.94,101.64,West
2022-12-01,Laptop Pro 15,Technology,6.0,1139.87,6839.22,East
2022-12-01,Printer Laser X,Office Supplies,3.0,340.47,1021.41,North
2022-12-01,Premium Notebook,Office Supplies,2.0,18.25,36.5,North
2022-12-01,Filing Cabinet,Office Supplies,6.0,144.08,864.48,West
2022-12-01,4K Ultra HD Monitor,Technology,3.0,348.02,1044.06,West
2022-12-01,4K Ultra HD Monitor,Technology,3.0,385.61,1156.83,East
2022-12-01,Wireless Headphones,Technology,1.0,150.26,150.26,West
2022-12-01,Wireless Headphones,Technology,2.0,134.64,269.28,South
2022-12-02,4K Ultra HD Monitor,Technology,4.0,370.98,1483.92,East
2022-12-02,Formal Shirt,Clothing,3.0,46.7,140.1,West
2022-12-02,Formal Shirt,Clothing,1.0,46.17,46.17,West
2022-12-03,Coffee Maker,Appliances,2.0,169.95,339.9,North
2022-12-03,Running Shoes,Clothing,4.0,91.34,365.36,West
2022-12-03,Laptop Pro 15,Technology,3.0,1234.16,3702.48,East
2022-12-04,Office Chair Pro,Furniture,3.0,277.28,831.84,North
2022-12-04,Winter Jacket,Clothing,8.0,108.81,870.48,South
2022-12-04,Conference Room Table,Furniture,2.0,831.66,1663.32,North
2022-12-04,Filing Cabinet,Office Supplies,4.0,149.4,597.6,South
2022-12-04,Business Backpack,Clothing,2.0,67.29,134.58,North
2022-12-05,Running Shoes,Clothing,5.0,97.11,485.55,South
2022-12-05,Formal Shirt,Clothing,1.0,42.66,42.66,North
2022-12-05,Running Shoes,Clothing,1.0,98.33,98.33,East
2022-12-05,4K Ultra HD Monitor,Technology,5.0,363.97,1819.85,North
2022-12-05,Business Backpack,Clothing,1.0,60.83,60.83,West
2022-12-05,Laptop Pro 15,Technology,4.0,1123.26,4493.04,North
2022-12-06,Printer Laser X,Office Supplies,1.0,300.71,300.71,West
2022-12-06,Coffee Maker,Appliances,1.0,178.16,178.16,North
2022-12-08,Office Chair Pro,Furniture,2.0,301.33,602.66,South
2022-12-08,Premium Notebook,Office Supplies,2.0,16.57,33.14,North
2022-12-09,Formal Shirt,Clothing,2.0,44.4,88.8,West
2022-12-10,Printer Laser X,Office Supplies,6.0,314.9,1889.4,West
2022-12-10,Running Shoes,Clothing,6.0,91.45,548.7,North
2022-12-10,Wireless Headphones,Technology,4.0,142.64,570.56,East
2022-12-10,Executive Ergonomic Desk,Furniture,1.0,553.46,553.46,West
2022-12-10,Running Shoes,Clothing,3.0,88.75,266.25,West
2022-12-10,Wireless Headphones,Technology,4.0,140.78,563.12,North
2022-12-11,Printer Laser X,Office Supplies,4.0,310.93,1243.72,South
2022-12-11,Printer Laser X,Office Supplies,4.0,315.41,1261.64,South
2022-12-11,Business Backpack,Clothing,3.0,69.63,208.89,West
2022-12-11,Wireless Headphones,Technology,2.0,150.94,301.88,East
2022-12-11,Formal Shirt,Clothing,2.0,43.99,87.98,North
2022-12-12,Premium Notebook,Office Supplies,2.0,17.76,35.52,West
2022-12-12,Filing Cabinet,Office Supplies,5.0,141.78,708.9,North
2022-12-13,Office Chair Pro,Furniture,6.0,280.28,1681.68,South
2022-12-13,Premium Notebook,Office Supplies,4.0,19.28,77.12,North
2022-12-14,Premium Notebook,Office Supplies,4.0,19.39,77.56,North
2022-12-14,Filing Cabinet,Office Supplies,1.0,161.97,161.97,North
2022-12-15,Smartphone Ultra,Technology,3.0,902.92,2708.76,West
2022-12-15,Filing Cabinet,Office Supplies,1.0,157.58,157.58,North
2022-12-15,Winter Jacket,Clothing,2.0,101.56,203.12,East
2022-12-15,Business Backpack,Clothing,4.0,62.94,251.76,North
2022-12-15,Formal Shirt,Clothing,2.0,41.64,83.28,South
2022-12-15,Business Backpack,Clothing,2.0,67.27,134.54,East
2022-12-15,Winter Jacket,Clothing,2.0,117.72,235.44,North
2022-12-15,4K Ultra HD Monitor,Technology,2.0,354.37,708.74,North
2022-12-16,Conference Room Table,Furniture,2.0,833.6,1667.2,East
2022-12-16,Winter Jacket,Clothing,6.0,117.71,706.26,West
2022-12-16,Premium Notebook,Office Supplies,2.0,18.96,37.92,East
2022-12-16,Filing Cabinet,Office Supplies,5.0,150.47,752.35,West
2022-12-17,Smartphone Ultra,Technology,3.0,783.35,2350.05,East
2022-12-17,Running Shoes,Clothing,2.0,90.64,181.28,South
2022-12-17,Coffee Maker,Appliances,2.0,177.61,355.22,South
2022-12-17,Smartphone Ultra,Technology,1.0,793.34,793.34,South
2022-12-17,Office Chair Pro,Furniture,2.0,278.01,556.02,South
2022-12-18,Wireless Headphones,Technology,4.0,134.65,538.6,South
2022-12-18,Conference Room Table,Furniture,3.0,863.15,2589.45,East
2022-12-19,Running Shoes,Clothing,2.0,89.45,178.9,North
2022-12-19,Wireless Headphones,Technology,2.0,134.72,269.44,North
2022-12-19,Formal Shirt,Clothing,3.0,44.54,133.62,South
2022-12-20,Formal Shirt,Clothing,1.0,42.66,42.66,West
2022-12-20,Premium Notebook,Office Supplies,1.0,16.71,16.71,East
2022-12-21,Printer Laser X,Office Supplies,3.0,339.92,1019.76,North
2022-12-21,Office Chair Pro,Furniture,2.0,283.57,567.14,West
2022-12-21,Running Shoes,Clothing,3.0,100.28,300.84,West
2022-12-21,Office Chair Pro,Furniture,3.0,277.0,831.0,South
2022-12-21,Business Backpack,Clothing,1.0,66.61,66.61,East
2022-12-22,Wireless Headphones,Technology,4.0,146.36,585.44,South
2022-12-22,4K Ultra HD Monitor,Technology,2.0,353.51,707.02,East
2022-12-22,Business Backpack,Clothing,4.0,70.1,280.4,North
2022-12-22,Premium Notebook,Office Supplies,3.0,16.88,50.64,East
2022-12-22,Laptop Pro 15,Technology,2.0,1230.98,2461.96,East
2022-12-23,Business Backpack,Clothing,2.0,63.52,127.04,East
2022-12-23,Filing Cabinet,Office Supplies,1.0,141.64,141.64,West
2022-12-24,Formal Shirt,Clothing,3.0,47.67,143.01,South
2022-12-25,Laptop Pro 15,Technology,4.0,1247.72,4990.88,South
2022-12-25,Smartphone Ultra,Technology,2.0,801.5,1603.0,North
2022-12-26,Printer Laser X,Office Supplies,4.0,329.07,1316.28,South
2022-12-26,Executive Ergonomic Desk,Furniture,1.0,591.37,591.37,West
2022-12-26,4K Ultra HD Monitor,Technology,4.0,366.54,1466.16,South
2022-12-26,Premium Notebook,Office Supplies,1.0,18.08,18.08,North
2022-12-26,Formal Shirt,Clothing,1.0,44.86,44.86,North
2022-12-27,Winter Jacket,Clothing,3.0,117.79,353.37,East
2022-12-27,Conference Room Table,Furniture,1.0,805.17,805.17,West
2022-12-27,Wireless Headphones,Technology,1.0,141.27,141.27,North
2022-12-27,Printer Laser X,Office Supplies,1.0,338.95,338.95,East
2022-12-27,4K Ultra HD Monitor,Technology,4.0,338.14,1352.56,South
2022-12-27,Business Backpack,Clothing,1.0,65.52,65.52,North
2022-12-27,Wireless Headphones,Technology,2.0,142.83,285.66,South
2022-12-27,Printer Laser X,Office Supplies,5.0,337.56,1687.8,North
2022-12-27,Running Shoes,Clothing,4.0,100.02,400.08,West
2022-12-28,Filing Cabinet,Office Supplies,4.0,155.29,621.16,West
2022-12-28,Smartphone Ultra,Technology,1.0,811.04,811.04,East
2022-12-28,Filing Cabinet,Office Supplies,1.0,160.72,160.72,North
2022-12-28,Wireless Headphones,Technology,3.0,136.75,410.25,East
2022-12-28,Formal Shirt,Clothing,3.0,42.43,127.29,East
2022-12-28,Running Shoes,Clothing,2.0,93.89,187.78,South
2022-12-28,Coffee Maker,Appliances,3.0,189.23,567.69,North
2022-12-29,Wireless Headphones,Technology,4.0,138.86,555.44,West
2022-12-29,Filing Cabinet,Office Supplies,3.0,146.03,438.09,East
2022-12-29,Printer Laser X,Office Supplies,1.0,320.79,320.79,South
2022-12-30,Laptop Pro 15,Technology,1.0,1251.69,1251.69,East
2022-12-30,Filing Cabinet,Office Supplies,2.0,151.9,303.8,South
2022-12-30,4K Ultra HD Monitor,Technology,1.0,367.42,367.42,East
2022-12-30,Running Shoes,Clothing,2.0,98.05,196.1,East
2022-12-31,Smartphone Ultra,Technology,2.0,897.38,1794.76,West
2022-12-31,Printer Laser X,Technology,5.0,310.77,1553.85,South
2022-12-31,Winter Jacket,Clothing,2.0,105.52,211.04,East
2023-01-01,Running Shoes,Clothing,3.0,97.79,293.37,West
2023-01-01,Executive Ergonomic Desk,Furniture,3.0,538.2,1614.6,North
2023-01-02,Business Backpack,Clothing,3.0,61.03,183.09,West
2023-01-02,Wireless Headphones,Technology,2.0,144.38,288.76,East
2023-01-02,Filing Cabinet,Office Supplies,5.0,157.68,788.4,West
2023-01-02,Filing Cabinet,Office Supplies,1.0,155.24,155.24,North
2023-01-03,Printer Laser X,Office Supplies,6.0,312.51,1875.06,South
2023-01-03,Winter Jacket,Clothing,4.0,112.71,450.84,South
2023-01-03,4K Ultra HD Monitor,Technology,2.0,338.06,676.12,North
2023-01-04,Smartphone Ultra,Technology,1.0,803.45,803.45,South
2023-01-04,Formal Shirt,Clothing,2.0,45.89,91.78,South
2023-01-05,Laptop Pro 15,Technology,1.0,1118.13,1118.13,North
2023-01-05,Conference Room Table,Furniture,2.0,841.29,1682.58,West
2023-01-05,Executive Ergonomic Desk,Furniture,7.0,579.11,4053.77,South
2023-01-06,Executive Ergonomic Desk,Furniture,1.0,584.71,584.71,East
2023-01-06,Executive Ergonomic Desk,Furniture,2.0,536.06,1072.12,West
2023-01-06,4K Ultra HD Monitor,Technology,2.0,343.53,687.06,North
2023-01-06,Business Backpack,Clothing,4.0,59.81,239.24,West
2023-01-06,4K Ultra HD Monitor,Technology,1.0,348.94,348.94,North
2023-01-07,Formal Shirt,Clothing,6.0,44.68,268.08,West
2023-01-07,Business Backpack,Clothing,3.0,67.39,202.17,South
2023-01-08,Formal Shirt,Clothing,2.0,44.84,89.68,East
2023-01-08,Formal Shirt,Clothing,3.0,47.14,141.42,East
2023-01-08,Premium Notebook,Office Supplies,2.0,17.03,34.06,South
2023-01-08,Formal Shirt,Clothing,3.0,47.48,142.44,South
2023-01-08,Conference Room Table,Furniture,5.0,764.71,3823.55,North
2023-01-09,Formal Shirt,Clothing,3.0,45.09,135.27,North
2023-01-09,Premium Notebook,Office Supplies,3.0,17.87,53.61,West
2023-01-09,4K Ultra HD Monitor,Technology,3.0,378.58,1135.74,North
2023-01-10,4K Ultra HD Monitor,Technology,1.0,353.13,353.13,North
2023-01-10,4K Ultra HD Monitor,Technology,1.0,338.52,338.52,South
2023-01-10,Laptop Pro 15,Technology,1.0,1287.29,1287.29,North
2023-01-10,Conference Room Table,Furniture,2.0,784.94,1569.88,West
2023-01-11,Printer Laser X,Office Supplies,2.0,343.49,686.98,North
2023-01-11,Office Chair Pro,Furniture,2.0,272.57,545.14,South
2023-01-12,Laptop Pro 15,Technology,1.0,1160.81,1160.81,South
2023-01-12,Filing Cabinet,Office Supplies,2.0,147.22,294.44,South
2023-01-12,Smartphone Ultra,Technology,1.0,858.64,858.64,North
2023-01-13,Filing Cabinet,Office Supplies,2.0,153.19,306.38,West
2023-01-13,Premium Notebook,Office Supplies,2.0,18.64,37.28,West
2023-01-14,Premium Notebook,Office Supplies,5.0,17.32,86.6,North
2023-01-14,Business Backpack,Clothing,1.0,63.23,63.23,North
2023-01-14,4K Ultra HD Monitor,Technology,1.0,366.35,366.35,West
2023-01-14,Smartphone Ultra,Technology,1.0,810.2,810.2,South
2023-01-14,Office Chair Pro,Furniture,1.0,278.49,278.49,East
2023-01-15,Premium Notebook,Office Supplies,1.0,18.66,18.66,West
2023-01-15,Executive Ergonomic Desk,Furniture,3.0,546.96,1640.88,South
2023-01-16,Smartphone Ultra,Technology,1.0,836.06,836.06,West
2023-01-16,Business Backpack,Clothing,2.0,68.54,137.08,West
2023-01-16,Wireless Headphones,Technology,1.0,138.1,138.1,East
2023-01-18,Wireless Headphones,Technology,1.0,131.98,131.98,East
2023-01-18,Filing Cabinet,Office Supplies,2.0,160.82,321.64,East
2023-01-18,Smartphone Ultra,Technology,2.0,837.04,1674.08,West
2023-01-18,Winter Jacket,Clothing,1.0,117.51,117.51,East
2023-01-19,Premium Notebook,Office Supplies,1.0,18.99,18.99,East
2023-01-19,Printer Laser X,Office Supplies,1.0,303.61,303.61,West
2023-01-19,Filing Cabinet,Office Supplies,2.0,153.65,307.3,East
2023-01-20,Business Backpack,Clothing,5.0,65.64,328.2,South
2023-01-20,Conference Room Table,Furniture,3.0,754.03,2262.09,East
2023-01-20,Business Backpack,Clothing,5.0,63.22,316.1,North
2023-01-21,Printer Laser X,Office Supplies,2.0,306.67,613.34,West
2023-01-21,Premium Notebook,Office Supplies,3.0,19.11,57.33,South
2023-01-21,Winter Jacket,Clothing,4.0,111.64,446.56,North
2023-01-21,Printer Laser X,Office Supplies,1.0,299.4,299.4,North
2023-01-21,Wireless Headphones,Technology,2.0,144.67,289.34,East
2023-01-22,Formal Shirt,Clothing,1.0,46.51,46.51,North
2023-01-22,Winter Jacket,Clothing,1.0,118.63,118.63,South
2023-01-22,Conference Room Table,Furniture,2.0,765.7,1531.4,South
2023-01-23,Winter Jacket,Clothing,2.0,116.76,233.52,South
2023-01-23,Printer Laser X,Office Supplies,3.0,318.06,954.18,North
2023-01-23,Smartphone Ultra,Technology,1.0,801.88,801.88,West
2023-01-23,Premium Notebook,Office Supplies,1.0,17.09,17.09,South
2023-01-24,Laptop Pro 15,Technology,4.0,1214.06,4856.24,West
2023-01-24,Business Backpack,Clothing,3.0,63.72,191.16,North
2023-01-24,4K Ultra HD Monitor,Technology,3.0,347.37,1042.11,South
2023-01-24,Conference Room Table,Furniture,1.0,803.09,803.09,North
2023-01-25,Printer Laser X,Office Supplies,1.0,318.73,318.73,South
2023-01-25,Premium Notebook,Office Supplies,3.0,16.59,49.77,East
2023-01-25,Laptop Pro 15,Technology,3.0,1152.84,3458.52,East
2023-01-26,Wireless Headphones,Technology,1.0,147.76,147.76,South
2023-01-27,Office Chair Pro,Furniture,3.0,275.45,826.35,East
2023-01-27,Executive Ergonomic Desk,Furniture,3.0,563.82,1691.46,East
2023-01-28,Running Shoes,Clothing,2.0,92.38,184.76,South
2023-01-28,Premium Notebook,Office Supplies,1.0,16.6,16.6,North
2023-01-28,Business Backpack,Clothing,2.0,63.18,126.36,East
2023-01-28,Premium Notebook,Office Supplies,1.0,18.64,18.64,West
2023-01-28,Premium Notebook,Technology,1.0,17.24,17.24,West
2023-01-28,Premium Notebook,Office Supplies,1.0,17.54,17.54,North
2023-01-29,Formal Shirt,Clothing,1.0,44.02,44.02,South
2023-01-29,Business Backpack,Clothing,4.0,63.47,253.88,West
2023-01-29,Running Shoes,Clothing,1.0,92.53,92.53,South
2023-01-29,Smartphone Ultra,Technology,1.0,788.99,788.99,North
2023-01-29,Laptop Pro 15,Technology,1.0,1153.71,1153.71,East
2023-01-29,4K Ultra HD Monitor,Technology,5.0,370.26,1851.3,South
2023-01-29,4K Ultra HD Monitor,Technology,8.0,340.35,2722.8,South
2023-01-30,Executive Ergonomic Desk,Furniture,2.0,536.34,1072.68,East
2023-01-31,Filing Cabinet,Office Supplies,4.0,159.61,638.44,South
2023-01-31,Business Backpack,Clothing,2.0,65.64,131.28,West
2023-01-31,Premium Notebook,Office Supplies,1.0,18.8,18.8,North
2023-01-31,Winter Jacket,Clothing,2.0,113.38,226.76,South
2023-01-31,Business Backpack,Clothing,3.0,65.89,197.67,East
2023-01-31,Premium Notebook,Office Supplies,4.0,16.84,67.36,North
2023-01-31,Formal Shirt,Clothing,1.0,47.2,47.2,North
2023-02-01,Premium Notebook,Office Supplies,2.0,19.3,38.6,East
2023-02-01,Conference Room Table,Furniture,1.0,823.8,823.8,South
2023-02-01,Smartphone Ultra,Technology,1.0,914.13,914.13,West
2023-02-01,Smartphone Ultra,Technology,3.0,888.47,2665.41,South
2023-02-02,Printer Laser X,Office Supplies,1.0,300.41,300.41,North
2023-02-02,Running Shoes,Clothing,1.0,95.62,95.62,North
2023-02-02,Laptop Pro 15,Technology,1.0,1205.91,1205.91,East
2023-02-02,Premium Notebook,Office Supplies,1.0,18.86,18.86,North
2023-02-02,Coffee Maker,Appliances,3.0,187.63,562.89,West
2023-02-02,Filing Cabinet,Office Supplies,4.0,140.17,560.68,West
2023-02-02,Printer Laser X,Office Supplies,1.0,298.31,298.31,East
2023-02-02,Premium Notebook,Office Supplies,2.0,18.0,36.0,West
2023-02-03,Printer Laser X,Office Supplies,1.0,301.15,301.15,South
2023-02-03,Premium Notebook,Office Supplies,3.0,19.2,57.6,East
2023-02-03,Smartphone Ultra,Technology,2.0,782.88,1565.76,West
2023-02-03,Formal Shirt,Clothing,3.0,46.35,139.05,North
2023-02-03,Laptop Pro 15,Technology,3.0,1231.98,3695.94,West
2023-02-05,Printer Laser X,Office Supplies,3.0,314.49,943.47,East
2023-02-05,Executive Ergonomic Desk,Furniture,3.0,568.09,1704.27,South
2023-02-06,Formal Shirt,Clothing,4.0,43.21,172.84,South
2023-02-06,Executive Ergonomic Desk,Furniture,2.0,566.34,1132.68,East
2023-02-06,Office Chair Pro,Furniture,2.0,258.63,517.26,North
2023-02-06,Executive Ergonomic Desk,Furniture,2.0,536.52,1073.04,West
2023-02-06,Wireless Headphones,Technology,2.0,130.95,261.9,South
2023-02-07,Wireless Headphones,Technology,5.0,146.82,734.1,East
2023-02-08,Business Backpack,Clothing,2.0,63.66,127.32,East
2023-02-08,4K Ultra HD Monitor,Technology,3.0,379.07,1137.21,East
2023-02-08,Running Shoes,Clothing,2.0,92.31,184.62,North
2023-02-09,Premium Notebook,Office Supplies,4.0,18.55,74.2,East
2023-02-09,Office Chair Pro,Furniture,3.0,261.47,784.41,East
2023-02-09,Formal Shirt,Clothing,1.0,42.3,42.3,South
2023-02-09,Laptop Pro 15,Technology,1.0,1244.09,1244.09,South
2023-02-09,Smartphone Ultra,Technology,4.0,835.08,3340.32,East
2023-02-09,Office Chair Pro,Furniture,1.0,273.84,273.84,North
2023-02-09,Executive Ergonomic Desk,Furniture,1.0,597.83,597.83,South
2023-02-10,Conference Room Table,Furniture,1.0,766.78,766.78,South
2023-02-10,Office Chair Pro,Furniture,5.0,276.27,1381.35,West
2023-02-10,Smartphone Ultra,Technology,2.0,891.97,1783.94,West
2023-02-11,Wireless Headphones,Technology,3.0,139.92,419.76,East
2023-02-11,Office Chair Pro,Furniture,1.0,288.99,288.99,North
2023-02-11,Executive Ergonomic Desk,Furniture,4.0,584.2,2336.8,North
2023-02-11,Printer Laser X,Office Supplies,4.0,330.56,1322.24,North
2023-02-12,Conference Room Table,Furniture,3.0,768.72,2306.16,South
2023-02-13,Premium Notebook,Office Supplies,2.0,16.83,33.66,West
2023-02-13,Business Backpack,Clothing,1.0,66.66,66.66,East
2023-02-13,Executive Ergonomic Desk,Furniture,4.0,541.77,2167.08,North
2023-02-14,Office Chair Pro,Furniture,2.0,302.18,604.36,North
2023-02-14,Wireless Headphones,Technology,1.0,131.88,131.88,North
2023-02-15,Premium Notebook,Office Supplies,5.0,17.58,87.9,West
2023-02-15,Printer Laser X,Office Supplies,1.0,325.52,325.52,West
2023-02-15,Premium Notebook,Office Supplies,3.0,18.82,56.46,North
2023-02-15,Premium Notebook,Office Supplies,1.0,18.19,18.19,North
2023-02-15,4K Ultra HD Monitor,Technology,2.0,380.71,761.42,South
2023-02-15,Printer Laser X,Office Supplies,5.0,305.15,1525.75,West
2023-02-15,Executive Ergonomic Desk,Furniture,1.0,585.78,585.78,South
2023-02-16,Conference Room Table,Technology,2.0,762.5,1525.0,West
2023-02-16,Office Chair Pro,Furniture,2.0,266.65,533.3,West
2023-02-16,Running Shoes,Clothing,2.0,95.85,191.7,South
2023-02-17,Filing Cabinet,Office Supplies,5.0,140.86,704.3,West
2023-02-17,Conference Room Table,Furniture,3.0,860.34,2581.02,South
2023-02-17,Formal Shirt,Clothing,2.0,44.09,88.18,West
2023-02-17,Filing Cabinet,Office Supplies,1.0,153.13,153.13,West
2023-02-18,Business Backpack,Clothing,1.0,61.46,61.46,East
2023-02-18,Smartphone Ultra,Technology,3.0,801.75,2405.25,North
2023-02-18,Premium Notebook,Office Supplies,3.0,17.7,53.1,West
2023-02-18,Smartphone Ultra,Technology,1.0,883.86,883.86,North
2023-02-18,Laptop Pro 15,Technology,4.0,1160.14,4640.56,North
2023-02-19,Running Shoes,Clothing,4.0,90.55,362.2,North
2023-02-19,Wireless Headphones,Technology,3.0,141.73,425.19,West
2023-02-19,Executive Ergonomic Desk,Furniture,3.0,565.56,1696.68,West
2023-02-19,Wireless Headphones,Technology,1.0,145.95,145.95,South
2023-02-19,Smartphone Ultra,Technology,4.0,843.47,3373.88,East
2023-02-20,Filing Cabinet,Office Supplies,3.0,143.36,430.08,North
2023-02-20,Winter Jacket,Clothing,1.0,103.85,103.85,South
2023-02-20,Office Chair Pro,Furniture,2.0,267.39,534.78,East
2023-02-20,Winter Jacket,Clothing,2.0,110.47,220.94,North
2023-02-20,Laptop Pro 15,Technology,5.0,1181.44,5907.2,South
2023-02-20,Printer Laser X,Office Supplies,2.0,301.87,603.74,South
2023-02-20,Filing Cabinet,Office Supplies,2.0,150.45,300.9,East
2023-02-20,Business Backpack,Clothing,1.0,68.94,68.94,East
2023-02-21,Premium Notebook,Office Supplies,5.0,18.48,92.4,East
2023-02-22,Smartphone Ultra,Technology,3.0,821.09,2463.27,East
2023-02-22,Office Chair Pro,Furniture,3.0,293.28,879.84,North
2023-02-22,4K Ultra HD Monitor,Technology,2.0,387.02,774.04,North
2023-02-23,Business Backpack,Clothing,1.0,67.66,67.66,South
2023-02-23,Wireless Headphones,Technology,1.0,140.17,140.17,East
2023-02-23,4K Ultra HD Monitor,Technology,3.0,383.35,1150.05,North
2023-02-24,Winter Jacket,Clothing,4.0,111.52,446.08,West
2023-02-24,Running Shoes,Clothing,3.0,97.57,292.71,East
2023-02-24,Filing Cabinet,Office Supplies,2.0,143.29,286.58,South
2023-02-24,Smartphone Ultra,Technology,2.0,904.19,1808.38,South
2023-02-24,Winter Jacket,Clothing,1.0,112.53,112.53,North
2023-02-25,4K Ultra HD Monitor,Technology,1.0,347.03,347.03,North
2023-02-26,Business Backpack,Clothing,4.0,60.83,243.32,South
2023-02-26,Premium Notebook,Office Supplies,1.0,18.46,18.46,North
2023-02-26,Office Chair Pro,Furniture,1.0,295.07,295.07,West
2023-02-28,Laptop Pro 15,Technology,2.0,1196.6,2393.2,North
2023-02-28,Filing Cabinet,Office Supplies,3.0,150.4,451.2,South
2023-03-01,Business Backpack,Clothing,1.0,63.41,63.41,North
2023-03-01,Smartphone Ultra,Technology,1.0,810.61,810.61,East
2023-03-01,Printer Laser X,Office Supplies,1.0,309.81,309.81,West
2023-03-01,Office Chair Pro,Furniture,4.0,267.95,1071.8,North
2023-03-01,Filing Cabinet,Office Supplies,3.0,153.5,460.5,West
2023-03-02,Winter Jacket,Clothing,2.0,115.28,230.56,North
2023-03-02,Filing Cabinet,Office Supplies,2.0,142.51,285.02,South
2023-03-02,Premium Notebook,Office Supplies,2.0,18.48,36.96,North
2023-03-03,Conference Room Table,Furniture,3.0,761.89,2285.67,North
2023-03-03,Laptop Pro 15,Technology,1.0,1209.1,1209.1,North
2023-03-03,Winter Jacket,Clothing,1.0,111.03,111.03,West
2023-03-03,Business Backpack,Clothing,3.0,69.43,208.29,North
2023-03-04,4K Ultra HD Monitor,Technology,1.0,368.69,368.69,West
2023-03-04,Wireless Headphones,Technology,1.0,145.87,145.87,North
2023-03-04,Running Shoes,Clothing,2.0,96.06,192.12,South
2023-03-04,Smartphone Ultra,Technology,4.0,787.64,3150.56,North
2023-03-05,Running Shoes,Clothing,3.0,91.24,273.72,South
2023-03-05,Running Shoes,Clothing,2.0,91.7,183.4,North
2023-03-05,Printer Laser X,Office Supplies,2.0,314.08,628.16,South
2023-03-05,4K Ultra HD Monitor,Technology,1.0,362.65,362.65,North
2023-03-05,Executive Ergonomic Desk,Furniture,1.0,545.19,545.19,South
2023-03-05,Laptop Pro 15,Technology,2.0,1245.9,2491.8,South
2023-03-05,Filing Cabinet,Office Supplies,2.0,148.16,296.32,East
2023-03-06,4K Ultra HD Monitor,Technology,1.0,336.45,336.45,North
2023-03-06,Coffee Maker,Appliances,1.0,169.87,169.87,North
2023-03-06,Business Backpack,Clothing,1.0,68.65,68.65,West
2023-03-07,Premium Notebook,Office Supplies,2.0,19.21,38.42,West
2023-03-07,Conference Room Table,Furniture,1.0,808.11,808.11,North
2023-03-07,Laptop Pro 15,Technology,2.0,1205.88,2411.76,East
2023-03-08,Coffee Maker,Appliances,5.0,172.77,863.85,West
2023-03-08,4K Ultra HD Monitor,Technology,2.0,359.58,719.16,West
2023-03-08,Office Chair Pro,Furniture,2.0,280.92,561.84,South
2023-03-08,4K Ultra HD Monitor,Technology,1.0,383.4,383.4,South
2023-03-08,Filing Cabinet,Office Supplies,4.0,141.61,566.44,South
2023-03-09,Winter Jacket,Clothing,1.0,114.3,114.3,East
2023-03-09,Business Backpack,Clothing,6.0,66.57,399.42,South
2023-03-09,Executive Ergonomic Desk,Furniture,1.0,575.3,575.3,North
2023-03-09,Smartphone Ultra,Technology,1.0,913.93,913.93,South
2023-03-10,Office Chair Pro,Furniture,6.0,258.88,1553.28,West
2023-03-11,Office Chair Pro,Furniture,1.0,283.71,283.71,East
2023-03-11,Office Chair Pro,Furniture,2.0,279.97,559.94,North
2023-03-11,Office Chair Pro,Furniture,3.0,276.28,828.84,West
2023-03-12,4K Ultra HD Monitor,Technology,1.0,364.73,364.73,West
2023-03-12,Business Backpack,Clothing,1.0,66.19,66.19,West
2023-03-12,4K Ultra HD Monitor,Technology,3.0,385.34,1156.02,South
2023-03-12,Premium Notebook,Office Supplies,1.0,18.43,18.43,East
2023-03-13,Formal Shirt,Clothing,1.0,47.8,47.8,West
2023-03-13,Printer Laser X,Office Supplies,3.0,321.53,964.59,West
2023-03-13,Executive Ergonomic Desk,Furniture,2.0,565.86,1131.72,East
2023-03-13,Office Chair Pro,Furniture,1.0,290.31,290.31,East
2023-03-13,Wireless Headphones,Technology,3.0,148.34,445.02,North
2023-03-13,Formal Shirt,Clothing,2.0,44.79,89.58,North
2023-03-14,Business Backpack,Clothing,4.0,67.19,268.76,East
2023-03-14,Office Chair Pro,Furniture,3.0,301.04,903.12,West
2023-03-14,Office Chair Pro,Furniture,3.0,280.88,842.64,East
2023-03-15,Smartphone Ultra,Technology,4.0,917.1,3668.4,East
2023-03-15,Business Backpack,Clothing,2.0,67.6,135.2,South
2023-03-16,Executive Ergonomic Desk,Furniture,2.0,583.17,1166.34,East
2023-03-16,Coffee Maker,Appliances,1.0,165.75,165.75,South
2023-03-16,Executive Ergonomic Desk,Furniture,2.0,589.47,1178.94,West
2023-03-16,Running Shoes,Clothing,2.0,95.52,191.04,South
2023-03-16,Filing Cabinet,Office Supplies,2.0,150.93,301.86,West
2023-03-16,4K Ultra HD Monitor,Technology,2.0,385.72,771.44,North
2023-03-16,Wireless Headphones,Technology,2.0,147.01,294.02,East
2023-03-17,Filing Cabinet,Office Supplies,5.0,160.13,800.65,North
2023-03-17,Premium Notebook,Office Supplies,2.0,18.45,36.9,West
2023-03-17,Conference Room Table,Furniture,3.0,802.18,2406.54,North
2023-03-17,Wireless Headphones,Technology,1.0,135.89,135.89,East
2023-03-18,Wireless Headphones,Technology,4.0,138.87,555.48,West
2023-03-18,Executive Ergonomic Desk,Furniture,1.0,539.89,539.89,South
2023-03-18,Conference Room Table,Furniture,4.0,795.07,3180.28,North
2023-03-18,Premium Notebook,Office Supplies,2.0,19.13,38.26,South
2023-03-20,Executive Ergonomic Desk,Furniture,1.0,555.45,555.45,East
2023-03-20,Office Chair Pro,Furniture,4.0,294.46,1177.84,North
2023-03-21,Formal Shirt,Clothing,3.0,47.56,142.68,East
2023-03-21,4K Ultra HD Monitor,Technology,1.0,364.31,364.31,South
2023-03-23,Formal Shirt,Clothing,3.0,43.74,131.22,North
2023-03-25,Filing Cabinet,Office Supplies,1.0,150.96,150.96,East
2023-03-25,Wireless Headphones,Technology,3.0,134.67,404.01,South
2023-03-25,Office Chair Pro,Furniture,4.0,258.24,1032.96,North
2023-03-25,Printer Laser X,Office Supplies,3.0,298.36,895.08,South
2023-03-25,Premium Notebook,Office Supplies,1.0,18.7,18.7,East
2023-03-26,Formal Shirt,Clothing,1.0,43.01,43.01,North
2023-03-26,Laptop Pro 15,Technology,2.0,1280.78,2561.56,North
2023-03-26,Wireless Headphones,Technology,3.0,140.86,422.58,North
2023-03-26,Filing Cabinet,Office Supplies,1.0,151.64,151.64,East
2023-03-27,Conference Room Table,Furniture,3.0,793.29,2379.87,North
2023-03-27,Premium Notebook,Office Supplies,3.0,16.7,50.1,East
2023-03-27,Conference Room Table,Furniture,1.0,858.25,858.25,North
2023-03-27,Wireless Headphones,Technology,3.0,143.46,430.38,North
2023-03-27,Winter Jacket,Clothing,1.0,110.62,110.62,West
2023-03-27,Formal Shirt,Clothing,1.0,43.4,43.4,West
2023-03-28,Wireless Headphones,Technology,1.0,148.18,148.18,West
2023-03-28,Conference Room Table,Furniture,1.0,758.2,758.2,East
2023-03-28,Laptop Pro 15,Technology,4.0,1186.22,4744.88,East
2023-03-28,Filing Cabinet,Office Supplies,1.0,150.83,150.83,North
2023-03-28,Premium Notebook,Office Supplies,4.0,17.73,70.92,West
2023-03-28,Wireless Headphones,Technology,1.0,145.03,145.03,East
2023-03-29,4K Ultra HD Monitor,Technology,3.0,340.95,1022.85,East
2023-03-30,Coffee Maker,Appliances,1.0,191.4,191.4,East
2023-03-30,Smartphone Ultra,Technology,3.0,862.27,2586.81,East
2023-03-30,Laptop Pro 15,Technology,3.0,1235.01,3705.03,North
2023-03-31,Office Chair Pro,Furniture,4.0,299.69,1198.76,South
2023-03-31,Running Shoes,Clothing,1.0,95.01,95.01,East
2023-03-31,Business Backpack,Clothing,2.0,65.34,130.68,North
2023-03-31,Laptop Pro 15,Technology,3.0,1160.25,3480.75,South
2023-03-31,Smartphone Ultra,Technology,3.0,836.92,2510.76,North
2023-04-01,Premium Notebook,Office Supplies,2.0,19.07,38.14,South
2023-04-01,Business Backpack,Clothing,3.0,60.45,181.35,North
2023-04-01,Office Chair Pro,Furniture,2.0,262.6,525.2,North
2023-04-01,Printer Laser X,Office Supplies,1.0,338.93,338.93,East
2023-04-01,Office Chair Pro,Furniture,1.0,277.54,277.54,West
2023-04-01,Wireless Headphones,Technology,3.0,150.95,452.85,North
2023-04-02,Formal Shirt,Clothing,3.0,45.88,137.64,South
2023-04-02,Executive Ergonomic Desk,Furniture,3.0,600.34,1801.02,North
2023-04-02,Premium Notebook,Office Supplies,1.0,16.89,16.89,South
2023-04-02,Executive Ergonomic Desk,Furniture,2.0,589.33,1178.66,South
2023-04-02,Filing Cabinet,Office Supplies,3.0,138.14,414.42,East
2023-04-02,Winter Jacket,Clothing,3.0,101.44,304.32,West
2023-04-02,Wireless Headphones,Technology,1.0,149.53,149.53,North
2023-04-03,Running Shoes,Clothing,1.0,91.22,91.22,West
2023-04-03,Winter Jacket,Clothing,1.0,110.09,110.09,East
2023-04-03,Winter Jacket,Clothing,1.0,106.2,106.2,North
2023-04-03,Laptop Pro 15,Technology,1.0,1207.52,1207.52,East
2023-04-03,4K Ultra HD Monitor,Technology,6.0,331.4,1988.4,North
2023-04-04,Filing Cabinet,Office Supplies,3.0,154.39,463.17,East
2023-04-04,Conference Room Table,Furniture,2.0,849.96,1699.92,South
2023-04-04,Filing Cabinet,Office Supplies,1.0,144.52,144.52,East
2023-04-05,Premium Notebook,Office Supplies,2.0,16.89,33.78,North
2023-04-05,Business Backpack,Clothing,2.0,67.68,135.36,South
2023-04-05,Smartphone Ultra,Technology,3.0,917.41,2752.23,East
2023-04-05,Smartphone Ultra,Technology,1.0,810.69,810.69,South
2023-04-05,Winter Jacket,Clothing,3.0,116.35,349.05,South
2023-04-05,Formal Shirt,Clothing,3.0,42.8,128.4,West
2023-04-05,Filing Cabinet,Office Supplies,1.0,144.83,144.83,North
2023-04-06,Executive Ergonomic Desk,Furniture,2.0,543.81,1087.62,North
2023-04-06,Smartphone Ultra,Technology,1.0,808.21,808.21,East
2023-04-06,Office Chair Pro,Furniture,1.0,271.08,271.08,West
2023-04-07,Formal Shirt,Clothing,1.0,47.47,47.47,South
2023-04-07,Premium Notebook,Office Supplies,7.0,18.75,131.25,West
2023-04-07,Premium Notebook,Office Supplies,3.0,18.13,54.39,South
2023-04-08,Filing Cabinet,Office Supplies,2.0,145.74,291.48,North
2023-04-08,Wireless Headphones,Technology,1.0,140.27,140.27,South
2023-04-08,Office Chair Pro,Furniture,2.0,281.43,562.86,East
2023-04-08,Wireless Headphones,Technology,2.0,139.47,278.94,South
2023-04-08,Conference Room Table,Furniture,7.0,763.88,5347.16,South
2023-04-08,Office Chair Pro,Furniture,1.0,301.81,301.81,North
2023-04-09,Premium Notebook,Office Supplies,2.0,18.88,37.76,East
2023-04-09,4K Ultra HD Monitor,Technology,2.0,365.66,731.32,North
2023-04-10,Premium Notebook,Office Supplies,1.0,17.47,17.47,West
2023-04-10,Winter Jacket,Clothing,3.0,113.47,340.41,North
2023-04-11,Formal Shirt,Clothing,3.0,43.07,129.21,South
2023-04-11,Business Backpack,Clothing,1.0,69.94,69.94,North
2023-04-11,Coffee Maker,Appliances,1.0,187.65,187.65,East
2023-04-11,Business Backpack,Clothing,1.0,62.07,62.07,East
2023-04-11,4K Ultra HD Monitor,Technology,2.0,369.32,738.64,West
2023-04-11,Printer Laser X,Office Supplies,2.0,312.63,625.26,North
2023-04-12,Wireless Headphones,Technology,4.0,147.36,589.44,East
2023-04-12,Premium Notebook,Office Supplies,2.0,18.0,36.0,South
2023-04-13,Office Chair Pro,Furniture,2.0,295.88,591.76,East
2023-04-13,Filing Cabinet,Office Supplies,1.0,145.64,145.64,West
2023-04-13,Printer Laser X,Office Supplies,4.0,305.99,1223.96,North
2023-04-13,Office Chair Pro,Furniture,2.0,299.0,598.0,East
2023-04-13,4K Ultra HD Monitor,Technology,2.0,339.43,678.86,East
2023-04-13,Wireless Headphones,Technology,1.0,133.75,133.75,South
2023-04-13,Formal Shirt,Clothing,2.0,46.48,92.96,East
2023-04-14,Premium Notebook,Office Supplies,3.0,17.04,51.12,South
2023-04-14,Filing Cabinet,Office Supplies,3.0,149.55,448.65,East
2023-04-15,Filing Cabinet,Office Supplies,3.0,153.23,459.69,North
2023-04-16,Premium Notebook,Office Supplies,6.0,19.37,116.22,North
2023-04-16,Smartphone Ultra,Technology,1.0,849.79,849.79,South
2023-04-16,Wireless Headphones,Technology,2.0,145.65,291.3,West
2023-04-16,Smartphone Ultra,Technology,1.0,909.73,909.73,South
2023-04-16,4K Ultra HD Monitor,Technology,4.0,380.64,1522.56,West
2023-04-17,Wireless Headphones,Technology,1.0,144.67,144.67,West
2023-04-17,Executive Ergonomic Desk,Furniture,2.0,585.27,1170.54,East
2023-04-17,Running Shoes,Clothing,1.0,88.74,88.74,East
2023-04-17,Conference Room Table,Furniture,4.0,851.84,3407.36,North
2023-04-17,Premium Notebook,Office Supplies,1.0,18.92,18.92,East
2023-04-17,Coffee Maker,Appliances,5.0,173.86,869.3,South
2023-04-18,Conference Room Table,Furniture,1.0,745.16,745.16,South
2023-04-18,Filing Cabinet,Office Supplies,1.0,147.02,147.02,East
2023-04-18,Premium Notebook,Office Supplies,3.0,17.93,53.79,East
2023-04-18,Laptop Pro 15,Technology,1.0,1257.4,1257.4,North
2023-04-18,Filing Cabinet,Office Supplies,1.0,159.27,159.27,North
2023-04-19,Business Backpack,Clothing,2.0,63.3,126.6,East
2023-04-20,Winter Jacket,Clothing,1.0,103.76,103.76,North
2023-04-20,Premium Notebook,Office Supplies,2.0,16.59,33.18,North
2023-04-20,Office Chair Pro,Furniture,3.0,282.96,848.88,South
2023-04-21,Smartphone Ultra,Technology,1.0,841.22,841.22,North
2023-04-21,Laptop Pro 15,Technology,1.0,1127.01,1127.01,South
2023-04-22,Laptop Pro 15,Technology,4.0,1128.84,4515.36,North
2023-04-22,Running Shoes,Clothing,2.0,87.63,175.26,East
2023-04-22,Formal Shirt,Clothing,1.0,48.44,48.44,South
2023-04-22,Office Chair Pro,Furniture,2.0,285.33,570.66,North
2023-04-23,Business Backpack,Clothing,4.0,61.48,245.92,West
2023-04-23,Printer Laser X,Office Supplies,4.0,319.54,1278.16,North
2023-04-24,Running Shoes,Clothing,1.0,88.26,88.26,North
2023-04-24,Wireless Headphones,Technology,1.0,148.29,148.29,East
2023-04-24,Wireless Headphones,Technology,1.0,132.54,132.54,West
2023-04-24,Formal Shirt,Clothing,2.0,46.86,93.72,North
2023-04-25,Office Chair Pro,Furniture,4.0,260.57,1042.28,East
2023-04-25,Laptop Pro 15,Technology,1.0,1165.78,1165.78,South
2023-04-25,Filing Cabinet,Office Supplies,2.0,148.35,296.7,South
2023-04-25,Formal Shirt,Clothing,1.0,42.99,42.99,East
2023-04-25,Business Backpack,Clothing,1.0,64.63,64.63,West
2023-04-26,Formal Shirt,Clothing,1.0,41.83,41.83,South
2023-04-26,Premium Notebook,Office Supplies,1.0,17.08,17.08,West
2023-04-26,Business Backpack,Clothing,3.0,61.05,183.15,North
2023-04-27,Business Backpack,Clothing,1.0,60.18,60.18,East
2023-04-27,Executive Ergonomic Desk,Furniture,3.0,574.74,1724.22,North
2023-04-27,Winter Jacket,Clothing,3.0,106.44,319.32,South
2023-04-28,Printer Laser X,Office Supplies,4.0,329.12,1316.48,North
2023-04-28,Wireless Headphones,Technology,2.0,131.85,263.7,North
2023-04-28,Laptop Pro 15,Technology,2.0,1131.4,2262.8,South
2023-04-28,Formal Shirt,Clothing,1.0,44.09,44.09,North
2023-04-29,Printer Laser X,Office Supplies,1.0,342.84,342.84,East
2023-04-29,Wireless Headphones,Technology,1.0,135.9,135.9,East
2023-04-29,4K Ultra HD Monitor,Technology,1.0,366.16,366.16,South
2023-04-29,Business Backpack,Clothing,7.0,64.16,449.12,East
2023-04-29,Wireless Headphones,Technology,2.0,146.02,292.04,East
2023-04-29,Laptop Pro 15,Technology,6.0,1160.25,6961.5,North
2023-04-30,Laptop Pro 15,Technology,3.0,1127.8,3383.4,East
2023-04-30,Filing Cabinet,Office Supplies,5.0,144.13,720.65,South
2023-04-30,Smartphone Ultra,Technology,2.0,843.96,1687.92,East
2023-05-01,4K Ultra HD Monitor,Technology,2.0,380.0,760.0,South
2023-05-01,Filing Cabinet,Office Supplies,7.0,153.27,1072.89,West
2023-05-01,Premium Notebook,Office Supplies,1.0,18.66,18.66,West
2023-05-01,Formal Shirt,Clothing,2.0,42.84,85.68,South
2023-05-02,Executive Ergonomic Desk,Furniture,3.0,553.64,1660.92,North
2023-05-03,Wireless Headphones,Technology,4.0,144.0,576.0,North
2023-05-03,Premium Notebook,Office Supplies,2.0,17.67,35.34,North
2023-05-03,Premium Notebook,Office Supplies,1.0,17.93,17.93,North
2023-05-03,Premium Notebook,Office Supplies,1.0,18.02,18.02,North
2023-05-03,4K Ultra HD Monitor,Technology,1.0,368.08,368.08,South
2023-05-04,Filing Cabinet,Office Supplies,1.0,141.47,141.47,East
2023-05-04,Wireless Headphones,Technology,4.0,135.74,542.96,North
2023-05-04,Wireless Headphones,Technology,1.0,142.62,142.62,South
2023-05-04,Premium Notebook,Office Supplies,1.0,17.79,17.79,North
2023-05-05,Coffee Maker,Appliances,4.0,192.52,770.08,South
2023-05-05,Wireless Headphones,Technology,4.0,146.37,585.48,East
2023-05-05,Premium Notebook,Office Supplies,2.0,17.49,34.98,South
2023-05-06,Laptop Pro 15,Technology,3.0,1132.76,3398.28,East
2023-05-06,4K Ultra HD Monitor,Technology,1.0,344.74,344.74,South
2023-05-06,4K Ultra HD Monitor,Technology,1.0,358.4,358.4,North
2023-05-06,Business Backpack,Clothing,1.0,61.35,61.35,East
2023-05-06,Smartphone Ultra,Technology,3.0,844.95,2534.85,South
2023-05-07,Printer Laser X,Office Supplies,1.0,342.47,342.47,South
2023-05-07,Conference Room Table,Furniture,4.0,798.41,3193.64,East
2023-05-07,Business Backpack,Clothing,3.0,66.49,199.47,North
2023-05-08,Wireless Headphones,Technology,1.0,135.46,135.46,East
2023-05-08,Printer Laser X,Office Supplies,2.0,322.42,644.84,South
2023-05-08,Filing Cabinet,Office Supplies,3.0,138.69,416.07,North
2023-05-09,Running Shoes,Clothing,2.0,92.53,185.06,West
2023-05-09,Executive Ergonomic Desk,Furniture,3.0,598.23,1794.69,South
2023-05-09,Smartphone Ultra,Technology,2.0,790.53,1581.06,South
2023-05-09,Office Chair Pro,Furniture,4.0,294.39,1177.56,West
2023-05-09,Business Backpack,Clothing,2.0,62.1,124.2,North
2023-05-10,Running Shoes,Clothing,5.0,95.85,479.25,North
2023-05-10,Filing Cabinet,Office Supplies,3.0,150.37,451.11,North
2023-05-10,Wireless Headphones,Technology,2.0,144.85,289.7,East
2023-05-11,Premium Notebook,Office Supplies,2.0,18.48,36.96,East
2023-05-11,Winter Jacket,Clothing,3.0,110.23,330.69,North
2023-05-11,Filing Cabinet,Office Supplies,1.0,152.58,152.58,West
2023-05-12,Printer Laser X,Office Supplies,4.0,303.43,1213.72,North
2023-05-12,Office Chair Pro,Furniture,2.0,272.2,544.4,North
2023-05-12,Premium Notebook,Office Supplies,2.0,18.86,37.72,North
2023-05-12,Business Backpack,Clothing,3.0,66.77,200.31,South
2023-05-13,Coffee Maker,Appliances,4.0,187.08,748.32,East
2023-05-13,Premium Notebook,Office Supplies,3.0,16.81,50.43,East
2023-05-13,4K Ultra HD Monitor,Technology,1.0,380.49,380.49,East
2023-05-14,Executive Ergonomic Desk,Furniture,2.0,542.94,1085.88,West
2023-05-14,Coffee Maker,Appliances,4.0,165.85,663.4,North
2023-05-14,Running Shoes,Clothing,5.0,98.74,493.7,North
2023-05-14,Premium Notebook,Office Supplies,2.0,17.35,34.7,North
2023-05-15,Smartphone Ultra,Technology,1.0,816.98,816.98,West
2023-05-15,Wireless Headphones,Technology,4.0,133.8,535.2,West
2023-05-15,Premium Notebook,Office Supplies,3.0,18.26,54.78,West
2023-05-16,Office Chair Pro,Furniture,4.0,283.83,1135.32,East
2023-05-16,Coffee Maker,Appliances,4.0,167.16,668.64,South
2023-05-16,Premium Notebook,Office Supplies,3.0,18.96,56.88,East
2023-05-16,Formal Shirt,Clothing,2.0,46.25,92.5,North
2023-05-17,Filing Cabinet,Office Supplies,2.0,158.27,316.54,East
2023-05-17,Smartphone Ultra,Technology,3.0,915.32,2745.96,East
2023-05-17,Smartphone Ultra,Technology,2.0,853.54,1707.08,East
2023-05-17,Premium Notebook,Office Supplies,3.0,18.8,56.4,West
2023-05-17,Printer Laser X,Office Supplies,3.0,337.77,1013.31,South
2023-05-18,Winter Jacket,Clothing,4.0,101.76,407.04,South
2023-05-18,Printer Laser X,Office Supplies,1.0,339.4,339.4,West
2023-05-18,4K Ultra HD Monitor,Technology,1.0,388.62,388.62,North
2023-05-18,Running Shoes,Clothing,3.0,93.57,280.71,West
2023-05-19,Smartphone Ultra,Technology,1.0,890.17,890.17,South
2023-05-19,Executive Ergonomic Desk,Furniture,4.0,573.93,2295.72,East
2023-05-19,Laptop Pro 15,Technology,1.0,1156.37,1156.37,North
2023-05-19,Running Shoes,Clothing,3.0,101.19,303.57,West
2023-05-20,Smartphone Ultra,Technology,4.0,909.06,3636.24,South
2023-05-20,Laptop Pro 15,Technology,2.0,1249.41,2498.82,North
2023-05-21,Formal Shirt,Clothing,2.0,47.6,95.2,West
2023-05-21,Conference Room Table,Furniture,3.0,845.16,2535.48,East
2023-05-21,Executive Ergonomic Desk,Furniture,3.0,577.58,1732.74,West
2023-05-21,Business Backpack,Clothing,2.0,64.53,129.06,North
2023-05-21,Running Shoes,Clothing,3.0,98.62,295.86,South
2023-05-22,Executive Ergonomic Desk,Furniture,1.0,562.86,562.86,South
2023-05-22,Smartphone Ultra,Technology,1.0,879.89,879.89,South
2023-05-22,4K Ultra HD Monitor,Technology,3.0,361.08,1083.24,North
2023-05-22,Printer Laser X,Office Supplies,1.0,315.03,315.03,West
2023-05-23,Conference Room Table,Furniture,1.0,806.0,806.0,East
2023-05-23,Office Chair Pro,Furniture,1.0,302.19,302.19,North
2023-05-23,Office Chair Pro,Furniture,3.0,264.99,794.97,East
2023-05-23,Office Chair Pro,Furniture,2.0,276.83,553.66,West
2023-05-23,Executive Ergonomic Desk,Furniture,3.0,601.26,1803.78,North
2023-05-24,Winter Jacket,Clothing,1.0,103.43,103.43,West
2023-05-24,Premium Notebook,Office Supplies,2.0,17.93,35.86,West
2023-05-24,Premium Notebook,Office Supplies,6.0,19.24,115.44,South
2023-05-25,Premium Notebook,Office Supplies,1.0,16.72,16.72,South
2023-05-25,Premium Notebook,Office Supplies,2.0,17.58,35.16,North
2023-05-26,Coffee Maker,Appliances,3.0,193.15,579.45,West
2023-05-26,Smartphone Ultra,Technology,2.0,845.19,1690.38,West
2023-05-26,Printer Laser X,Office Supplies,3.0,302.46,907.38,North
2023-05-26,Executive Ergonomic Desk,Furniture,2.0,518.38,1036.76,West
2023-05-27,Printer Laser X,Office Supplies,4.0,320.22,1280.88,North
2023-05-27,Premium Notebook,Office Supplies,3.0,17.9,53.7,North
2023-05-27,Winter Jacket,Clothing,1.0,114.31,114.31,South
2023-05-27,Premium Notebook,Office Supplies,1.0,19.28,19.28,West
2023-05-27,Wireless Headphones,Technology,1.0,137.29,137.29,West
2023-05-27,Running Shoes,Clothing,2.0,96.03,192.06,North
2023-05-28,4K Ultra HD Monitor,Technology,1.0,358.45,358.45,West
2023-05-29,Formal Shirt,Clothing,5.0,42.76,213.8,South
2023-05-29,Filing Cabinet,Office Supplies,3.0,147.79,443.37,East
2023-05-29,Executive Ergonomic Desk,Furniture,3.0,539.47,1618.41,North
2023-05-31,Smartphone Ultra,Technology,2.0,914.77,1829.54,South
2023-05-31,4K Ultra HD Monitor,Technology,1.0,376.83,376.83,South
2023-05-31,Business Backpack,Clothing,1.0,63.78,63.78,North
2023-05-31,Business Backpack,Clothing,2.0,66.63,133.26,South
2023-05-31,Business Backpack,Clothing,1.0,60.11,60.11,North
2023-05-31,Executive Ergonomic Desk,Furniture,3.0,517.79,1553.37,South
2023-05-31,Office Chair Pro,Furniture,7.0,271.04,1897.28,East
2023-05-31,4K Ultra HD Monitor,Technology,1.0,377.41,377.41,South
2023-05-31,Formal Shirt,Clothing,4.0,41.67,166.68,North
2023-05-31,Business Backpack,Clothing,4.0,65.46,261.84,North
2023-06-02,Premium Notebook,Office Supplies,1.0,17.47,17.47,North
2023-06-02,Office Chair Pro,Furniture,2.0,280.71,561.42,East
2023-06-02,Premium Notebook,Office Supplies,3.0,17.19,51.57,North
2023-06-02,Conference Room Table,Furniture,1.0,829.77,829.77,South
2023-06-02,Smartphone Ultra,Technology,1.0,883.57,883.57,East
2023-06-02,Executive Ergonomic Desk,Furniture,5.0,567.57,2837.85,South
2023-06-02,Filing Cabinet,Office Supplies,3.0,146.79,440.37,East
2023-06-03,Premium Notebook,Office Supplies,1.0,16.99,16.99,East
2023-06-03,Premium Notebook,Office Supplies,3.0,18.5,55.5,East
2023-06-03,Winter Jacket,Clothing,4.0,118.35,473.4,North
2023-06-03,Laptop Pro 15,Technology,2.0,1256.37,2512.74,South
2023-06-03,4K Ultra HD Monitor,Technology,4.0,369.08,1476.32,North
2023-06-04,Premium Notebook,Office Supplies,2.0,18.47,36.94,South
2023-06-04,Running Shoes,Clothing,1.0,95.96,95.96,North
2023-06-04,Wireless Headphones,Technology,2.0,141.39,282.78,South
2023-06-05,Executive Ergonomic Desk,Furniture,2.0,568.99,1137.98,South
2023-06-05,Printer Laser X,Office Supplies,2.0,344.04,688.08,West
2023-06-05,Wireless Headphones,Technology,3.0,144.85,434.55,North
2023-06-05,Filing Cabinet,Office Supplies,6.0,142.92,857.52,West
2023-06-06,Formal Shirt,Clothing,3.0,47.03,141.09,North
2023-06-06,Office Chair Pro,Furniture,4.0,285.5,1142.0,North
2023-06-06,Formal Shirt,Clothing,2.0,46.73,93.46,West
2023-06-06,Office Chair Pro,Furniture,7.0,296.57,2075.99,East
2023-06-06,Laptop Pro 15,Technology,3.0,1200.84,3602.52,East
2023-06-07,Business Backpack,Clothing,1.0,69.15,69.15,North
2023-06-07,Running Shoes,Clothing,1.0,90.65,90.65,North
2023-06-07,Printer Laser X,Office Supplies,1.0,333.43,333.43,East
2023-06-07,Smartphone Ultra,Technology,1.0,814.09,814.09,North
2023-06-07,Office Chair Pro,Furniture,2.0,286.57,573.14,East
2023-06-08,Wireless Headphones,Technology,4.0,144.63,578.52,West
2023-06-08,Laptop Pro 15,Technology,7.0,1174.44,8221.08,South
2023-06-08,Coffee Maker,Appliances,1.0,187.79,187.79,West
2023-06-08,4K Ultra HD Monitor,Technology,2.0,376.37,752.74,West
2023-06-10,Executive Ergonomic Desk,Furniture,2.0,547.85,1095.7,West
2023-06-10,Coffee Maker,Appliances,1.0,192.35,192.35,East
2023-06-10,Premium Notebook,Office Supplies,1.0,18.28,18.28,South
2023-06-10,Executive Ergonomic Desk,Furniture,3.0,518.29,1554.87,West
2023-06-10,Smartphone Ultra,Technology,2.0,825.99,1651.98,South
2023-06-10,Filing Cabinet,Office Supplies,1.0,140.82,140.82,North
2023-06-11,Business Backpack,Clothing,6.0,63.97,383.82,South
2023-06-11,Premium Notebook,Office Supplies,1.0,16.62,16.62,North
2023-06-11,Formal Shirt,Clothing,2.0,47.24,94.48,West
2023-06-11,Office Chair Pro,Furniture,6.0,272.49,1634.94,South
2023-06-11,Business Backpack,Clothing,1.0,65.81,65.81,South
2023-06-12,Formal Shirt,Clothing,5.0,44.78,223.9,East
2023-06-12,Executive Ergonomic Desk,Furniture,2.0,545.28,1090.56,South
2023-06-12,Filing Cabinet,Office Supplies,1.0,156.51,156.51,South
2023-06-12,Smartphone Ultra,Technology,1.0,853.19,853.19,East
2023-06-13,Office Chair Pro,Furniture,1.0,260.1,260.1,North
2023-06-14,4K Ultra HD Monitor,Technology,1.0,380.34,380.34,West
2023-06-14,Premium Notebook,Office Supplies,2.0,16.95,33.9,South
2023-06-14,Conference Room Table,Furniture,1.0,825.21,825.21,North
2023-06-14,Printer Laser X,Office Supplies,3.0,336.12,1008.36,North
2023-06-14,Office Chair Pro,Furniture,2.0,281.11,562.22,East
2023-06-14,Premium Notebook,Office Supplies,3.0,18.73,56.19,West
2023-06-15,Smartphone Ultra,Technology,1.0,855.2,855.2,West
2023-06-15,Premium Notebook,Office Supplies,2.0,18.19,36.38,South
2023-06-15,Smartphone Ultra,Technology,3.0,822.06,2466.18,West
2023-06-16,Filing Cabinet,Office Supplies,4.0,147.88,591.52,East
2023-06-16,Laptop Pro 15,Technology,1.0,1269.03,1269.03,West
2023-06-17,Conference Room Table,Furniture,3.0,766.11,2298.33,East
2023-06-17,Executive Ergonomic Desk,Furniture,1.0,528.25,528.25,West
2023-06-17,Running Shoes,Clothing,3.0,101.04,303.12,North
2023-06-17,4K Ultra HD Monitor,Technology,1.0,382.59,382.59,North
2023-06-18,Filing Cabinet,Office Supplies,1.0,159.61,159.61,West
2023-06-18,Coffee Maker,Appliances,3.0,173.78,521.34,West
2023-06-18,4K Ultra HD Monitor,Technology,4.0,382.22,1528.88,North
2023-06-18,4K Ultra HD Monitor,Technology,3.0,362.63,1087.89,East
2023-06-18,Filing Cabinet,Office Supplies,2.0,154.33,308.66,North
2023-06-18,Laptop Pro 15,Technology,4.0,1138.61,4554.44,East
2023-06-18,Executive Ergonomic Desk,Furniture,8.0,528.4,4227.2,South
2023-06-19,Laptop Pro 15,Technology,2.0,1109.11,2218.22,East
2023-06-19,Executive Ergonomic Desk,Furniture,3.0,517.53,1552.59,North
2023-06-19,Printer Laser X,Office Supplies,3.0,311.52,934.56,South
2023-06-19,Running Shoes,Clothing,1.0,96.05,96.05,South
2023-06-19,Office Chair Pro,Furniture,1.0,297.04,297.04,North
2023-06-20,Business Backpack,Clothing,1.0,66.63,66.63,North
2023-06-20,Coffee Maker,Appliances,2.0,174.54,349.08,West
2023-06-21,Conference Room Table,Furniture,3.0,761.08,2283.24,East
2023-06-21,Running Shoes,Clothing,1.0,99.68,99.68,North
2023-06-21,Winter Jacket,Clothing,3.0,103.01,309.03,South
2023-06-21,4K Ultra HD Monitor,Technology,1.0,356.12,356.12,North
2023-06-21,Conference Room Table,Furniture,3.0,787.59,2362.77,North
2023-06-22,Printer Laser X,Office Supplies,2.0,327.9,655.8,North
2023-06-22,Office Chair Pro,Furniture,1.0,279.83,279.83,East
2023-06-22,4K Ultra HD Monitor,Technology,3.0,384.92,1154.76,North
2023-06-22,Winter Jacket,Clothing,1.0,106.36,106.36,North
2023-06-22,Smartphone Ultra,Technology,4.0,861.25,3445.0,South
2023-06-23,Premium Notebook,Office Supplies,2.0,18.21,36.42,West
2023-06-23,Filing Cabinet,Office Supplies,1.0,139.91,139.91,North
2023-06-24,Wireless Headphones,Technology,3.0,138.55,415.65,West
2023-06-24,Office Chair Pro,Furniture,1.0,273.56,273.56,South
2023-06-24,Office Chair Pro,Furniture,2.0,259.43,518.86,North
2023-06-25,Coffee Maker,Appliances,3.0,180.09,540.27,South
2023-06-25,Printer Laser X,Office Supplies,2.0,309.4,618.8,East
2023-06-25,Winter Jacket,Clothing,5.0,108.03,540.15,East
2023-06-25,Wireless Headphones,Technology,7.0,140.63,984.41,North
2023-06-25,Office Chair Pro,Furniture,2.0,278.93,557.86,South
2023-06-25,Printer Laser X,Office Supplies,1.0,330.83,330.83,North
2023-06-26,Smartphone Ultra,Technology,2.0,784.14,1568.28,South
2023-06-26,Premium Notebook,Office Supplies,1.0,16.75,16.75,West
2023-06-28,Coffee Maker,Appliances,4.0,193.93,775.72,East
2023-06-28,Winter Jacket,Clothing,1.0,108.66,108.66,South
2023-06-28,Printer Laser X,Office Supplies,2.0,295.81,591.62,East
2023-06-28,Wireless Headphones,Technology,2.0,129.95,259.9,East
2023-06-29,Wireless Headphones,Technology,3.0,143.2,429.6,North
2023-06-29,Winter Jacket,Clothing,2.0,105.74,211.48,North
2023-06-29,Office Chair Pro,Furniture,1.0,274.87,274.87,South
2023-06-30,Laptop Pro 15,Technology,3.0,1168.34,3505.02,West
2023-06-30,Business Backpack,Clothing,3.0,69.2,207.6,West
2023-06-30,Business Backpack,Clothing,2.0,61.64,123.28,West
2023-06-30,Smartphone Ultra,Technology,3.0,796.98,2390.94,North
2023-06-30,Conference Room Table,Furniture,7.0,766.33,5364.31,East
2023-06-30,Wireless Headphones,Technology,4.0,147.55,590.2,East
2023-07-01,Running Shoes,Clothing,3.0,94.5,283.5,South
2023-07-01,Premium Notebook,Office Supplies,2.0,18.31,36.62,North
2023-07-01,Conference Room Table,Furniture,3.0,738.25,2214.75,East
2023-07-02,Smartphone Ultra,Technology,1.0,874.43,874.43,East
2023-07-02,4K Ultra HD Monitor,Technology,4.0,385.86,1543.44,North
2023-07-02,Laptop Pro 15,Technology,3.0,1137.26,3411.78,South
2023-07-02,Laptop Pro 15,Technology,2.0,1235.84,2471.68,West
2023-07-03,Smartphone Ultra,Technology,2.0,808.93,1617.86,South
2023-07-03,Wireless Headphones,Technology,2.0,145.28,290.56,North
2023-07-03,Executive Ergonomic Desk,Furniture,1.0,539.17,539.17,West
2023-07-03,Premium Notebook,Office Supplies,4.0,19.42,77.68,North
2023-07-03,Filing Cabinet,Office Supplies,2.0,155.74,311.48,South
2023-07-04,Winter Jacket,Clothing,4.0,110.16,440.64,East
2023-07-04,Filing Cabinet,Office Supplies,4.0,140.39,561.56,East
2023-07-04,Running Shoes,Clothing,3.0,93.31,279.93,West
2023-07-04,Wireless Headphones,Technology,5.0,143.9,719.5,East
2023-07-05,Premium Notebook,Office Supplies,1.0,16.95,16.95,East
2023-07-05,Office Chair Pro,Furniture,3.0,267.6,802.8,East
2023-07-06,Office Chair Pro,Furniture,1.0,266.79,266.79,East
2023-07-06,Conference Room Table,Furniture,1.0,832.28,832.28,West
2023-07-06,Business Backpack,Clothing,3.0,68.11,204.33,East
2023-07-06,Business Backpack,Clothing,6.0,68.89,413.34,North
2023-07-06,Running Shoes,Clothing,3.0,93.08,279.24,South
2023-07-06,Premium Notebook,Office Supplies,4.0,17.93,71.72,South
2023-07-07,Printer Laser X,Office Supplies,1.0,295.47,295.47,North
2023-07-07,Formal Shirt,Clothing,1.0,47.25,47.25,East
2023-07-07,Wireless Headphones,Technology,2.0,147.32,294.64,North
2023-07-07,Premium Notebook,Office Supplies,2.0,19.19,38.38,East
2023-07-07,Smartphone Ultra,Technology,2.0,891.62,1783.24,North
2023-07-08,4K Ultra HD Monitor,Technology,1.0,388.43,388.43,North
2023-07-08,Wireless Headphones,Technology,3.0,147.21,441.63,South
2023-07-08,Formal Shirt,Clothing,1.0,46.29,46.29,South
2023-07-08,Office Chair Pro,Furniture,4.0,282.86,1131.44,North
2023-07-09,Premium Notebook,Office Supplies,1.0,19.1,19.1,East
2023-07-09,Printer Laser X,Office Supplies,3.0,325.43,976.29,South
2023-07-09,Business Backpack,Clothing,1.0,64.67,64.67,South
2023-07-10,Coffee Maker,Appliances,2.0,178.84,357.68,West
2023-07-10,4K Ultra HD Monitor,Technology,3.0,381.74,1145.22,North
2023-07-10,Conference Room Table,Furniture,2.0,757.45,1514.9,East
2023-07-10,Formal Shirt,Clothing,1.0,43.41,43.41,West
2023-07-10,Filing Cabinet,Office Supplies,6.0,140.93,845.58,South
2023-07-10,Business Backpack,Clothing,1.0,66.31,66.31,North
2023-07-10,Conference Room Table,Furniture,1.0,774.05,774.05,East
2023-07-11,Filing Cabinet,Office Supplies,1.0,150.89,150.89,East
2023-07-11,Filing Cabinet,Office Supplies,1.0,151.17,151.17,South
2023-07-12,Filing Cabinet,Office Supplies,1.0,151.48,151.48,South
2023-07-12,Filing Cabinet,Office Supplies,2.0,152.8,305.6,West
2023-07-12,Business Backpack,Clothing,2.0,67.64,135.28,West
2023-07-13,Premium Notebook,Office Supplies,8.0,18.65,149.2,East
2023-07-13,Coffee Maker,Appliances,3.0,188.61,565.83,West
2023-07-13,Smartphone Ultra,Technology,2.0,893.34,1786.68,North
2023-07-14,Filing Cabinet,Office Supplies,2.0,144.25,288.5,South
2023-07-14,Laptop Pro 15,Technology,7.0,1149.59,8047.13,South
2023-07-14,Conference Room Table,Furniture,2.0,846.05,1692.1,East
2023-07-14,4K Ultra HD Monitor,Technology,3.0,376.56,1129.68,West
2023-07-14,Wireless Headphones,Technology,5.0,138.03,690.15,East
2023-07-14,Business Backpack,Clothing,4.0,66.55,266.2,South
2023-07-14,Coffee Maker,Appliances,2.0,178.33,356.66,North
2023-07-15,Wireless Headphones,Technology,1.0,145.28,145.28,West
2023-07-15,Printer Laser X,Office Supplies,1.0,321.93,321.93,West
2023-07-15,Formal Shirt,Clothing,3.0,41.48,124.44,North
2023-07-15,Winter Jacket,Clothing,2.0,109.27,218.54,West
2023-07-16,Filing Cabinet,Office Supplies,4.0,140.26,561.04,South
2023-07-17,Executive Ergonomic Desk,Furniture,1.0,536.21,536.21,North
2023-07-17,Filing Cabinet,Office Supplies,1.0,158.13,158.13,North
2023-07-17,Premium Notebook,Office Supplies,2.0,17.46,34.92,North
2023-07-17,Filing Cabinet,Office Supplies,4.0,156.76,627.04,North
2023-07-18,Running Shoes,Clothing,3.0,90.11,270.33,South
2023-07-18,Wireless Headphones,Technology,3.0,141.99,425.97,East
2023-07-18,Business Backpack,Clothing,5.0,68.55,342.75,East
2023-07-18,Running Shoes,Clothing,1.0,93.25,93.25,East
2023-07-18,Formal Shirt,Clothing,5.0,45.81,229.05,North
2023-07-18,4K Ultra HD Monitor,Technology,1.0,363.17,363.17,North
2023-07-19,Running Shoes,Clothing,2.0,99.18,198.36,South
2023-07-19,Wireless Headphones,Technology,4.0,147.2,588.8,North
2023-07-19,Wireless Headphones,Technology,1.0,141.99,141.99,East
2023-07-19,Formal Shirt,Clothing,1.0,47.03,47.03,East
2023-07-19,Formal Shirt,Clothing,2.0,48.4,96.8,North
2023-07-20,Filing Cabinet,Office Supplies,4.0,143.63,574.52,East
2023-07-20,Winter Jacket,Clothing,2.0,112.6,225.2,South
2023-07-20,Formal Shirt,Clothing,2.0,48.49,96.98,South
2023-07-20,Laptop Pro 15,Technology,2.0,1252.72,2505.44,West
2023-07-21,Running Shoes,Clothing,2.0,94.06,188.12,North
2023-07-21,4K Ultra HD Monitor,Technology,6.0,364.44,2186.64,North
2023-07-21,Executive Ergonomic Desk,Furniture,3.0,516.17,1548.51,North
2023-07-21,Premium Notebook,Office Supplies,3.0,16.69,50.07,South
2023-07-22,Laptop Pro 15,Technology,3.0,1128.04,3384.12,North
2023-07-23,Premium Notebook,Office Supplies,4.0,16.84,67.36,North
2023-07-23,Business Backpack,Clothing,3.0,63.76,191.28,East
2023-07-23,Running Shoes,Clothing,4.0,94.55,378.2,North
2023-07-23,Running Shoes,Clothing,1.0,92.45,92.45,West
2023-07-23,Office Chair Pro,Furniture,4.0,290.5,1162.0,West
2023-07-23,Wireless Headphones,Technology,2.0,141.27,282.54,West
2023-07-24,Premium Notebook,Office Supplies,4.0,16.93,67.72,West
2023-07-24,Premium Notebook,Office Supplies,1.0,18.5,18.5,West
2023-07-25,Conference Room Table,Furniture,2.0,845.83,1691.66,South
2023-07-25,Executive Ergonomic Desk,Furniture,4.0,581.2,2324.8,South
2023-07-25,Running Shoes,Clothing,3.0,90.66,271.98,North
2023-07-25,Wireless Headphones,Technology,3.0,150.1,450.3,East
2023-07-25,Running Shoes,Clothing,1.0,95.07,95.07,South
2023-07-25,Laptop Pro 15,Technology,1.0,1152.91,1152.91,North
2023-07-25,Conference Room Table,Furniture,1.0,813.15,813.15,West
2023-07-25,Wireless Headphones,Technology,2.0,143.93,287.86,North
2023-07-25,Running Shoes,Clothing,5.0,96.79,483.95,East
2023-07-25,Office Chair Pro,Furniture,1.0,300.57,300.57,South
2023-07-26,Office Chair Pro,Furniture,6.0,275.2,1651.2,East
2023-07-26,Conference Room Table,Furniture,6.0,796.4,4778.4,East
2023-07-26,Business Backpack,Clothing,5.0,61.75,308.75,North
2023-07-27,Laptop Pro 15,Technology,1.0,1154.62,1154.62,South
2023-07-27,Conference Room Table,Furniture,3.0,759.48,2278.44,West
2023-07-27,Wireless Headphones,Technology,2.0,137.76,275.52,West
2023-07-27,Executive Ergonomic Desk,Furniture,2.0,533.97,1067.94,South
2023-07-28,Running Shoes,Clothing,2.0,93.16,186.32,South
2023-07-28,Laptop Pro 15,Technology,1.0,1281.0,1281.0,West
2023-07-28,Laptop Pro 15,Technology,5.0,1150.04,5750.2,South
2023-07-28,Executive Ergonomic Desk,Furniture,1.0,546.39,546.39,North
2023-07-29,Business Backpack,Clothing,2.0,60.62,121.24,East
2023-07-29,Laptop Pro 15,Technology,3.0,1260.09,3780.27,South
2023-07-29,Printer Laser X,Office Supplies,2.0,324.02,648.04,South
2023-07-29,Premium Notebook,Office Supplies,2.0,19.42,38.84,West
2023-07-29,Business Backpack,Clothing,3.0,63.55,190.65,East
2023-07-29,Laptop Pro 15,Technology,2.0,1216.53,2433.06,South
2023-07-30,Printer Laser X,Office Supplies,1.0,306.41,306.41,West
2023-07-30,4K Ultra HD Monitor,Technology,1.0,373.17,373.17,South
2023-07-31,4K Ultra HD Monitor,Technology,2.0,368.87,737.74,West
2023-07-31,Executive Ergonomic Desk,Furniture,3.0,548.09,1644.27,South
2023-07-31,Printer Laser X,Office Supplies,8.0,308.3,2466.4,North
2023-07-31,Office Chair Pro,Furniture,1.0,257.81,257.81,West
2023-07-31,Business Backpack,Clothing,1.0,69.5,69.5,South
2023-07-31,4K Ultra HD Monitor,Technology,2.0,364.57,729.14,South
2023-08-01,4K Ultra HD Monitor,Technology,2.0,332.25,664.5,North
2023-08-01,Executive Ergonomic Desk,Furniture,2.0,544.85,1089.7,North
2023-08-01,Laptop Pro 15,Technology,3.0,1177.82,3533.46,West
2023-08-01,Business Backpack,Clothing,1.0,64.87,64.87,East
2023-08-01,Wireless Headphones,Technology,6.0,131.44,788.64,East
2023-08-01,Smartphone Ultra,Technology,4.0,788.82,3155.28,South
2023-08-02,Laptop Pro 15,Technology,3.0,1173.67,3521.01,West
2023-08-02,Wireless Headphones,Technology,1.0,146.8,146.8,West
2023-08-02,Premium Notebook,Office Supplies,4.0,17.39,69.56,North
2023-08-02,Premium Notebook,Office Supplies,2.0,18.74,37.48,West
2023-08-02,Winter Jacket,Clothing,3.0,102.34,307.02,East
2023-08-02,Formal Shirt,Clothing,1.0,44.96,44.96,East
2023-08-03,Winter Jacket,Clothing,1.0,103.55,103.55,East
2023-08-03,Printer Laser X,Office Supplies,2.0,341.57,683.14,West
2023-08-03,Executive Ergonomic Desk,Furniture,3.0,591.76,1775.28,North
2023-08-04,Laptop Pro 15,Technology,3.0,1255.45,3766.35,South
2023-08-04,Business Backpack,Clothing,3.0,60.31,180.93,West
2023-08-04,Premium Notebook,Office Supplies,2.0,16.82,33.64,North
2023-08-04,Winter Jacket,Clothing,4.0,113.83,455.32,East
2023-08-04,Filing Cabinet,Office Supplies,2.0,140.49,280.98,East
2023-08-05,Wireless Headphones,Technology,1.0,149.87,149.87,North
2023-08-05,Conference Room Table,Furniture,3.0,799.63,2398.89,North
2023-08-05,Formal Shirt,Clothing,1.0,42.21,42.21,East
2023-08-05,Smartphone Ultra,Technology,1.0,887.66,887.66,West
2023-08-05,Wireless Headphones,Technology,1.0,132.54,132.54,West
2023-08-05,Filing Cabinet,Office Supplies,2.0,151.78,303.56,West
2023-08-05,Executive Ergonomic Desk,Furniture,2.0,533.26,1066.52,East
2023-08-05,Smartphone Ultra,Technology,1.0,910.62,910.62,North
2023-08-05,Office Chair Pro,Furniture,3.0,265.45,796.35,West
2023-08-06,Wireless Headphones,Technology,5.0,142.15,710.75,South
2023-08-06,Smartphone Ultra,Technology,1.0,841.75,841.75,West
2023-08-06,Smartphone Ultra,Technology,3.0,864.07,2592.21,North
2023-08-06,Smartphone Ultra,Technology,3.0,894.8,2684.4,East
2023-08-07,4K Ultra HD Monitor,Technology,2.0,360.47,720.94,East
2023-08-07,Laptop Pro 15,Technology,4.0,1285.32,5141.28,East
2023-08-08,4K Ultra HD Monitor,Technology,1.0,369.81,369.81,East
2023-08-08,Business Backpack,Clothing,1.0,65.37,65.37,North
2023-08-09,Premium Notebook,Office Supplies,2.0,18.99,37.98,North
2023-08-09,4K Ultra HD Monitor,Technology,2.0,385.0,770.0,South
2023-08-09,Formal Shirt,Clothing,1.0,45.45,45.45,East
2023-08-09,Executive Ergonomic Desk,Furniture,1.0,566.89,566.89,North
2023-08-10,Executive Ergonomic Desk,Furniture,1.0,558.32,558.32,South
2023-08-10,4K Ultra HD Monitor,Technology,3.0,381.29,1143.87,East
2023-08-10,4K Ultra HD Monitor,Technology,1.0,373.78,373.78,East
2023-08-10,Smartphone Ultra,Technology,3.0,808.26,2424.78,East
2023-08-10,Wireless Headphones,Technology,2.0,135.12,270.24,South
2023-08-10,Office Chair Pro,Furniture,2.0,300.5,601.0,North
2023-08-11,Premium Notebook,Office Supplies,2.0,19.11,38.22,North
2023-08-12,Office Chair Pro,Furniture,4.0,268.67,1074.68,East
2023-08-12,Wireless Headphones,Technology,2.0,147.97,295.94,South
2023-08-13,Formal Shirt,Clothing,2.0,43.16,86.32,West
2023-08-13,Running Shoes,Clothing,1.0,96.12,96.12,North
2023-08-13,Premium Notebook,Office Supplies,3.0,17.08,51.24,North
2023-08-13,4K Ultra HD Monitor,Technology,2.0,343.65,687.3,West
2023-08-13,Running Shoes,Clothing,2.0,90.62,181.24,South
2023-08-13,Printer Laser X,Office Supplies,5.0,345.19,1725.95,North
2023-08-14,Conference Room Table,Furniture,1.0,762.89,762.89,North
2023-08-14,Running Shoes,Clothing,4.0,102.24,408.96,North
2023-08-14,Office Chair Pro,Furniture,5.0,264.74,1323.7,South
2023-08-14,Smartphone Ultra,Technology,1.0,892.67,892.67,West
2023-08-14,Premium Notebook,Office Supplies,2.0,17.64,35.28,South
2023-08-14,Office Chair Pro,Furniture,1.0,295.5,295.5,West
2023-08-15,Smartphone Ultra,Technology,4.0,857.48,3429.92,North
2023-08-15,Coffee Maker,Appliances,4.0,167.47,669.88,South
2023-08-15,Laptop Pro 15,Technology,3.0,1115.08,3345.24,North
2023-08-15,Coffee Maker,Appliances,1.0,169.33,169.33,North
2023-08-15,Laptop Pro 15,Technology,2.0,1227.44,2454.88,North
2023-08-15,Printer Laser X,Office Supplies,1.0,343.22,343.22,West
2023-08-15,Filing Cabinet,Office Supplies,3.0,145.06,435.18,South
2023-08-16,Premium Notebook,Office Supplies,3.0,17.23,51.69,West
2023-08-16,Winter Jacket,Clothing,1.0,115.17,115.17,West
2023-08-16,Smartphone Ultra,Technology,3.0,882.09,2646.27,East
2023-08-16,Wireless Headphones,Technology,1.0,138.17,138.17,East
2023-08-16,Wireless Headphones,Technology,4.0,135.85,543.4,South
2023-08-16,Office Chair Pro,Furniture,2.0,268.48,536.96,East
2023-08-16,4K Ultra HD Monitor,Technology,3.0,356.01,1068.03,South
2023-08-17,Filing Cabinet,Office Supplies,2.0,148.59,297.18,South
2023-08-17,Conference Room Table,Furniture,1.0,844.32,844.32,East
2023-08-17,Conference Room Table,Furniture,4.0,796.86,3187.44,South
2023-08-18,Office Chair Pro,Furniture,2.0,284.11,568.22,East
2023-08-18,Conference Room Table,Furniture,2.0,777.42,1554.84,South
2023-08-18,4K Ultra HD Monitor,Technology,2.0,374.61,749.22,West
2023-08-19,Formal Shirt,Clothing,2.0,42.39,84.78,East
2023-08-19,Business Backpack,Clothing,4.0,63.08,252.32,North
2023-08-20,Premium Notebook,Office Supplies,2.0,18.64,37.28,West
2023-08-20,4K Ultra HD Monitor,Technology,6.0,365.84,2195.04,South
2023-08-20,Premium Notebook,Office Supplies,2.0,18.09,36.18,East
2023-08-20,4K Ultra HD Monitor,Technology,4.0,365.09,1460.36,West
2023-08-21,4K Ultra HD Monitor,Technology,6.0,365.71,2194.26,South
2023-08-21,Premium Notebook,Office Supplies,3.0,16.83,50.49,North
2023-08-21,Winter Jacket,Clothing,2.0,117.91,235.82,North
2023-08-21,Printer Laser X,Office Supplies,2.0,317.46,634.92,West
2023-08-22,Conference Room Table,Furniture,1.0,758.15,758.15,East
2023-08-22,Formal Shirt,Clothing,7.0,48.35,338.45,South
2023-08-22,Filing Cabinet,Office Supplies,4.0,151.5,606.0,East
2023-08-22,Premium Notebook,Office Supplies,1.0,19.19,19.19,South
2023-08-24,Premium Notebook,Office Supplies,1.0,18.86,18.86,North
2023-08-24,Office Chair Pro,Furniture,4.0,278.51,1114.04,West
2023-08-25,Premium Notebook,Office Supplies,2.0,18.49,36.98,North
2023-08-26,Wireless Headphones,Technology,4.0,138.38,553.52,East
2023-08-26,Premium Notebook,Office Supplies,3.0,16.76,50.28,East
2023-08-26,Printer Laser X,Office Supplies,1.0,334.14,334.14,North
2023-08-27,Smartphone Ultra,Technology,1.0,801.81,801.81,South
2023-08-27,Printer Laser X,Office Supplies,3.0,343.62,1030.86,North
2023-08-27,Premium Notebook,Office Supplies,1.0,17.56,17.56,West
2023-08-27,Laptop Pro 15,Technology,1.0,1286.94,1286.94,East
2023-08-28,Formal Shirt,Clothing,1.0,44.74,44.74,East
2023-08-29,Running Shoes,Clothing,1.0,89.36,89.36,North
2023-08-29,Winter Jacket,Clothing,4.0,104.65,418.6,North
2023-08-29,Business Backpack,Clothing,2.0,68.47,136.94,East
2023-08-29,Printer Laser X,Office Supplies,4.0,319.27,1277.08,South
2023-08-30,Office Chair Pro,Furniture,3.0,261.16,783.48,South
2023-08-30,Laptop Pro 15,Technology,1.0,1208.2,1208.2,West
2023-08-30,Running Shoes,Clothing,1.0,93.26,93.26,West
2023-08-30,Printer Laser X,Office Supplies,1.0,324.07,324.07,West
2023-08-31,4K Ultra HD Monitor,Technology,1.0,383.79,383.79,North
2023-08-31,Smartphone Ultra,Technology,1.0,885.44,885.44,North
2023-08-31,Formal Shirt,Clothing,4.0,46.62,186.48,South
2023-08-31,Wireless Headphones,Technology,1.0,135.12,135.12,East
2023-08-31,Winter Jacket,Clothing,5.0,115.25,576.25,South
2023-08-31,4K Ultra HD Monitor,Technology,2.0,352.6,705.2,North
2023-09-01,Wireless Headphones,Technology,1.0,144.79,144.79,West
2023-09-01,Wireless Headphones,Technology,1.0,141.61,141.61,North
2023-09-01,Executive Ergonomic Desk,Furniture,1.0,544.55,544.55,East
2023-09-01,Executive Ergonomic Desk,Furniture,1.0,516.69,516.69,West
2023-09-01,Winter Jacket,Clothing,1.0,101.81,101.81,North
2023-09-01,Printer Laser X,Office Supplies,2.0,298.67,597.34,North
2023-09-02,Wireless Headphones,Technology,4.0,133.97,535.88,North
2023-09-02,Filing Cabinet,Office Supplies,1.0,140.93,140.93,East
2023-09-02,Premium Notebook,Office Supplies,1.0,17.99,17.99,East
2023-09-03,Wireless Headphones,Technology,1.0,145.87,145.87,South
2023-09-03,Conference Room Table,Furniture,6.0,831.42,4988.52,South
2023-09-03,Filing Cabinet,Office Supplies,3.0,144.62,433.86,East
2023-09-04,Office Chair Pro,Furniture,2.0,260.76,521.52,South
2023-09-04,Premium Notebook,Office Supplies,1.0,19.35,19.35,East
2023-09-04,Printer Laser X,Office Supplies,3.0,306.06,918.18,West
2023-09-05,Smartphone Ultra,Technology,2.0,899.74,1799.48,South
2023-09-05,Executive Ergonomic Desk,Furniture,1.0,593.68,593.68,South
2023-09-05,Printer Laser X,Office Supplies,2.0,341.13,682.26,North
2023-09-06,Formal Shirt,Clothing,4.0,43.22,172.88,North
2023-09-06,Running Shoes,Clothing,3.0,96.01,288.03,East
2023-09-07,Conference Room Table,Furniture,2.0,749.47,1498.94,North
2023-09-07,4K Ultra HD Monitor,Technology,4.0,342.33,1369.32,East
2023-09-07,Smartphone Ultra,Technology,3.0,856.46,2569.38,North
2023-09-07,Premium Notebook,Office Supplies,2.0,19.38,38.76,South
2023-09-08,Formal Shirt,Clothing,1.0,47.47,47.47,West
2023-09-08,Formal Shirt,Clothing,2.0,44.51,89.02,West
2023-09-08,Executive Ergonomic Desk,Technology,3.0,600.61,1801.83,East
2023-09-08,Conference Room Table,Furniture,2.0,840.77,1681.54,North
2023-09-08,Wireless Headphones,Technology,1.0,142.6,142.6,North
2023-09-09,Laptop Pro 15,Technology,3.0,1107.88,3323.64,West
2023-09-09,Printer Laser X,Office Supplies,2.0,317.2,634.4,East
2023-09-09,Smartphone Ultra,Technology,3.0,905.19,2715.57,North
2023-09-09,Wireless Headphones,Technology,1.0,131.51,131.51,West
2023-09-10,Conference Room Table,Furniture,4.0,853.75,3415.0,South
2023-09-10,Office Chair Pro,Furniture,2.0,294.17,588.34,West
2023-09-10,Smartphone Ultra,Technology,3.0,908.3,2724.9,North
2023-09-10,Conference Room Table,Technology,1.0,814.06,814.06,West
2023-09-11,Filing Cabinet,Office Supplies,3.0,143.57,430.71,West
2023-09-11,Wireless Headphones,Technology,1.0,143.51,143.51,East
2023-09-11,Conference Room Table,Furniture,2.0,858.89,1717.78,North
2023-09-11,Printer Laser X,Office Supplies,1.0,330.82,330.82,West
2023-09-11,Office Chair Pro,Furniture,2.0,287.51,575.02,West
2023-09-12,Running Shoes,Clothing,2.0,95.63,191.26,East
2023-09-12,Wireless Headphones,Technology,5.0,141.84,709.2,North
2023-09-12,Premium Notebook,Office Supplies,1.0,17.24,17.24,East
2023-09-12,Business Backpack,Clothing,3.0,64.36,193.08,North
2023-09-13,4K Ultra HD Monitor,Technology,1.0,383.63,383.63,North
2023-09-13,Office Chair Pro,Furniture,3.0,271.49,814.47,South
2023-09-13,Smartphone Ultra,Technology,1.0,872.56,872.56,North
2023-09-13,4K Ultra HD Monitor,Technology,3.0,375.31,1125.93,East
2023-09-14,Business Backpack,Clothing,1.0,66.41,66.41,East
2023-09-15,Laptop Pro 15,Technology,3.0,1167.88,3503.64,North
2023-09-15,Business Backpack,Clothing,4.0,60.33,241.32,West
2023-09-15,4K Ultra HD Monitor,Technology,1.0,386.86,386.86,South
2023-09-15,Office Chair Pro,Furniture,2.0,300.93,601.86,East
2023-09-15,Conference Room Table,Furniture,3.0,778.11,2334.33,North
2023-09-15,Printer Laser X,Office Supplies,2.0,318.35,636.7,North
2023-09-16,Wireless Headphones,Technology,2.0,139.45,278.9,North
2023-09-16,Formal Shirt,Clothing,2.0,43.75,87.5,South
2023-09-16,Premium Notebook,Office Supplies,1.0,16.59,16.59,North
2023-09-17,Filing Cabinet,Office Supplies,2.0,159.52,319.04,South
2023-09-17,4K Ultra HD Monitor,Technology,1.0,366.82,366.82,East
2023-09-17,4K Ultra HD Monitor,Technology,3.0,366.42,1099.26,North
2023-09-17,Filing Cabinet,Office Supplies,1.0,149.41,149.41,West
2023-09-17,Coffee Maker,Appliances,1.0,182.17,182.17,West
2023-09-17,Filing Cabinet,Office Supplies,5.0,140.95,704.75,West
2023-09-17,Wireless Headphones,Technology,2.0,143.92,287.84,North
2023-09-18,Winter Jacket,Clothing,1.0,111.61,111.61,South
2023-09-18,4K Ultra HD Monitor,Technology,4.0,382.72,1530.88,South
2023-09-18,Winter Jacket,Clothing,2.0,117.19,234.38,South
2023-09-19,Premium Notebook,Office Supplies,2.0,19.38,38.76,North
2023-09-19,Office Chair Pro,Furniture,1.0,276.9,276.9,West
2023-09-19,Business Backpack,Clothing,2.0,60.95,121.9,South
2023-09-20,Premium Notebook,Office Supplies,4.0,19.05,76.2,South
2023-09-20,Printer Laser X,Office Supplies,2.0,338.46,676.92,North
2023-09-20,Premium Notebook,Office Supplies,2.0,17.78,35.56,South
2023-09-20,Laptop Pro 15,Technology,2.0,1196.09,2392.18,East
2023-09-20,Wireless Headphones,Technology,3.0,143.54,430.62,East
2023-09-20,Laptop Pro 15,Technology,2.0,1293.25,2586.5,South
2023-09-21,Executive Ergonomic Desk,Furniture,2.0,553.79,1107.58,East
2023-09-21,Winter Jacket,Clothing,2.0,109.39,218.78,South
2023-09-21,Wireless Headphones,Technology,2.0,141.76,283.52,North
2023-09-21,Conference Room Table,Furniture,3.0,841.3,2523.9,East
2023-09-21,Running Shoes,Clothing,6.0,98.54,591.24,East
2023-09-22,Winter Jacket,Clothing,3.0,113.69,341.07,North
2023-09-22,Printer Laser X,Office Supplies,4.0,304.34,1217.36,East
2023-09-22,Filing Cabinet,Office Supplies,3.0,143.64,430.92,East
2023-09-23,4K Ultra HD Monitor,Technology,2.0,348.36,696.72,South
2023-09-23,Executive Ergonomic Desk,Furniture,1.0,545.87,545.87,West
2023-09-24,Premium Notebook,Office Supplies,1.0,16.99,16.99,North
2023-09-24,Executive Ergonomic Desk,Furniture,1.0,515.32,515.32,South
2023-09-24,Smartphone Ultra,Technology,1.0,844.26,844.26,South
2023-09-25,Winter Jacket,Clothing,4.0,112.54,450.16,North
2023-09-25,Running Shoes,Clothing,4.0,90.28,361.12,North
2023-09-25,Smartphone Ultra,Technology,4.0,838.31,3353.24,West
2023-09-26,Business Backpack,Clothing,1.0,64.11,64.11,West
2023-09-26,Office Chair Pro,Furniture,2.0,259.27,518.54,North
2023-09-26,Wireless Headphones,Technology,2.0,142.64,285.28,West
2023-09-26,Wireless Headphones,Technology,3.0,139.63,418.89,East
2023-09-27,Formal Shirt,Clothing,4.0,42.36,169.44,West
2023-09-28,Filing Cabinet,Office Supplies,1.0,158.67,158.67,North
2023-09-28,Printer Laser X,Office Supplies,2.0,306.61,613.22,North
2023-09-28,4K Ultra HD Monitor,Technology,1.0,380.61,380.61,West
2023-09-28,Conference Room Table,Furniture,2.0,857.58,1715.16,North
2023-09-29,Filing Cabinet,Office Supplies,2.0,151.27,302.54,West
2023-09-30,Printer Laser X,Office Supplies,2.0,320.33,640.66,West
2023-09-30,Printer Laser X,Office Supplies,5.0,344.76,1723.8,East
2023-10-01,Filing Cabinet,Office Supplies,1.0,141.92,141.92,East
2023-10-01,Conference Room Table,Furniture,3.0,789.86,2369.58,East
2023-10-01,Wireless Headphones,Technology,7.0,140.0,980.0,West
2023-10-02,Wireless Headphones,Technology,4.0,129.05,516.2,East
2023-10-02,Laptop Pro 15,Technology,1.0,1232.7,1232.7,South
2023-10-02,Winter Jacket,Clothing,4.0,117.09,468.36,South
2023-10-03,4K Ultra HD Monitor,Technology,1.0,348.78,348.78,East
2023-10-04,Printer Laser X,Office Supplies,3.0,302.19,906.57,West
2023-10-04,Smartphone Ultra,Technology,3.0,787.63,2362.89,North
2023-10-04,Filing Cabinet,Office Supplies,3.0,156.58,469.74,East
2023-10-04,Premium Notebook,Office Supplies,2.0,17.85,35.7,West
2023-10-04,Premium Notebook,Office Supplies,1.0,16.95,16.95,South
2023-10-05,4K Ultra HD Monitor,Technology,1.0,388.23,388.23,South
2023-10-05,Winter Jacket,Clothing,3.0,110.51,331.53,West
2023-10-05,Wireless Headphones,Technology,5.0,132.95,664.75,West
2023-10-05,Executive Ergonomic Desk,Furniture,1.0,538.09,538.09,South
2023-10-05,4K Ultra HD Monitor,Technology,2.0,339.18,678.36,North
2023-10-06,Wireless Headphones,Technology,5.0,133.87,669.35,West
2023-10-06,Formal Shirt,Clothing,2.0,43.39,86.78,North
2023-10-06,Running Shoes,Clothing,2.0,92.05,184.1,West
2023-10-06,Business Backpack,Clothing,2.0,69.7,139.4,North
2023-10-06,Laptop Pro 15,Technology,2.0,1163.76,2327.52,South
2023-10-07,Business Backpack,Clothing,3.0,59.94,179.82,East
2023-10-07,Formal Shirt,Clothing,4.0,42.91,171.64,North
2023-10-07,Premium Notebook,Office Supplies,4.0,17.94,71.76,North
2023-10-08,Premium Notebook,Office Supplies,4.0,18.12,72.48,North
2023-10-08,Office Chair Pro,Technology,4.0,279.4,1117.6,South
2023-10-09,Premium Notebook,Office Supplies,4.0,18.65,74.6,North
2023-10-09,Formal Shirt,Clothing,1.0,46.48,46.48,North
2023-10-09,Printer Laser X,Office Supplies,1.0,326.1,326.1,East
2023-10-09,Wireless Headphones,Technology,3.0,148.0,444.0,South
2023-10-09,Premium Notebook,Office Supplies,4.0,16.61,66.44,East
2023-10-10,4K Ultra HD Monitor,Technology,6.0,339.92,2039.52,East
2023-10-10,Office Chair Pro,Furniture,4.0,259.63,1038.52,North
2023-10-10,4K Ultra HD Monitor,Technology,2.0,380.23,760.46,South
2023-10-10,Wireless Headphones,Technology,1.0,135.58,135.58,East
2023-10-10,Premium Notebook,Office Supplies,1.0,17.41,17.41,South
2023-10-11,Executive Ergonomic Desk,Furniture,3.0,573.47,1720.41,South
2023-10-11,Smartphone Ultra,Technology,2.0,836.72,1673.44,North
2023-10-11,4K Ultra HD Monitor,Technology,1.0,345.32,345.32,North
2023-10-11,Laptop Pro 15,Technology,3.0,1233.94,3701.82,South
2023-10-11,Filing Cabinet,Office Supplies,1.0,152.44,152.44,East
2023-10-12,Business Backpack,Clothing,4.0,65.71,262.84,South
2023-10-12,Office Chair Pro,Furniture,4.0,263.17,1052.68,North
2023-10-12,Premium Notebook,Office Supplies,1.0,19.34,19.34,West
2023-10-12,Filing Cabinet,Office Supplies,1.0,148.78,148.78,West
2023-10-12,Laptop Pro 15,Technology,1.0,1156.02,1156.02,South
2023-10-12,Premium Notebook,Office Supplies,2.0,19.32,38.64,East
2023-10-12,Printer Laser X,Office Supplies,1.0,294.59,294.59,South
2023-10-12,Filing Cabinet,Office Supplies,1.0,145.64,145.64,South
2023-10-13,4K Ultra HD Monitor,Technology,2.0,334.42,668.84,North
2023-10-13,Business Backpack,Clothing,3.0,61.04,183.12,North
2023-10-13,Smartphone Ultra,Technology,4.0,804.28,3217.12,North
2023-10-14,4K Ultra HD Monitor,Technology,1.0,339.38,339.38,East
2023-10-14,Winter Jacket,Clothing,3.0,108.54,325.62,South
2023-10-14,Winter Jacket,Clothing,1.0,101.57,101.57,South
2023-10-14,Smartphone Ultra,Technology,1.0,839.73,839.73,North
2023-10-14,Running Shoes,Clothing,1.0,92.5,92.5,East
2023-10-14,Filing Cabinet,Office Supplies,4.0,142.63,570.52,North
2023-10-14,Wireless Headphones,Technology,2.0,144.34,288.68,South
2023-10-15,Running Shoes,Clothing,4.0,96.05,384.2,South
2023-10-15,Printer Laser X,Office Supplies,5.0,328.21,1641.05,North
2023-10-15,Filing Cabinet,Office Supplies,1.0,150.35,150.35,East
2023-10-16,Business Backpack,Clothing,2.0,61.97,123.94,North
2023-10-17,Printer Laser X,Office Supplies,2.0,334.01,668.02,North
2023-10-17,Running Shoes,Clothing,3.0,102.09,306.27,East
2023-10-17,Filing Cabinet,Office Supplies,6.0,158.98,953.88,East
2023-10-17,Office Chair Pro,Furniture,2.0,279.81,559.62,South
2023-10-17,Wireless Headphones,Technology,3.0,136.76,410.28,East
2023-10-18,Office Chair Pro,Furniture,4.0,292.16,1168.64,North
2023-10-18,Filing Cabinet,Office Supplies,1.0,161.42,161.42,South
2023-10-18,Laptop Pro 15,Technology,1.0,1180.02,1180.02,North
2023-10-18,Running Shoes,Clothing,2.0,87.8,175.6,West
2023-10-19,Coffee Maker,Appliances,5.0,186.29,931.45,North
2023-10-19,Laptop Pro 15,Technology,3.0,1169.32,3507.96,South
2023-10-19,Laptop Pro 15,Technology,4.0,1170.87,4683.48,South
2023-10-19,Smartphone Ultra,Technology,2.0,870.25,1740.5,South
2023-10-20,Wireless Headphones,Technology,1.0,132.81,132.81,West
2023-10-20,Wireless Headphones,Technology,5.0,148.28,741.4,East
2023-10-21,Laptop Pro 15,Technology,1.0,1230.29,1230.29,West
2023-10-21,Wireless Headphones,Technology,3.0,149.13,447.39,West
2023-10-21,Filing Cabinet,Office Supplies,3.0,152.9,458.7,West
2023-10-22,Laptop Pro 15,Technology,3.0,1216.8,3650.4,North
2023-10-22,Filing Cabinet,Office Supplies,4.0,143.82,575.28,North
2023-10-22,Printer Laser X,Office Supplies,1.0,319.93,319.93,South
2023-10-22,Business Backpack,Clothing,1.0,67.83,67.83,North
2023-10-22,Executive Ergonomic Desk,Furniture,3.0,599.51,1798.53,East
2023-10-23,Smartphone Ultra,Technology,1.0,797.16,797.16,East
2023-10-23,Business Backpack,Clothing,1.0,66.55,66.55,North
2023-10-24,Laptop Pro 15,Technology,1.0,1151.79,1151.79,West
2023-10-24,Winter Jacket,Clothing,3.0,108.61,325.83,West
2023-10-24,Smartphone Ultra,Technology,3.0,856.04,2568.12,North
2023-10-24,Smartphone Ultra,Technology,2.0,807.95,1615.9,South
2023-10-25,Premium Notebook,Office Supplies,1.0,19.21,19.21,South
2023-10-26,Laptop Pro 15,Technology,2.0,1110.74,2221.48,East
2023-10-26,Conference Room Table,Furniture,1.0,770.93,770.93,North
2023-10-26,Running Shoes,Clothing,2.0,101.56,203.12,South
2023-10-27,4K Ultra HD Monitor,Technology,1.0,370.4,370.4,South
2023-10-28,Premium Notebook,Office Supplies,2.0,18.93,37.86,South
2023-10-28,4K Ultra HD Monitor,Technology,2.0,371.53,743.06,West
2023-10-28,Executive Ergonomic Desk,Furniture,1.0,537.84,537.84,North
2023-10-28,Business Backpack,Clothing,4.0,64.37,257.48,South
2023-10-28,Printer Laser X,Office Supplies,5.0,339.82,1699.1,East
2023-10-29,Smartphone Ultra,Technology,2.0,845.32,1690.64,South
2023-10-29,Smartphone Ultra,Technology,2.0,873.91,1747.82,South
2023-10-29,Premium Notebook,Office Supplies,2.0,18.36,36.72,South
2023-10-29,Winter Jacket,Clothing,1.0,114.02,114.02,North
2023-10-29,Executive Ergonomic Desk,Furniture,4.0,534.33,2137.32,North
2023-10-29,Laptop Pro 15,Technology,3.0,1140.67,3422.01,South
2023-10-30,Conference Room Table,Furniture,3.0,791.47,2374.41,East
2023-10-31,Filing Cabinet,Office Supplies,2.0,144.34,288.68,East
2023-10-31,Printer Laser X,Office Supplies,2.0,334.54,669.08,North
2023-10-31,Executive Ergonomic Desk,Furniture,2.0,554.35,1108.7,East
2023-10-31,4K Ultra HD Monitor,Technology,5.0,373.74,1868.7,South
2023-11-01,Laptop Pro 15,Technology,2.0,1121.1,2242.2,East
2023-11-02,Filing Cabinet,Office Supplies,1.0,150.97,150.97,South
2023-11-02,Premium Notebook,Office Supplies,1.0,16.99,16.99,East
2023-11-02,4K Ultra HD Monitor,Technology,2.0,356.93,713.86,South
2023-11-02,Wireless Headphones,Technology,4.0,143.89,575.56,West
2023-11-02,Office Chair Pro,Technology,2.0,293.4,586.8,South
2023-11-02,Smartphone Ultra,Technology,4.0,898.81,3595.24,North
2023-11-02,Running Shoes,Clothing,1.0,96.33,96.33,East
2023-11-02,Wireless Headphones,Technology,1.0,144.17,144.17,South
2023-11-03,Business Backpack,Clothing,2.0,62.51,125.02,South
2023-11-03,Coffee Maker,Appliances,1.0,188.96,188.96,North
2023-11-03,Smartphone Ultra,Technology,1.0,841.48,841.48,East
2023-11-03,Business Backpack,Clothing,1.0,61.45,61.45,North
2023-11-03,Premium Notebook,Office Supplies,4.0,17.94,71.76,West
2023-11-03,4K Ultra HD Monitor,Technology,2.0,380.23,760.46,West
2023-11-03,Filing Cabinet,Office Supplies,2.0,160.6,321.2,North
2023-11-04,4K Ultra HD Monitor,Technology,6.0,372.79,2236.74,North
2023-11-04,Printer Laser X,Office Supplies,7.0,333.46,2334.22,South
2023-11-04,Office Chair Pro,Furniture,3.0,274.39,823.17,South
2023-11-05,Formal Shirt,Clothing,2.0,47.3,94.6,West
2023-11-05,Executive Ergonomic Desk,Furniture,1.0,587.36,587.36,East
2023-11-05,Business Backpack,Clothing,1.0,67.28,67.28,North
2023-11-06,Premium Notebook,Office Supplies,1.0,17.96,17.96,South
2023-11-06,Wireless Headphones,Technology,2.0,132.37,264.74,West
2023-11-06,Printer Laser X,Office Supplies,2.0,315.46,630.92,North
2023-11-06,Printer Laser X,Office Supplies,3.0,340.77,1022.31,North
2023-11-07,Premium Notebook,Office Supplies,1.0,19.44,19.44,North
2023-11-07,Business Backpack,Clothing,3.0,65.03,195.09,South
2023-11-07,Filing Cabinet,Office Supplies,1.0,159.78,159.78,North
2023-11-07,Wireless Headphones,Technology,4.0,145.49,581.96,South
2023-11-07,Smartphone Ultra,Technology,5.0,814.68,4073.4,East
2023-11-07,Smartphone Ultra,Technology,3.0,882.76,2648.28,North
2023-11-08,Winter Jacket,Clothing,3.0,116.65,349.95,West
2023-11-08,Winter Jacket,Clothing,2.0,108.12,216.24,South
2023-11-09,Premium Notebook,Office Supplies,1.0,18.37,18.37,North
2023-11-09,Executive Ergonomic Desk,Furniture,3.0,540.63,1621.89,North
2023-11-09,Filing Cabinet,Office Supplies,4.0,139.54,558.16,North
2023-11-10,Office Chair Pro,Furniture,2.0,263.6,527.2,West
2023-11-10,Winter Jacket,Clothing,3.0,113.46,340.38,West
2023-11-10,Wireless Headphones,Technology,3.0,134.91,404.73,South
2023-11-10,Formal Shirt,Clothing,2.0,47.24,94.48,West
2023-11-10,Premium Notebook,Office Supplies,1.0,18.69,18.69,North
2023-11-10,Formal Shirt,Clothing,3.0,44.04,132.12,North
2023-11-11,Filing Cabinet,Office Supplies,4.0,150.51,602.04,North
2023-11-12,Filing Cabinet,Office Supplies,1.0,161.28,161.28,East
2023-11-12,Laptop Pro 15,Technology,1.0,1193.89,1193.89,West
2023-11-12,Filing Cabinet,Office Supplies,3.0,152.33,456.99,East
2023-11-12,Smartphone Ultra,Technology,6.0,878.18,5269.08,West
2023-11-12,Coffee Maker,Appliances,2.0,182.77,365.54,West
2023-11-13,Office Chair Pro,Furniture,3.0,285.36,856.08,West
2023-11-13,Laptop Pro 15,Technology,4.0,1168.29,4673.16,East
2023-11-13,Laptop Pro 15,Technology,2.0,1169.24,2338.48,West
2023-11-15,Formal Shirt,Clothing,4.0,48.43,193.72,North
2023-11-15,4K Ultra HD Monitor,Technology,6.0,376.3,2257.8,North
2023-11-15,Premium Notebook,Office Supplies,5.0,16.89,84.45,South
2023-11-16,Coffee Maker,Appliances,5.0,190.82,954.1,North
2023-11-16,4K Ultra HD Monitor,Technology,3.0,349.42,1048.26,West
2023-11-16,Laptop Pro 15,Technology,2.0,1153.02,2306.04,East
2023-11-16,Coffee Maker,Appliances,2.0,189.23,378.46,East
2023-11-17,4K Ultra HD Monitor,Technology,3.0,374.53,1123.59,East
2023-11-17,Formal Shirt,Clothing,3.0,43.09,129.27,South
2023-11-18,Running Shoes,Clothing,1.0,97.3,97.3,North
2023-11-18,Executive Ergonomic Desk,Furniture,1.0,540.44,540.44,East
2023-11-18,Running Shoes,Clothing,1.0,102.5,102.5,North
2023-11-19,Filing Cabinet,Office Supplies,2.0,138.9,277.8,North
2023-11-19,Office Chair Pro,Furniture,5.0,262.05,1310.25,East
2023-11-19,Smartphone Ultra,Technology,2.0,806.98,1613.96,North
2023-11-20,4K Ultra HD Monitor,Technology,4.0,376.89,1507.56,North
2023-11-20,Office Chair Pro,Furniture,3.0,301.37,904.11,South
2023-11-20,Formal Shirt,Clothing,3.0,46.42,139.26,South
2023-11-21,Smartphone Ultra,Technology,4.0,784.94,3139.76,East
2023-11-21,Printer Laser X,Office Supplies,3.0,318.94,956.8199999999999,North
2023-11-22,Premium Notebook,Office Supplies,1.0,19.44,19.44,South
2023-11-23,Filing Cabinet,Office Supplies,6.0,145.88,875.28,North
2023-11-23,Wireless Headphones,Technology,1.0,147.77,147.77,East
2023-11-23,Printer Laser X,Office Supplies,1.0,295.14,295.14,South
2023-11-23,Office Chair Pro,Furniture,2.0,258.76,517.52,North
2023-11-25,4K Ultra HD Monitor,Technology,3.0,358.45,1075.35,North
2023-11-25,4K Ultra HD Monitor,Technology,1.0,343.43,343.43,East
2023-11-25,Office Chair Pro,Furniture,2.0,265.59,531.18,South
2023-11-25,Laptop Pro 15,Technology,2.0,1275.88,2551.76,North
2023-11-26,Printer Laser X,Office Supplies,2.0,337.16,337.16,South
2023-11-27,Filing Cabinet,Office Supplies,1.0,147.29,147.29,East
2023-11-27,Conference Room Table,Furniture,1.0,833.57,833.57,West
2023-11-28,Premium Notebook,Office Supplies,1.0,18.95,18.95,West
2023-11-28,4K Ultra HD Monitor,Technology,1.0,376.35,376.35,West
2023-11-28,Printer Laser X,Office Supplies,4.0,319.36,1277.44,North
2023-11-29,Printer Laser X,Office Supplies,5.0,325.55,1627.75,West
2023-11-29,Premium Notebook,Office Supplies,2.0,19.21,38.42,East
2023-11-29,Office Chair Pro,Furniture,4.0,262.65,1050.6,South
2023-11-29,Premium Notebook,Office Supplies,2.0,17.28,34.56,North
2023-11-29,4K Ultra HD Monitor,Technology,4.0,376.25,1505.0,West
2023-11-29,Filing Cabinet,Office Supplies,1.0,150.85,150.85,West
2023-11-29,Premium Notebook,Office Supplies,1.0,19.42,19.42,North
2023-11-29,Smartphone Ultra,Technology,3.0,803.3,2409.9,East
2023-11-29,Conference Room Table,Furniture,1.0,805.89,805.89,East
2023-11-29,4K Ultra HD Monitor,Technology,2.0,350.69,701.38,East
2023-11-30,4K Ultra HD Monitor,Technology,7.0,386.3,2704.1,North
2023-11-30,4K Ultra HD Monitor,Technology,2.0,364.94,729.88,North
2023-11-30,Premium Notebook,Office Supplies,2.0,18.21,36.42,South
2023-11-30,Winter Jacket,Clothing,3.0,114.8,344.4,South
2023-12-01,Business Backpack,Clothing,1.0,69.15,69.15,West
2023-12-01,Wireless Headphones,Technology,2.0,134.36,268.72,North
2023-12-01,Premium Notebook,Office Supplies,3.0,18.18,54.54,East
2023-12-01,Premium Notebook,Office Supplies,1.0,17.57,17.57,West
2023-12-01,4K Ultra HD Monitor,Technology,3.0,332.9,998.7,West
2023-12-02,Smartphone Ultra,Technology,1.0,849.51,849.51,South
2023-12-02,Running Shoes,Clothing,3.0,93.56,280.68,North
2023-12-03,Formal Shirt,Clothing,3.0,42.43,127.29,East
2023-12-03,4K Ultra HD Monitor,Technology,2.0,384.28,768.56,East
2023-12-04,Winter Jacket,Clothing,3.0,111.42,334.26,North
2023-12-04,Premium Notebook,Office Supplies,1.0,17.5,17.5,North
2023-12-04,Premium Notebook,Office Supplies,3.0,17.05,51.15,West
2023-12-04,Office Chair Pro,Furniture,3.0,264.56,793.68,East
2023-12-04,Office Chair Pro,Furniture,3.0,279.69,839.07,South
2023-12-05,Formal Shirt,Clothing,9.0,41.73,375.57,North
2023-12-05,Wireless Headphones,Technology,1.0,140.74,140.74,East
2023-12-05,Wireless Headphones,Technology,1.0,134.78,134.78,North
2023-12-06,Executive Ergonomic Desk,Furniture,5.0,550.55,2752.75,South
2023-12-06,Coffee Maker,Appliances,3.0,175.01,525.03,West
2023-12-06,Filing Cabinet,Office Supplies,2.0,145.92,291.84,North
2023-12-06,Smartphone Ultra,Technology,1.0,902.57,902.57,East
2023-12-07,Laptop Pro 15,Technology,6.0,1198.95,7193.7,East
2023-12-07,Smartphone Ultra,Technology,1.0,858.01,858.01,North
2023-12-07,Premium Notebook,Office Supplies,3.0,17.88,53.64,North
2023-12-07,Wireless Headphones,Technology,1.0,135.49,135.49,North
2023-12-07,Executive Ergonomic Desk,Furniture,1.0,580.59,580.59,South
2023-12-07,Executive Ergonomic Desk,Furniture,1.0,559.4,559.4,North
2023-12-08,Smartphone Ultra,Technology,3.0,917.69,2753.07,South
2023-12-08,Premium Notebook,Office Supplies,4.0,17.39,69.56,West
2023-12-08,Conference Room Table,Furniture,3.0,779.46,2338.38,East
2023-12-08,Executive Ergonomic Desk,Furniture,3.0,559.14,1677.42,East
2023-12-09,Wireless Headphones,Technology,1.0,139.67,139.67,West
2023-12-09,Winter Jacket,Clothing,3.0,102.05,306.15,South
2023-12-09,Executive Ergonomic Desk,Furniture,1.0,552.25,552.25,West
2023-12-09,4K Ultra HD Monitor,Technology,2.0,386.41,772.82,North
2023-12-09,Printer Laser X,Office Supplies,1.0,345.46,345.46,South
2023-12-09,Business Backpack,Clothing,1.0,60.48,60.48,East
2023-12-11,Business Backpack,Clothing,3.0,62.83,188.49,West
2023-12-11,Executive Ergonomic Desk,Furniture,4.0,516.24,2064.96,East
2023-12-13,Winter Jacket,Clothing,3.0,107.42,322.26,South
2023-12-13,Coffee Maker,Appliances,3.0,181.83,545.49,West
2023-12-13,Smartphone Ultra,Technology,2.0,860.11,1720.22,North
2023-12-13,Premium Notebook,Office Supplies,2.0,18.74,37.48,North
2023-12-13,4K Ultra HD Monitor,Technology,1.0,334.54,334.54,South
2023-12-13,Running Shoes,Clothing,2.0,88.16,176.32,North
2023-12-14,Coffee Maker,Appliances,8.0,190.07,1520.56,South
2023-12-14,Premium Notebook,Office Supplies,2.0,17.45,34.9,East
2023-12-14,Printer Laser X,Office Supplies,5.0,311.28,1556.4,North
2023-12-15,Laptop Pro 15,Technology,1.0,1116.47,1116.47,West
2023-12-16,Formal Shirt,Clothing,1.0,43.16,43.16,East
2023-12-16,Formal Shirt,Clothing,6.0,46.76,280.56,South
2023-12-17,Wireless Headphones,Technology,2.0,131.96,263.92,West
2023-12-17,Premium Notebook,Office Supplies,2.0,17.46,34.92,West
2023-12-18,Formal Shirt,Clothing,4.0,42.82,171.28,North
2023-12-18,Wireless Headphones,Technology,2.0,140.84,281.68,East
2023-12-18,Executive Ergonomic Desk,Furniture,4.0,599.6,2398.4,West
2023-12-18,Laptop Pro 15,Technology,5.0,1146.82,5734.1,South
2023-12-18,Smartphone Ultra,Technology,2.0,859.3,1718.6,West
2023-12-19,Office Chair Pro,Furniture,2.0,260.35,520.7,South
2023-12-19,Winter Jacket,Clothing,2.0,116.86,233.72,East
2023-12-19,Premium Notebook,Office Supplies,1.0,19.09,19.09,West
2023-12-19,Office Chair Pro,Furniture,1.0,265.75,265.75,East
2023-12-19,Office Chair Pro,Furniture,5.0,276.24,1381.2,South
2023-12-19,Business Backpack,Clothing,2.0,64.33,128.66,East
2023-12-19,Smartphone Ultra,Technology,1.0,862.11,862.11,South
2023-12-19,Smartphone Ultra,Technology,3.0,783.96,2351.88,East
2023-12-19,Laptop Pro 15,Technology,1.0,1172.14,1172.14,East
2023-12-20,Laptop Pro 15,Technology,4.0,1117.84,4471.36,North
2023-12-20,Laptop Pro 15,Technology,1.0,1226.08,1226.08,South
2023-12-20,Printer Laser X,Office Supplies,6.0,295.78,1774.68,West
2023-12-20,Office Chair Pro,Furniture,2.0,292.17,584.34,South
2023-12-22,Laptop Pro 15,Technology,1.0,1167.79,1167.79,North
2023-12-22,Premium Notebook,Office Supplies,2.0,16.76,33.52,East
2023-12-22,Smartphone Ultra,Technology,6.0,889.66,5337.96,South
2023-12-23,Office Chair Pro,Furniture,1.0,261.94,261.94,North
2023-12-23,Office Chair Pro,Furniture,2.0,295.92,591.84,East
2023-12-23,Winter Jacket,Clothing,6.0,115.89,695.34,North
2023-12-23,Smartphone Ultra,Technology,3.0,902.62,2707.86,North
2023-12-23,Filing Cabinet,Office Supplies,2.0,139.92,279.84,East
2023-12-24,Laptop Pro 15,Technology,2.0,1271.19,2542.38,East
2023-12-24,Wireless Headphones,Technology,3.0,142.65,427.95,South
2023-12-24,Office Chair Pro,Furniture,5.0,275.85,1379.25,South
2023-12-25,Business Backpack,Clothing,4.0,64.0,256.0,North
2023-12-25,Filing Cabinet,Office Supplies,3.0,160.28,480.84,West
2023-12-25,Office Chair Pro,Furniture,3.0,261.85,785.55,West
2023-12-25,Conference Room Table,Furniture,1.0,810.8,810.8,East
2023-12-25,Wireless Headphones,Technology,4.0,140.44,561.76,North
2023-12-25,Running Shoes,Clothing,3.0,87.81,263.43,South
2023-12-25,Conference Room Table,Furniture,1.0,795.0,795.0,East
2023-12-26,Premium Notebook,Office Supplies,1.0,17.48,17.48,North
2023-12-26,Formal Shirt,Clothing,6.0,45.42,272.52,East
2023-12-26,Premium Notebook,Office Supplies,4.0,16.67,66.68,West
2023-12-26,Executive Ergonomic Desk,Furniture,2.0,601.8,1203.6,North
2023-12-27,Winter Jacket,Clothing,3.0,112.69,338.07,East
2023-12-28,Wireless Headphones,Technology,2.0,131.92,263.84,North
2023-12-28,Winter Jacket,Clothing,1.0,114.06,114.06,East
2023-12-28,Wireless Headphones,Technology,1.0,129.87,129.87,South
2023-12-29,Formal Shirt,Clothing,3.0,44.68,134.04,East
2023-12-29,Laptop Pro 15,Technology,2.0,1155.99,2311.98,North
2023-12-29,Business Backpack,Clothing,1.0,69.55,69.55,West
2023-12-29,Running Shoes,Clothing,4.0,94.2,376.8,East
2023-12-29,Conference Room Table,Furniture,3.0,822.36,2467.08,North
2023-12-30,Smartphone Ultra,Technology,1.0,833.76,833.76,East
2023-12-30,Premium Notebook,Office Supplies,2.0,19.39,38.78,North
2023-12-30,Business Backpack,Clothing,2.0,66.01,132.02,North
2023-12-30,Wireless Headphones,Technology,1.0,142.96,142.96,South
2023-12-30,Premium Notebook,Office Supplies,3.0,18.56,55.68,East
2023-12-31,Office Chair Pro,Furniture,5.0,263.43,1317.15,North
2024-01-01,Coffee Maker,Appliances,2.0,180.01,360.02,East
2024-01-01,Laptop Pro 15,Technology,3.0,1130.16,3390.48,East
2024-01-01,Smartphone Ultra,Technology,1.0,836.54,836.54,North
2024-01-01,Conference Room Table,Furniture,3.0,833.94,2501.82,East
2024-01-02,4K Ultra HD Monitor,Technology,1.0,371.99,371.99,South
2024-01-02,Office Chair Pro,Furniture,2.0,289.05,578.1,North
2024-01-02,4K Ultra HD Monitor,Technology,2.0,365.02,730.04,West
2024-01-02,Office Chair Pro,Furniture,1.0,271.33,271.33,East
2024-01-02,Running Shoes,Clothing,2.0,91.91,183.82,South
2024-01-02,Smartphone Ultra,Technology,3.0,886.2,2658.6,South
2024-01-02,Laptop Pro 15,Technology,2.0,1198.37,2396.74,East
2024-01-03,4K Ultra HD Monitor,Technology,4.0,339.99,1359.96,South
2024-01-03,Premium Notebook,Office Supplies,3.0,16.98,50.94,South
2024-01-03,Executive Ergonomic Desk,Furniture,1.0,518.81,518.81,East
2024-01-04,Filing Cabinet,Office Supplies,4.0,144.23,576.92,South
2024-01-04,Executive Ergonomic Desk,Furniture,1.0,521.27,521.27,South
2024-01-04,Laptop Pro 15,Technology,4.0,1256.65,5026.6,South
2024-01-04,Business Backpack,Clothing,4.0,68.52,274.08,West
2024-01-04,Office Chair Pro,Furniture,2.0,294.66,589.32,North
2024-01-04,Laptop Pro 15,Technology,1.0,1260.33,1260.33,East
2024-01-04,4K Ultra HD Monitor,Technology,4.0,349.6,1398.4,North
2024-01-05,Laptop Pro 15,Technology,5.0,1126.52,5632.6,South
2024-01-05,Office Chair Pro,Furniture,1.0,258.52,258.52,West
2024-01-05,Laptop Pro 15,Technology,2.0,1132.78,2265.56,South
2024-01-05,Smartphone Ultra,Technology,1.0,836.71,836.71,South
2024-01-05,Premium Notebook,Office Supplies,2.0,17.06,34.12,East
2024-01-06,Premium Notebook,Office Supplies,1.0,17.93,17.93,South
2024-01-07,Executive Ergonomic Desk,Furniture,2.0,527.91,1055.82,East
2024-01-07,Business Backpack,Clothing,2.0,64.85,129.7,South
2024-01-07,Laptop Pro 15,Technology,1.0,1152.43,1152.43,West
2024-01-08,Wireless Headphones,Technology,1.0,133.33,133.33,North
2024-01-08,Premium Notebook,Office Supplies,2.0,17.28,34.56,North
2024-01-08,Printer Laser X,Office Supplies,3.0,324.17,972.51,South
2024-01-09,Smartphone Ultra,Technology,1.0,889.69,889.69,South
2024-01-10,Conference Room Table,Furniture,5.0,860.29,4301.45,East
2024-01-10,Printer Laser X,Office Supplies,2.0,326.44,652.88,South
2024-01-10,Formal Shirt,Clothing,1.0,41.85,41.85,East
2024-01-10,Wireless Headphones,Technology,3.0,144.69,434.07,South
2024-01-10,Premium Notebook,Office Supplies,4.0,17.08,68.32,East
2024-01-11,Filing Cabinet,Office Supplies,3.0,146.35,439.05,North
2024-01-11,Office Chair Pro,Furniture,1.0,265.15,265.15,South
2024-01-11,Printer Laser X,Office Supplies,6.0,312.64,1875.84,West
2024-01-11,Formal Shirt,Clothing,1.0,44.06,44.06,West
2024-01-12,Executive Ergonomic Desk,Furniture,5.0,542.1,2710.5,West
2024-01-13,Laptop Pro 15,Technology,2.0,1148.38,2296.76,West
2024-01-13,Office Chair Pro,Furniture,3.0,297.25,891.75,South
2024-01-13,Winter Jacket,Clothing,2.0,107.62,215.24,North
2024-01-13,Filing Cabinet,Office Supplies,1.0,146.76,146.76,West
2024-01-13,Laptop Pro 15,Technology,1.0,1104.62,1104.62,North
2024-01-13,Formal Shirt,Clothing,1.0,46.74,46.74,North
2024-01-13,Premium Notebook,Office Supplies,3.0,19.03,57.09,West
2024-01-13,Laptop Pro 15,Technology,2.0,1256.15,2512.3,South
2024-01-13,Running Shoes,Clothing,2.0,96.08,192.16,West
2024-01-13,4K Ultra HD Monitor,Technology,6.0,349.67,2098.02,East
2024-01-13,Running Shoes,Clothing,3.0,87.73,263.19,West
2024-01-14,Formal Shirt,Clothing,1.0,41.4,41.4,East
2024-01-14,Executive Ergonomic Desk,Furniture,1.0,534.68,534.68,North
2024-01-14,Printer Laser X,Office Supplies,1.0,315.53,315.53,East
2024-01-15,Wireless Headphones,Technology,1.0,148.6,148.6,South
2024-01-15,Conference Room Table,Furniture,3.0,863.3,2589.9,East
2024-01-15,Wireless Headphones,Technology,3.0,146.72,440.16,North
2024-01-15,Executive Ergonomic Desk,Furniture,1.0,516.9,516.9,South
2024-01-15,Filing Cabinet,Office Supplies,4.0,160.63,642.52,North
2024-01-15,Running Shoes,Clothing,3.0,88.81,266.43,South
2024-01-16,Filing Cabinet,Office Supplies,2.0,149.07,298.14,South
2024-01-16,Winter Jacket,Clothing,1.0,103.51,103.51,East
2024-01-17,Smartphone Ultra,Technology,3.0,861.65,2584.95,North
2024-01-17,Winter Jacket,Clothing,4.0,110.25,441.0,West
2024-01-17,Premium Notebook,Office Supplies,1.0,19.41,19.41,North
2024-01-17,Laptop Pro 15,Technology,6.0,1177.24,7063.44,West
2024-01-18,4K Ultra HD Monitor,Technology,1.0,382.66,382.66,East
2024-01-18,Laptop Pro 15,Technology,1.0,1282.82,1282.82,West
2024-01-18,Coffee Maker,Appliances,1.0,183.1,183.1,South
2024-01-18,Business Backpack,Clothing,7.0,69.71,487.97,West
2024-01-18,Formal Shirt,Clothing,5.0,42.62,213.1,North
2024-01-19,Office Chair Pro,Furniture,2.0,282.06,564.12,West
2024-01-19,Wireless Headphones,Technology,2.0,138.03,414.09,South
2024-01-20,Smartphone Ultra,Technology,3.0,787.52,2362.56,North
2024-01-20,Winter Jacket,Clothing,1.0,103.06,103.06,West
2024-01-20,Conference Room Table,Furniture,4.0,759.04,3036.16,North
2024-01-21,Business Backpack,Clothing,1.0,67.57,67.57,South
2024-01-21,Wireless Headphones,Technology,5.0,138.54,692.7,East
2024-01-22,Winter Jacket,Clothing,3.0,105.18,315.54,South
2024-01-22,Formal Shirt,Clothing,6.0,42.65,255.9,East
2024-01-22,Winter Jacket,Clothing,3.0,109.47,328.41,North
2024-01-23,Formal Shirt,Clothing,1.0,47.68,47.68,North
2024-01-23,Smartphone Ultra,Technology,1.0,820.57,820.57,East
2024-01-24,Conference Room Table,Furniture,3.0,796.33,2388.99,South
2024-01-24,Laptop Pro 15,Technology,1.0,1292.29,1292.29,East
2024-01-25,Formal Shirt,Clothing,3.0,47.09,141.27,West
2024-01-25,Laptop Pro 15,Technology,1.0,1145.61,1145.61,South
2024-01-25,Printer Laser X,Office Supplies,1.0,300.11,300.11,North
2024-01-26,Premium Notebook,Office Supplies,4.0,18.49,73.96,North
2024-01-26,Premium Notebook,Office Supplies,3.0,18.37,55.11,West
2024-01-26,Filing Cabinet,Office Supplies,1.0,151.35,151.35,North
2024-01-26,Office Chair Pro,Furniture,2.0,263.27,526.54,North
2024-01-27,Filing Cabinet,Office Supplies,3.0,141.58,424.74,North
2024-01-27,Printer Laser X,Office Supplies,2.0,295.97,591.94,North
2024-01-28,Wireless Headphones,Technology,2.0,143.24,286.48,North
2024-01-28,Laptop Pro 15,Technology,1.0,1138.59,1138.59,South
2024-01-28,4K Ultra HD Monitor,Technology,1.0,340.16,340.16,West
2024-01-28,4K Ultra HD Monitor,Technology,2.0,342.54,685.08,North
2024-01-28,Wireless Headphones,Technology,1.0,140.92,140.92,West
2024-01-28,Wireless Headphones,Technology,2.0,131.81,263.62,North
2024-01-28,Business Backpack,Clothing,4.0,62.81,251.24,South
2024-01-28,Business Backpack,Clothing,2.0,61.25,122.5,East
2024-01-28,Winter Jacket,Clothing,4.0,102.57,410.28,South
2024-01-29,Business Backpack,Clothing,1.0,60.5,60.5,North
2024-01-29,Smartphone Ultra,Technology,4.0,877.07,3508.28,North
2024-01-29,Premium Notebook,Office Supplies,1.0,19.17,19.17,South
2024-01-29,4K Ultra HD Monitor,Technology,3.0,350.54,1051.62,North
2024-01-29,Office Chair Pro,Furniture,2.0,301.3,602.6,North
2024-01-30,Office Chair Pro,Furniture,1.0,261.89,261.89,South
2024-01-30,Formal Shirt,Clothing,1.0,46.69,46.69,North
2024-01-30,Executive Ergonomic Desk,Furniture,3.0,603.78,1811.34,North
2024-01-30,Printer Laser X,Office Supplies,1.0,329.44,329.44,West
2024-01-31,Office Chair Pro,Furniture,4.0,287.27,1149.08,South
2024-01-31,Smartphone Ultra,Technology,1.0,846.45,846.45,East
2024-01-31,Smartphone Ultra,Technology,3.0,810.23,2430.69,West
2024-01-31,Executive Ergonomic Desk,Furniture,2.0,558.36,1116.72,North
2024-01-31,Premium Notebook,Office Supplies,6.0,17.91,107.46,East
2024-01-31,4K Ultra HD Monitor,Technology,1.0,332.43,332.43,South
2024-01-31,Premium Notebook,Office Supplies,3.0,17.64,52.92,South
2024-02-01,Smartphone Ultra,Technology,2.0,850.44,1700.88,West
2024-02-01,Filing Cabinet,Office Supplies,3.0,152.79,458.37,South
2024-02-01,Laptop Pro 15,Technology,3.0,1206.09,3618.27,South
2024-02-01,Office Chair Pro,Furniture,3.0,271.11,813.33,South
2024-02-02,Wireless Headphones,Technology,2.0,144.33,288.66,North
2024-02-02,Laptop Pro 15,Technology,1.0,1252.48,1252.48,South
2024-02-02,Coffee Maker,Appliances,4.0,173.33,693.32,West
2024-02-02,Wireless Headphones,Technology,3.0,136.0,408.0,North
2024-02-02,Smartphone Ultra,Technology,2.0,823.89,1647.78,East
2024-02-02,Winter Jacket,Clothing,1.0,113.98,113.98,North
2024-02-04,Executive Ergonomic Desk,Furniture,4.0,553.56,2214.24,West
2024-02-04,Premium Notebook,Office Supplies,3.0,17.62,52.86,South
2024-02-04,4K Ultra HD Monitor,Technology,1.0,378.48,378.48,North
2024-02-04,Formal Shirt,Clothing,4.0,41.58,166.32,South
2024-02-05,Printer Laser X,Office Supplies,5.0,305.91,1529.55,South
2024-02-05,Filing Cabinet,Office Supplies,4.0,147.02,588.08,East
2024-02-05,4K Ultra HD Monitor,Technology,3.0,380.59,1141.77,West
2024-02-05,Winter Jacket,Clothing,1.0,118.31,118.31,North
2024-02-06,Executive Ergonomic Desk,Furniture,3.0,568.66,1705.98,East
2024-02-06,Smartphone Ultra,Technology,1.0,874.88,874.88,South
2024-02-06,4K Ultra HD Monitor,Technology,1.0,367.54,367.54,South
2024-02-06,Premium Notebook,Office Supplies,5.0,17.98,89.9,West
2024-02-07,Premium Notebook,Office Supplies,3.0,17.57,52.71,North
2024-02-07,Printer Laser X,Office Supplies,1.0,300.45,300.45,North
2024-02-07,4K Ultra HD Monitor,Technology,2.0,371.97,743.94,East
2024-02-07,Executive Ergonomic Desk,Furniture,1.0,574.77,574.77,South
2024-02-07,4K Ultra HD Monitor,Technology,1.0,335.03,335.03,West
2024-02-07,Formal Shirt,Clothing,1.0,46.6,46.6,North
2024-02-07,Running Shoes,Clothing,2.0,91.84,183.68,North
2024-02-08,Conference Room Table,Furniture,3.0,801.69,2405.07,East
2024-02-09,Office Chair Pro,Furniture,1.0,288.19,288.19,South
2024-02-09,Smartphone Ultra,Technology,1.0,795.42,795.42,South
2024-02-09,Premium Notebook,Office Supplies,2.0,16.91,33.82,North
2024-02-09,Running Shoes,Clothing,2.0,100.15,200.3,North
2024-02-09,Office Chair Pro,Furniture,2.0,272.21,544.42,North
2024-02-10,Filing Cabinet,Office Supplies,1.0,149.83,149.83,West
2024-02-10,Office Chair Pro,Furniture,1.0,297.51,297.51,South
2024-02-10,Premium Notebook,Office Supplies,4.0,18.91,75.64,North
2024-02-10,Printer Laser X,Office Supplies,3.0,305.85,917.55,West
2024-02-10,Wireless Headphones,Technology,2.0,142.51,285.02,South
2024-02-11,Printer Laser X,Office Supplies,1.0,314.66,314.66,South
2024-02-11,Coffee Maker,Appliances,4.0,168.51,674.04,North
2024-02-11,Laptop Pro 15,Technology,2.0,1264.96,2529.92,East
2024-02-11,Running Shoes,Clothing,1.0,94.45,94.45,West
2024-02-11,Conference Room Table,Furniture,5.0,829.97,4149.85,East
2024-02-11,Filing Cabinet,Office Supplies,3.0,144.06,432.18,North
2024-02-11,Business Backpack,Clothing,3.0,69.86,209.58,West
2024-02-11,Formal Shirt,Clothing,3.0,45.42,136.26,East
2024-02-12,Smartphone Ultra,Technology,3.0,810.64,2431.92,North
2024-02-12,Office Chair Pro,Furniture,1.0,278.0,278.0,North
2024-02-13,Executive Ergonomic Desk,Furniture,5.0,523.75,2618.75,South
2024-02-13,Business Backpack,Clothing,2.0,60.81,121.62,South
2024-02-14,Office Chair Pro,Furniture,2.0,293.12,586.24,South
2024-02-15,Premium Notebook,Office Supplies,1.0,17.96,17.96,West
2024-02-15,Business Backpack,Clothing,3.0,63.16,189.48,South
2024-02-15,Laptop Pro 15,Technology,1.0,1207.42,1207.42,North
2024-02-15,Printer Laser X,Office Supplies,3.0,339.9,1019.7,South
2024-02-15,Laptop Pro 15,Technology,1.0,1179.36,1179.36,West
2024-02-15,Smartphone Ultra,Technology,4.0,805.75,3223.0,North
2024-02-16,Running Shoes,Clothing,1.0,102.18,102.18,North
2024-02-16,Executive Ergonomic Desk,Furniture,1.0,566.17,566.17,East
2024-02-16,Winter Jacket,Clothing,2.0,107.68,215.36,North
2024-02-16,Office Chair Pro,Furniture,6.0,260.6,1563.6,East
2024-02-16,Executive Ergonomic Desk,Furniture,1.0,577.35,577.35,South
2024-02-16,Smartphone Ultra,Technology,4.0,824.76,3299.04,South
2024-02-16,Printer Laser X,Office Supplies,2.0,295.92,591.84,East
2024-02-16,Running Shoes,Clothing,1.0,100.59,100.59,North
2024-02-17,Filing Cabinet,Office Supplies,2.0,157.15,314.3,West
2024-02-17,4K Ultra HD Monitor,Technology,2.0,376.88,753.76,North
2024-02-17,Smartphone Ultra,Technology,2.0,845.65,1691.3,East
2024-02-17,Wireless Headphones,Technology,1.0,136.47,136.47,North
2024-02-18,Printer Laser X,Office Supplies,3.0,320.3,960.9,North
2024-02-18,Executive Ergonomic Desk,Furniture,2.0,545.55,1091.1,East
2024-02-18,Conference Room Table,Furniture,3.0,750.86,2252.58,West
2024-02-18,Conference Room Table,Furniture,1.0,784.02,784.02,South
2024-02-18,Office Chair Pro,Furniture,1.0,279.5,279.5,South
2024-02-18,Office Chair Pro,Furniture,6.0,299.86,1799.16,South
2024-02-18,Winter Jacket,Clothing,2.0,115.28,230.56,South
2024-02-19,Office Chair Pro,Furniture,2.0,273.79,547.58,South
2024-02-19,Laptop Pro 15,Technology,1.0,1201.62,1201.62,East
2024-02-20,4K Ultra HD Monitor,Technology,1.0,342.39,342.39,South
2024-02-20,Laptop Pro 15,Technology,3.0,1114.96,3344.88,South
2024-02-20,Wireless Headphones,Technology,2.0,136.69,273.38,West
2024-02-21,4K Ultra HD Monitor,Technology,2.0,335.17,670.34,East
2024-02-22,4K Ultra HD Monitor,Technology,2.0,377.95,755.9,South
2024-02-22,Business Backpack,Clothing,4.0,67.18,268.72,West
2024-02-22,Running Shoes,Clothing,1.0,94.66,94.66,West
2024-02-22,Coffee Maker,Appliances,1.0,179.99,179.99,West
2024-02-22,Formal Shirt,Clothing,1.0,47.58,47.58,East
2024-02-22,Filing Cabinet,Office Supplies,2.0,139.08,278.16,East
2024-02-23,Executive Ergonomic Desk,Furniture,3.0,533.83,1601.49,West
2024-02-23,Conference Room Table,Furniture,1.0,790.38,790.38,North
2024-02-24,Winter Jacket,Clothing,1.0,108.45,108.45,North
2024-02-24,Wireless Headphones,Technology,5.0,144.36,721.8,West
2024-02-25,Winter Jacket,Clothing,2.0,107.5,215.0,East
2024-02-25,Premium Notebook,Office Supplies,1.0,17.77,17.77,East
2024-02-25,Wireless Headphones,Technology,1.0,138.47,138.47,North
2024-02-25,Printer Laser X,Office Supplies,5.0,314.36,1571.8,North
2024-02-25,Premium Notebook,Office Supplies,1.0,17.01,17.01,West
2024-02-25,Business Backpack,Clothing,2.0,64.9,129.8,South
2024-02-25,Formal Shirt,Clothing,2.0,41.57,83.14,East
2024-02-25,Formal Shirt,Clothing,5.0,47.78,238.9,North
2024-02-26,Executive Ergonomic Desk,Furniture,1.0,600.09,600.09,South
2024-02-26,Executive Ergonomic Desk,Furniture,3.0,529.3,1587.9,West
2024-02-26,Laptop Pro 15,Technology,1.0,1269.11,1269.11,East
2024-02-26,Formal Shirt,Clothing,3.0,47.34,142.02,North
2024-02-27,Business Backpack,Clothing,2.0,64.61,129.22,North
2024-02-27,Formal Shirt,Clothing,2.0,48.06,96.12,West
2024-02-27,Office Chair Pro,Furniture,2.0,299.83,599.66,East
2024-02-27,Office Chair Pro,Furniture,2.0,260.95,521.9,West
2024-02-27,Filing Cabinet,Office Supplies,3.0,156.04,468.12,North
2024-02-27,Wireless Headphones,Technology,3.0,144.95,434.85,South
2024-02-28,Smartphone Ultra,Technology,2.0,906.82,1813.64,North
2024-02-28,4K Ultra HD Monitor,Technology,2.0,354.05,708.1,North
2024-02-28,Wireless Headphones,Technology,3.0,139.96,419.88,South
2024-02-28,Premium Notebook,Office Supplies,3.0,17.83,53.49,North
2024-02-28,Laptop Pro 15,Technology,1.0,1145.96,1145.96,West
2024-02-29,Executive Ergonomic Desk,Furniture,5.0,534.08,2670.4,East
2024-02-29,Printer Laser X,Office Supplies,8.0,307.29,2458.32,South
2024-02-29,4K Ultra HD Monitor,Technology,1.0,369.29,369.29,East
2024-02-29,Winter Jacket,Clothing,2.0,106.62,213.24,East
2024-03-01,Premium Notebook,Office Supplies,4.0,19.3,77.2,South
2024-03-01,Executive Ergonomic Desk,Furniture,3.0,603.72,1811.16,East
2024-03-01,Laptop Pro 15,Technology,3.0,1247.81,3743.43,East
2024-03-02,Office Chair Pro,Furniture,1.0,283.02,283.02,South
2024-03-02,Premium Notebook,Office Supplies,3.0,18.58,55.74,East
2024-03-02,Executive Ergonomic Desk,Furniture,2.0,521.44,1042.88,North
2024-03-03,Filing Cabinet,Office Supplies,2.0,141.14,282.28,West
2024-03-03,Running Shoes,Clothing,4.0,90.78,363.12,South
2024-03-03,Premium Notebook,Office Supplies,2.0,19.21,38.42,North
2024-03-04,Printer Laser X,Office Supplies,3.0,309.39,928.17,East
2024-03-05,Smartphone Ultra,Technology,1.0,877.43,877.43,North
2024-03-05,Premium Notebook,Office Supplies,3.0,16.59,49.769999999999996,North
2024-03-06,Premium Notebook,Office Supplies,4.0,17.32,69.28,South
2024-03-06,Formal Shirt,Clothing,5.0,45.12,225.6,South
2024-03-06,Printer Laser X,Office Supplies,4.0,302.74,1210.96,North
2024-03-06,Wireless Headphones,Technology,4.0,132.12,528.48,North
2024-03-07,Smartphone Ultra,Technology,1.0,794.26,794.26,North
2024-03-08,Smartphone Ultra,Technology,2.0,850.13,1700.26,South
2024-03-08,Laptop Pro 15,Technology,2.0,1284.58,2569.16,South
2024-03-08,Premium Notebook,Office Supplies,2.0,16.87,33.74,South
2024-03-09,Coffee Maker,Appliances,4.0,189.62,758.48,North
2024-03-09,Smartphone Ultra,Technology,5.0,851.92,4259.6,East
2024-03-10,Office Chair Pro,Furniture,1.0,289.83,289.83,West
2024-03-10,Winter Jacket,Clothing,1.0,111.06,111.06,East
2024-03-10,Wireless Headphones,Technology,3.0,133.4,400.2,North
2024-03-10,Filing Cabinet,Office Supplies,3.0,146.99,440.97,East
2024-03-10,Business Backpack,Clothing,1.0,63.87,63.87,South
2024-03-11,Wireless Headphones,Technology,1.0,134.86,134.86,East
2024-03-12,Formal Shirt,Clothing,4.0,45.51,182.04,West
2024-03-12,Conference Room Table,Furniture,1.0,758.32,758.32,West
2024-03-12,Running Shoes,Clothing,4.0,101.12,404.48,West
2024-03-13,Laptop Pro 15,Technology,1.0,1268.49,1268.49,West
2024-03-13,Premium Notebook,Office Supplies,2.0,17.47,34.94,North
2024-03-13,Business Backpack,Clothing,5.0,67.9,339.5,West
2024-03-13,Office Chair Pro,Furniture,4.0,272.66,1090.64,North
2024-03-13,Formal Shirt,Clothing,1.0,43.31,43.31,South
2024-03-13,Winter Jacket,Clothing,1.0,113.7,113.7,North
2024-03-14,Premium Notebook,Office Supplies,1.0,18.62,18.62,North
2024-03-14,Business Backpack,Clothing,4.0,69.76,279.04,North
2024-03-14,Premium Notebook,Office Supplies,1.0,18.15,18.15,South
2024-03-14,Premium Notebook,Office Supplies,2.0,18.82,37.64,South
2024-03-14,Formal Shirt,Clothing,3.0,42.71,128.13,East
2024-03-14,Premium Notebook,Office Supplies,1.0,16.68,16.68,East
2024-03-15,Printer Laser X,Office Supplies,2.0,328.26,656.52,East
2024-03-15,Office Chair Pro,Furniture,2.0,301.0,602.0,North
2024-03-15,Wireless Headphones,Technology,1.0,141.87,141.87,South
2024-03-16,Filing Cabinet,Office Supplies,5.0,138.27,691.35,South
2024-03-16,Filing Cabinet,Office Supplies,2.0,156.98,313.96,North
2024-03-16,Premium Notebook,Office Supplies,1.0,17.69,17.69,West
2024-03-16,Executive Ergonomic Desk,Furniture,1.0,537.19,537.19,East
2024-03-17,Filing Cabinet,Office Supplies,4.0,159.61,638.44,West
2024-03-17,Formal Shirt,Clothing,1.0,46.91,46.91,North
2024-03-17,Printer Laser X,Office Supplies,1.0,306.72,306.72,South
2024-03-17,Executive Ergonomic Desk,Furniture,2.0,602.6,1205.2,North
2024-03-18,Premium Notebook,Office Supplies,2.0,19.01,38.02,North
2024-03-18,Laptop Pro 15,Technology,3.0,1272.13,3816.39,North
2024-03-19,Formal Shirt,Clothing,1.0,47.66,47.66,South
2024-03-20,Wireless Headphones,Technology,1.0,132.6,132.6,North
2024-03-20,Coffee Maker,Appliances,1.0,177.55,177.55,South
2024-03-21,Printer Laser X,Office Supplies,2.0,312.15,624.3,East
2024-03-22,Laptop Pro 15,Technology,2.0,1204.75,2409.5,West
2024-03-22,Winter Jacket,Clothing,3.0,116.9,350.7,East
2024-03-22,Filing Cabinet,Office Supplies,2.0,149.66,299.32,South
2024-03-22,Running Shoes,Clothing,1.0,101.26,101.26,West
2024-03-23,Office Chair Pro,Furniture,2.0,264.76,529.52,South
2024-03-23,Wireless Headphones,Technology,1.0,131.7,131.7,East
2024-03-23,Office Chair Pro,Furniture,3.0,292.01,876.03,North
2024-03-23,4K Ultra HD Monitor,Technology,1.0,350.03,350.03,West
2024-03-23,Filing Cabinet,Office Supplies,4.0,139.46,557.84,East
2024-03-23,Formal Shirt,Clothing,1.0,42.09,42.09,South
2024-03-24,Laptop Pro 15,Technology,3.0,1187.64,3562.92,North
2024-03-24,Laptop Pro 15,Technology,1.0,1233.62,1233.62,South
2024-03-24,Formal Shirt,Clothing,1.0,44.39,44.39,East
2024-03-25,Coffee Maker,Appliances,1.0,174.69,174.69,West
2024-03-25,4K Ultra HD Monitor,Technology,1.0,382.84,382.84,North
2024-03-25,Executive Ergonomic Desk,Furniture,1.0,566.38,566.38,South
2024-03-25,4K Ultra HD Monitor,Technology,1.0,370.61,370.61,North
2024-03-25,Formal Shirt,Clothing,1.0,42.28,42.28,East
2024-03-25,Executive Ergonomic Desk,Furniture,3.0,539.58,1618.74,North
2024-03-26,Formal Shirt,Clothing,5.0,42.81,214.05,South
2024-03-26,Printer Laser X,Office Supplies,2.0,342.96,685.92,South
2024-03-26,Printer Laser X,Office Supplies,2.0,302.28,604.56,East
2024-03-26,Winter Jacket,Clothing,1.0,117.79,117.79,West
2024-03-27,Smartphone Ultra,Technology,2.0,903.86,1807.72,East
2024-03-27,Smartphone Ultra,Technology,1.0,826.8,826.8,South
2024-03-28,Wireless Headphones,Technology,2.0,142.35,284.7,South
2024-03-28,Conference Room Table,Furniture,1.0,774.87,774.87,South
2024-03-28,Premium Notebook,Office Supplies,2.0,18.79,37.58,East
2024-03-29,Premium Notebook,Office Supplies,4.0,17.67,70.68,North
2024-03-29,4K Ultra HD Monitor,Technology,2.0,384.02,768.04,South
2024-03-29,Smartphone Ultra,Technology,6.0,888.77,5332.62,South
2024-03-30,Formal Shirt,Clothing,2.0,44.71,89.42,North
2024-03-30,Filing Cabinet,Office Supplies,2.0,147.46,294.92,East
2024-03-30,Smartphone Ultra,Technology,4.0,876.56,3506.24,North
2024-03-30,Office Chair Pro,Furniture,3.0,301.28,903.84,South
2024-03-30,Laptop Pro 15,Technology,1.0,1291.76,1291.76,West
2024-03-30,Running Shoes,Clothing,3.0,88.76,266.28,North
2024-03-30,Laptop Pro 15,Technology,1.0,1274.09,1274.09,East
2024-03-30,Executive Ergonomic Desk,Furniture,2.0,519.95,1039.9,South
2024-03-30,Laptop Pro 15,Technology,1.0,1239.47,1239.47,North
2024-03-31,Formal Shirt,Clothing,3.0,45.23,135.69,East
2024-03-31,4K Ultra HD Monitor,Technology,3.0,353.35,1060.05,North
2024-03-31,Coffee Maker,Appliances,2.0,185.19,370.38,North
2024-04-01,Executive Ergonomic Desk,Furniture,2.0,554.3,1108.6,East
2024-04-01,Executive Ergonomic Desk,Furniture,2.0,523.54,1047.08,East
2024-04-01,Wireless Headphones,Technology,2.0,147.89,295.78,East
2024-04-01,Laptop Pro 15,Technology,5.0,1259.89,6299.45,West
2024-04-01,Laptop Pro 15,Technology,4.0,1236.53,4946.12,East
2024-04-02,Conference Room Table,Furniture,2.0,761.66,1523.32,North
2024-04-02,Executive Ergonomic Desk,Furniture,2.0,525.71,1051.42,North
2024-04-02,Premium Notebook,Office Supplies,1.0,18.27,18.27,West
2024-04-03,Office Chair Pro,Furniture,1.0,294.4,294.4,East
2024-04-03,Executive Ergonomic Desk,Furniture,1.0,528.67,528.67,South
2024-04-03,4K Ultra HD Monitor,Technology,3.0,349.9,1049.7,South
2024-04-04,Wireless Headphones,Technology,5.0,138.95,694.75,North
2024-04-04,Office Chair Pro,Furniture,2.0,262.41,524.82,East
2024-04-04,Filing Cabinet,Office Supplies,2.0,160.1,320.2,West
2024-04-05,Premium Notebook,Office Supplies,1.0,17.71,17.71,South
2024-04-05,4K Ultra HD Monitor,Technology,5.0,385.06,1925.3,South
2024-04-05,Office Chair Pro,Furniture,2.0,300.76,601.52,South
2024-04-06,Printer Laser X,Office Supplies,4.0,332.0,1328.0,East
2024-04-06,Wireless Headphones,Technology,1.0,141.64,141.64,South
2024-04-06,Premium Notebook,Office Supplies,3.0,17.99,53.97,North
2024-04-06,Wireless Headphones,Technology,3.0,130.42,391.26,West
2024-04-06,Smartphone Ultra,Technology,1.0,793.44,793.44,North
2024-04-06,Formal Shirt,Clothing,1.0,43.92,43.92,East
2024-04-07,Conference Room Table,Furniture,3.0,862.36,2587.08,North
2024-04-08,Smartphone Ultra,Technology,3.0,788.18,2364.54,North
2024-04-08,Running Shoes,Clothing,1.0,89.54,89.54,East
2024-04-09,Office Chair Pro,Furniture,2.0,266.64,533.28,East
2024-04-09,Wireless Headphones,Technology,1.0,130.22,130.22,West
2024-04-09,Executive Ergonomic Desk,Furniture,4.0,574.99,2299.96,North
2024-04-10,4K Ultra HD Monitor,Technology,2.0,371.88,743.76,North
2024-04-10,Conference Room Table,Furniture,4.0,816.72,3266.88,East
2024-04-10,Printer Laser X,Office Supplies,2.0,296.63,593.26,North
2024-04-10,Wireless Headphones,Technology,1.0,141.85,141.85,East
2024-04-10,Filing Cabinet,Office Supplies,5.0,145.21,726.05,North
2024-04-11,Wireless Headphones,Technology,2.0,144.22,288.44,West
2024-04-11,Winter Jacket,Clothing,3.0,117.92,353.76,North
2024-04-11,Formal Shirt,Clothing,2.0,45.73,91.46,West
2024-04-11,Conference Room Table,Furniture,3.0,759.54,2278.62,South
2024-04-12,Office Chair Pro,Furniture,4.0,267.33,1069.32,North
2024-04-13,Premium Notebook,Office Supplies,2.0,17.77,35.54,South
2024-04-13,Business Backpack,Clothing,2.0,63.92,127.84,West
2024-04-13,Premium Notebook,Office Supplies,3.0,17.19,51.57,West
2024-04-14,4K Ultra HD Monitor,Technology,3.0,373.18,1119.54,East
2024-04-14,Formal Shirt,Clothing,2.0,45.88,91.76,East
2024-04-14,Formal Shirt,Clothing,4.0,42.16,168.64,South
2024-04-15,Running Shoes,Clothing,2.0,89.67,179.34,West
2024-04-15,Printer Laser X,Office Supplies,1.0,336.58,336.58,South
2024-04-16,Running Shoes,Clothing,2.0,95.5,191.0,North
2024-04-16,Premium Notebook,Office Supplies,3.0,18.2,54.6,North
2024-04-16,Business Backpack,Clothing,1.0,67.03,67.03,South
2024-04-16,Executive Ergonomic Desk,Furniture,1.0,576.36,576.36,North
2024-04-16,Office Chair Pro,Furniture,2.0,276.0,552.0,South
2024-04-16,Premium Notebook,Office Supplies,1.0,17.15,17.15,East
2024-04-16,Smartphone Ultra,Technology,2.0,851.34,1702.68,West
2024-04-17,Running Shoes,Clothing,4.0,96.45,385.8,East
2024-04-17,Smartphone Ultra,Technology,1.0,881.6,881.6,East
2024-04-17,Smartphone Ultra,Technology,1.0,833.63,833.63,East
2024-04-18,Running Shoes,Clothing,3.0,96.42,289.26,South
2024-04-18,Smartphone Ultra,Technology,6.0,806.7,4840.2,East
2024-04-18,Printer Laser X,Office Supplies,1.0,302.36,302.36,East
2024-04-19,Premium Notebook,Office Supplies,5.0,19.3,96.5,South
2024-04-19,Filing Cabinet,Office Supplies,1.0,150.69,150.69,South
2024-04-20,Coffee Maker,Appliances,2.0,193.7,387.4,East
2024-04-20,Premium Notebook,Office Supplies,1.0,17.76,17.76,North
2024-04-20,Printer Laser X,Office Supplies,4.0,314.91,1259.64,South
2024-04-20,Smartphone Ultra,Technology,1.0,854.58,854.58,North
2024-04-20,Business Backpack,Clothing,4.0,64.29,257.16,North
2024-04-20,Smartphone Ultra,Technology,1.0,914.1,914.1,South
2024-04-20,Conference Room Table,Furniture,2.0,795.26,1590.52,North
2024-04-20,Formal Shirt,Clothing,3.0,45.2,135.6,North
2024-04-21,Office Chair Pro,Furniture,2.0,258.32,516.64,North
2024-04-21,Business Backpack,Clothing,2.0,66.79,133.58,South
2024-04-21,Premium Notebook,Office Supplies,4.0,18.94,75.76,North
2024-04-22,Wireless Headphones,Technology,2.0,145.64,291.28,South
2024-04-22,Business Backpack,Clothing,2.0,62.09,124.18,North
2024-04-22,Running Shoes,Clothing,1.0,96.66,96.66,South
2024-04-22,Filing Cabinet,Office Supplies,3.0,143.9,431.7,East
2024-04-23,Smartphone Ultra,Technology,1.0,824.06,824.06,North
2024-04-23,Printer Laser X,Office Supplies,1.0,343.6,343.6,East
2024-04-23,Laptop Pro 15,Technology,1.0,1106.15,1106.15,East
2024-04-24,Laptop Pro 15,Technology,2.0,1171.67,2343.34,East
2024-04-24,Filing Cabinet,Office Supplies,3.0,153.68,461.04,North
2024-04-25,Executive Ergonomic Desk,Furniture,3.0,597.62,1792.86,South
2024-04-25,Premium Notebook,Office Supplies,1.0,17.89,17.89,West
2024-04-26,Filing Cabinet,Office Supplies,2.0,156.81,313.62,West
2024-04-26,Wireless Headphones,Technology,2.0,139.09,278.18,East
2024-04-26,Executive Ergonomic Desk,Furniture,3.0,563.8,1691.4,North
2024-04-26,Executive Ergonomic Desk,Furniture,5.0,524.22,2621.1,South
2024-04-26,Wireless Headphones,Technology,8.0,130.84,1046.72,West
2024-04-27,Winter Jacket,Clothing,1.0,113.09,113.09,West
2024-04-28,Printer Laser X,Office Supplies,2.0,320.85,641.7,North
2024-04-28,Printer Laser X,Office Supplies,1.0,307.38,307.38,West
2024-04-28,Smartphone Ultra,Technology,2.0,895.01,1790.02,East
2024-04-28,Premium Notebook,Office Supplies,3.0,19.18,57.54,East
2024-04-29,Office Chair Pro,Furniture,4.0,271.85,1087.4,South
2024-04-29,Office Chair Pro,Furniture,1.0,262.66,262.66,South
2024-04-29,Office Chair Pro,Furniture,2.0,302.29,604.58,West
2024-04-29,Premium Notebook,Office Supplies,1.0,17.07,17.07,South
2024-04-29,Business Backpack,Clothing,1.0,64.81,64.81,North
2024-04-30,Smartphone Ultra,Technology,2.0,908.77,1817.54,South
2024-04-30,Filing Cabinet,Office Supplies,1.0,161.95,161.95,North
2024-04-30,Business Backpack,Clothing,3.0,64.89,194.67,South
2024-05-01,Office Chair Pro,Furniture,2.0,296.18,592.36,North
2024-05-01,Printer Laser X,Office Supplies,1.0,309.37,309.37,North
2024-05-01,Winter Jacket,Clothing,3.0,102.8,308.4,East
2024-05-02,Conference Room Table,Furniture,1.0,810.85,810.85,South
2024-05-02,Winter Jacket,Clothing,1.0,103.21,103.21,North
2024-05-03,Executive Ergonomic Desk,Furniture,2.0,583.54,1167.08,North
2024-05-03,Laptop Pro 15,Technology,2.0,1114.26,2228.52,East
2024-05-03,Premium Notebook,Office Supplies,4.0,17.73,70.92,South
2024-05-03,4K Ultra HD Monitor,Technology,5.0,342.28,1711.4,North
2024-05-04,Printer Laser X,Office Supplies,4.0,296.2,1184.8,North
2024-05-04,Wireless Headphones,Technology,2.0,142.71,285.42,South
2024-05-04,Wireless Headphones,Technology,2.0,130.56,261.12,North
2024-05-04,Smartphone Ultra,Technology,1.0,808.43,808.43,West
2024-05-04,Premium Notebook,Office Supplies,4.0,18.95,75.8,East
2024-05-06,Office Chair Pro,Furniture,2.0,291.04,582.08,North
2024-05-07,Laptop Pro 15,Technology,3.0,1282.32,3846.96,West
2024-05-07,Printer Laser X,Office Supplies,1.0,326.11,326.11,West
2024-05-08,4K Ultra HD Monitor,Technology,2.0,349.9,699.8,East
2024-05-08,Laptop Pro 15,Technology,2.0,1167.78,2335.56,South
2024-05-09,Wireless Headphones,Technology,3.0,129.76,389.28,North
2024-05-09,Conference Room Table,Furniture,3.0,815.15,2445.45,North
2024-05-09,Premium Notebook,Technology,1.0,18.23,18.23,East
2024-05-09,Printer Laser X,Office Supplies,1.0,324.82,324.82,North
2024-05-09,Premium Notebook,Office Supplies,5.0,18.01,90.05,East
2024-05-10,Wireless Headphones,Technology,1.0,131.8,131.8,North
2024-05-10,Printer Laser X,Office Supplies,2.0,312.88,625.76,South
2024-05-10,Laptop Pro 15,Technology,3.0,1157.33,3471.99,West
2024-05-11,Coffee Maker,Appliances,1.0,193.88,193.88,North
2024-05-11,Formal Shirt,Clothing,3.0,44.49,133.47,North
2024-05-12,Office Chair Pro,Furniture,2.0,264.96,529.92,West
2024-05-12,Business Backpack,Clothing,2.0,59.82,119.64,West
2024-05-12,Wireless Headphones,Technology,3.0,141.65,424.95,South
2024-05-12,Executive Ergonomic Desk,Furniture,1.0,571.15,571.15,South
2024-05-12,Running Shoes,Clothing,2.0,96.85,193.7,West
2024-05-13,Wireless Headphones,Technology,2.0,132.22,264.44,East
2024-05-13,Wireless Headphones,Technology,4.0,137.37,549.48,West
2024-05-13,Formal Shirt,Clothing,4.0,44.04,176.16,North
2024-05-14,Formal Shirt,Clothing,1.0,45.85,45.85,West
2024-05-14,Business Backpack,Clothing,1.0,66.76,66.76,West
2024-05-14,Wireless Headphones,Technology,1.0,150.61,150.61,East
2024-05-14,Office Chair Pro,Furniture,3.0,275.82,827.46,West
2024-05-15,Premium Notebook,Office Supplies,1.0,18.68,18.68,South
2024-05-15,Premium Notebook,Office Supplies,1.0,16.94,16.94,East
2024-05-15,Wireless Headphones,Technology,5.0,136.33,681.65,South
2024-05-15,Filing Cabinet,Office Supplies,3.0,142.61,427.83,North
2024-05-15,Printer Laser X,Office Supplies,6.0,331.45,1988.7,West
2024-05-15,Laptop Pro 15,Technology,1.0,1179.52,1179.52,South
2024-05-15,Premium Notebook,Office Supplies,5.0,19.43,97.15,North
2024-05-15,Filing Cabinet,Office Supplies,2.0,145.05,290.1,West
2024-05-16,Laptop Pro 15,Technology,1.0,1167.3,1167.3,East
2024-05-17,Winter Jacket,Clothing,1.0,117.01,117.01,South
2024-05-17,Office Chair Pro,Furniture,3.0,262.57,787.71,West
2024-05-18,Formal Shirt,Clothing,4.0,47.1,188.4,North
2024-05-18,Formal Shirt,Clothing,1.0,42.05,42.05,West
2024-05-18,Wireless Headphones,Technology,2.0,149.73,299.46,North
2024-05-18,Conference Room Table,Furniture,2.0,843.34,1686.68,East
2024-05-19,Laptop Pro 15,Technology,1.0,1257.8,1257.8,North
2024-05-19,Smartphone Ultra,Technology,2.0,913.72,1827.44,North
2024-05-19,Smartphone Ultra,Technology,3.0,816.5,2449.5,South
2024-05-19,Formal Shirt,Clothing,1.0,42.18,42.18,East
2024-05-20,Filing Cabinet,Office Supplies,3.0,152.27,456.81,West
2024-05-21,Filing Cabinet,Office Supplies,1.0,158.11,158.11,West
2024-05-21,Laptop Pro 15,Technology,1.0,1270.26,1270.26,South
2024-05-21,Business Backpack,Clothing,2.0,67.72,135.44,West
2024-05-21,Office Chair Pro,Furniture,1.0,297.77,297.77,West
2024-05-22,Smartphone Ultra,Technology,3.0,887.62,2662.86,North
2024-05-22,Smartphone Ultra,Technology,2.0,882.9,1765.8,North
2024-05-22,Conference Room Table,Furniture,2.0,776.33,1552.66,West
2024-05-23,Laptop Pro 15,Technology,3.0,1121.52,3364.56,East
2024-05-23,Filing Cabinet,Office Supplies,3.0,146.49,439.47,North
2024-05-23,Conference Room Table,Furniture,4.0,742.6,2970.4,West
2024-05-23,Conference Room Table,Furniture,2.0,834.74,1669.48,North
2024-05-24,Running Shoes,Clothing,2.0,92.92,185.84,South
2024-05-24,Wireless Headphones,Technology,3.0,129.84,389.52,North
2024-05-24,4K Ultra HD Monitor,Technology,1.0,359.65,359.65,West
2024-05-24,Premium Notebook,Office Supplies,1.0,17.28,17.28,East
2024-05-25,Formal Shirt,Clothing,4.0,43.93,175.72,East
2024-05-25,Laptop Pro 15,Technology,2.0,1243.08,2486.16,North
2024-05-25,Office Chair Pro,Furniture,1.0,269.86,269.86,North
2024-05-26,4K Ultra HD Monitor,Technology,1.0,333.31,333.31,East
2024-05-26,4K Ultra HD Monitor,Technology,5.0,384.43,1922.15,East
2024-05-26,Business Backpack,Clothing,1.0,60.25,60.25,East
2024-05-26,Premium Notebook,Office Supplies,2.0,17.52,35.04,East
2024-05-26,Running Shoes,Clothing,1.0,95.2,95.2,North
2024-05-26,Office Chair Pro,Furniture,1.0,298.44,298.44,North
2024-05-28,Running Shoes,Clothing,1.0,92.72,92.72,East
2024-05-28,Wireless Headphones,Technology,1.0,134.03,134.03,West
2024-05-28,Filing Cabinet,Office Supplies,2.0,151.36,302.72,East
2024-05-28,Printer Laser X,Office Supplies,4.0,331.61,1326.44,North
2024-05-28,Printer Laser X,Office Supplies,1.0,304.52,304.52,South
2024-05-28,Premium Notebook,Office Supplies,4.0,19.25,77.0,East
2024-05-28,Running Shoes,Clothing,3.0,96.01,288.03000000000003,North
2024-05-28,Business Backpack,Clothing,6.0,60.85,365.1,North
2024-05-29,4K Ultra HD Monitor,Technology,1.0,374.99,374.99,East
2024-05-29,Executive Ergonomic Desk,Furniture,2.0,528.38,1056.76,North
2024-05-29,Smartphone Ultra,Technology,1.0,844.58,844.58,South
2024-05-30,Executive Ergonomic Desk,Furniture,1.0,568.73,568.73,East
2024-05-30,Premium Notebook,Office Supplies,4.0,18.33,73.32,East
2024-05-30,Wireless Headphones,Technology,2.0,149.41,298.82,West
2024-05-30,Conference Room Table,Furniture,3.0,839.59,2518.77,North
2024-05-30,Office Chair Pro,Furniture,4.0,295.35,1181.4,West
2024-05-31,Executive Ergonomic Desk,Furniture,3.0,593.66,1780.98,South
2024-05-31,Office Chair Pro,Furniture,1.0,284.92,284.92,South
2024-05-31,Premium Notebook,Office Supplies,2.0,19.1,38.2,East
2024-05-31,Coffee Maker,Appliances,7.0,172.24,1205.68,North
2024-05-31,4K Ultra HD Monitor,Technology,3.0,335.01,1005.03,North
2024-05-31,Executive Ergonomic Desk,Furniture,2.0,565.55,1131.1,South
2024-05-31,Premium Notebook,Office Supplies,3.0,18.9,56.7,South
2024-05-31,Formal Shirt,Clothing,1.0,44.25,44.25,North
2024-05-31,Executive Ergonomic Desk,Furniture,1.0,557.42,557.42,North
2024-05-31,Office Chair Pro,Furniture,1.0,283.47,283.47,North
2024-06-01,Office Chair Pro,Furniture,1.0,269.97,269.97,East
2024-06-01,4K Ultra HD Monitor,Technology,1.0,377.72,377.72,North
2024-06-01,Running Shoes,Clothing,3.0,95.44,286.32,North
2024-06-02,Business Backpack,Clothing,1.0,59.88,59.88,South
2024-06-02,Filing Cabinet,Office Supplies,1.0,158.62,158.62,South
2024-06-02,Laptop Pro 15,Technology,1.0,1145.29,1145.29,East
2024-06-02,4K Ultra HD Monitor,Technology,3.0,360.11,1080.33,East
2024-06-03,Printer Laser X,Office Supplies,2.0,332.96,665.92,North
2024-06-03,Premium Notebook,Office Supplies,2.0,17.82,35.64,West
2024-06-03,Conference Room Table,Furniture,2.0,806.82,1613.64,East
2024-06-03,Printer Laser X,Office Supplies,1.0,320.19,320.19,West
2024-06-03,Conference Room Table,Furniture,1.0,736.9,736.9,East
2024-06-03,Premium Notebook,Office Supplies,4.0,18.72,74.88,South
2024-06-04,Executive Ergonomic Desk,Furniture,3.0,534.11,1602.33,North
2024-06-04,Office Chair Pro,Furniture,3.0,291.75,875.25,North
2024-06-04,Filing Cabinet,Office Supplies,4.0,155.38,621.52,South
2024-06-04,Office Chair Pro,Technology,1.0,282.26,282.26,North
2024-06-04,Business Backpack,Clothing,2.0,61.19,122.38,North
2024-06-05,Filing Cabinet,Office Supplies,3.0,156.65,469.95,South
2024-06-05,Filing Cabinet,Office Supplies,2.0,153.2,306.4,South
2024-06-05,Executive Ergonomic Desk,Furniture,4.0,553.63,2214.52,North
2024-06-05,Premium Notebook,Office Supplies,3.0,17.97,53.91,South
2024-06-06,4K Ultra HD Monitor,Technology,5.0,375.9,1879.5,East
2024-06-06,Smartphone Ultra,Technology,5.0,851.6,4258.0,North
2024-06-06,Premium Notebook,Office Supplies,6.0,17.52,105.12,North
2024-06-06,Printer Laser X,Office Supplies,2.0,303.94,607.88,East
2024-06-06,Premium Notebook,Office Supplies,2.0,18.47,36.94,North
2024-06-06,Running Shoes,Clothing,3.0,95.62,286.86,North
2024-06-06,Wireless Headphones,Technology,2.0,141.02,282.04,North
2024-06-06,Filing Cabinet,Office Supplies,2.0,152.28,304.56,West
2024-06-06,Coffee Maker,Appliances,2.0,173.92,347.84,West
2024-06-07,Premium Notebook,Office Supplies,1.0,17.1,17.1,South
2024-06-07,Laptop Pro 15,Technology,1.0,1148.96,1148.96,North
2024-06-08,Filing Cabinet,Office Supplies,2.0,143.09,286.18,South
2024-06-08,Smartphone Ultra,Technology,2.0,886.98,1773.96,East
2024-06-08,Coffee Maker,Appliances,4.0,173.26,693.04,West
2024-06-08,4K Ultra HD Monitor,Technology,2.0,379.41,758.82,North
2024-06-08,Conference Room Table,Furniture,1.0,811.87,811.87,East
2024-06-09,Office Chair Pro,Furniture,1.0,285.45,285.45,East
2024-06-10,Business Backpack,Clothing,1.0,67.86,67.86,West
2024-06-10,Filing Cabinet,Office Supplies,3.0,141.25,423.75,West
2024-06-10,Winter Jacket,Clothing,5.0,103.2,516.0,South
2024-06-10,Smartphone Ultra,Technology,4.0,810.39,3241.56,West
2024-06-10,Printer Laser X,Office Supplies,2.0,299.79,599.58,West
2024-06-10,Business Backpack,Clothing,2.0,59.95,119.9,West
2024-06-10,4K Ultra HD Monitor,Technology,1.0,385.8,385.8,West
2024-06-10,Winter Jacket,Clothing,2.0,104.99,209.98,West
2024-06-11,Filing Cabinet,Office Supplies,3.0,148.08,444.24,West
2024-06-11,Premium Notebook,Office Supplies,2.0,18.42,36.84,West
2024-06-11,Formal Shirt,Clothing,3.0,47.29,141.87,South
2024-06-11,Formal Shirt,Clothing,1.0,46.54,46.54,East
2024-06-12,Running Shoes,Clothing,1.0,98.16,98.16,South
2024-06-12,Business Backpack,Clothing,4.0,65.11,260.44,North
2024-06-12,Office Chair Pro,Furniture,3.0,295.28,885.84,North
2024-06-12,Wireless Headphones,Technology,3.0,146.54,439.62,South
2024-06-13,Business Backpack,Clothing,4.0,68.87,275.48,North
2024-06-13,Office Chair Pro,Furniture,2.0,274.25,548.5,West
2024-06-14,Premium Notebook,Office Supplies,3.0,17.6,52.8,South
2024-06-14,Running Shoes,Clothing,3.0,97.53,292.59,South
2024-06-14,Business Backpack,Clothing,1.0,69.02,69.02,West
2024-06-14,Executive Ergonomic Desk,Furniture,2.0,550.61,1101.22,West
2024-06-14,Smartphone Ultra,Technology,1.0,807.08,807.08,North
2024-06-16,4K Ultra HD Monitor,Technology,1.0,349.64,349.64,East
2024-06-16,Wireless Headphones,Technology,2.0,144.68,289.36,South
2024-06-16,4K Ultra HD Monitor,Technology,1.0,354.72,354.72,West
2024-06-16,Printer Laser X,Office Supplies,4.0,326.63,1306.52,South
2024-06-16,Premium Notebook,Office Supplies,2.0,19.16,38.32,North
2024-06-16,Business Backpack,Clothing,1.0,62.65,62.65,East
2024-06-17,Running Shoes,Clothing,1.0,93.91,93.91,South
2024-06-17,Formal Shirt,Clothing,2.0,47.77,95.54,West
2024-06-18,Conference Room Table,Furniture,2.0,836.0,1672.0,South
2024-06-18,Filing Cabinet,Office Supplies,4.0,145.78,583.12,East
2024-06-18,Formal Shirt,Clothing,2.0,41.78,83.56,West
2024-06-19,Premium Notebook,Office Supplies,1.0,17.62,17.62,East
2024-06-19,Laptop Pro 15,Technology,3.0,1271.45,3814.35,North
2024-06-19,4K Ultra HD Monitor,Technology,1.0,339.93,339.93,North
2024-06-20,Conference Room Table,Furniture,3.0,744.4,2233.2,South
2024-06-20,Conference Room Table,Furniture,3.0,753.02,2259.06,North
2024-06-20,Formal Shirt,Clothing,3.0,44.27,132.81,South
2024-06-21,Laptop Pro 15,Technology,1.0,1227.22,1227.22,South
2024-06-21,Executive Ergonomic Desk,Furniture,1.0,573.05,573.05,West
2024-06-23,Filing Cabinet,Office Supplies,2.0,150.88,301.76,East
2024-06-24,Wireless Headphones,Technology,4.0,146.35,585.4,North
2024-06-24,Printer Laser X,Office Supplies,2.0,332.77,665.54,East
2024-06-24,Filing Cabinet,Office Supplies,2.0,141.53,283.06,West
2024-06-24,Office Chair Pro,Furniture,1.0,285.44,285.44,West
2024-06-25,Winter Jacket,Clothing,3.0,117.47,352.41,South
2024-06-25,Smartphone Ultra,Technology,3.0,883.24,2649.72,East
2024-06-25,Wireless Headphones,Technology,2.0,134.49,268.98,West
2024-06-25,Premium Notebook,Office Supplies,1.0,18.86,18.86,West
2024-06-27,Office Chair Pro,Furniture,5.0,302.06,1510.3,North
2024-06-27,Wireless Headphones,Technology,3.0,148.74,446.22,West
2024-06-28,Coffee Maker,Appliances,1.0,185.53,185.53,North
2024-06-28,Executive Ergonomic Desk,Furniture,2.0,559.58,1119.16,West
2024-06-28,Premium Notebook,Office Supplies,3.0,18.75,56.25,West
2024-06-28,Premium Notebook,Office Supplies,6.0,18.66,111.96,North
2024-06-28,Business Backpack,Clothing,1.0,60.3,60.3,North
2024-06-29,Filing Cabinet,Office Supplies,2.0,160.0,320.0,North
2024-06-29,Business Backpack,Clothing,1.0,62.66,62.66,West
2024-06-29,Filing Cabinet,Office Supplies,1.0,143.82,143.82,East
2024-06-29,Executive Ergonomic Desk,Furniture,2.0,567.76,1135.52,West
2024-06-29,Executive Ergonomic Desk,Furniture,1.0,564.17,564.17,North
2024-06-30,Formal Shirt,Clothing,4.0,46.68,186.72,West
2024-06-30,Formal Shirt,Clothing,6.0,48.58,291.48,South
2024-06-30,4K Ultra HD Monitor,Technology,1.0,347.71,347.71,West
2024-06-30,Business Backpack,Clothing,3.0,61.59,184.77,South
2024-06-30,4K Ultra HD Monitor,Technology,2.0,341.07,682.14,West
2024-07-01,Premium Notebook,Office Supplies,2.0,16.78,33.56,West
2024-07-01,Winter Jacket,Clothing,2.0,105.17,210.34,North
2024-07-01,Conference Room Table,Furniture,1.0,777.11,777.11,South
2024-07-01,Running Shoes,Clothing,5.0,99.71,498.55,East
2024-07-01,4K Ultra HD Monitor,Technology,3.0,337.24,1011.72,West
2024-07-02,Laptop Pro 15,Technology,2.0,1217.48,2434.96,North
2024-07-02,4K Ultra HD Monitor,Technology,1.0,331.32,331.32,East
2024-07-02,Wireless Headphones,Technology,1.0,150.14,150.14,North
2024-07-03,4K Ultra HD Monitor,Technology,1.0,357.89,357.89,South
2024-07-03,Office Chair Pro,Furniture,1.0,279.25,279.25,West
2024-07-03,Smartphone Ultra,Technology,3.0,871.56,2614.68,North
2024-07-03,Laptop Pro 15,Technology,2.0,1153.29,2306.58,North
2024-07-03,Filing Cabinet,Office Supplies,1.0,157.44,157.44,North
2024-07-04,Wireless Headphones,Technology,3.0,131.25,393.75,West
2024-07-04,Filing Cabinet,Office Supplies,2.0,155.39,310.78,South
2024-07-04,Smartphone Ultra,Technology,1.0,910.91,910.91,North
2024-07-05,Premium Notebook,Office Supplies,1.0,17.6,17.6,North
2024-07-05,Office Chair Pro,Furniture,1.0,298.61,298.61,North
2024-07-06,Winter Jacket,Clothing,3.0,104.46,313.38,West
2024-07-06,Office Chair Pro,Furniture,4.0,267.04,1068.16,West
2024-07-06,Winter Jacket,Clothing,3.0,109.67,329.01,North
2024-07-07,Office Chair Pro,Furniture,2.0,294.7,589.4,North
2024-07-07,4K Ultra HD Monitor,Technology,3.0,382.51,1147.53,East
2024-07-07,Smartphone Ultra,Technology,3.0,876.32,2628.96,East
2024-07-07,Wireless Headphones,Technology,1.0,148.78,148.78,West
2024-07-07,Wireless Headphones,Technology,5.0,130.51,652.55,North
2024-07-07,Running Shoes,Clothing,3.0,96.61,289.83,South
2024-07-07,Filing Cabinet,Office Supplies,1.0,155.29,155.29,East
2024-07-08,Printer Laser X,Office Supplies,2.0,301.6,603.2,South
2024-07-08,4K Ultra HD Monitor,Technology,3.0,382.01,1146.03,North
2024-07-08,4K Ultra HD Monitor,Technology,3.0,359.25,1077.75,West
2024-07-08,Executive Ergonomic Desk,Furniture,3.0,550.45,1651.35,East
2024-07-09,Business Backpack,Clothing,3.0,67.86,203.58,North
2024-07-09,Wireless Headphones,Technology,2.0,142.5,285.0,North
2024-07-10,Smartphone Ultra,Technology,1.0,808.51,808.51,West
2024-07-10,Filing Cabinet,Office Supplies,1.0,150.38,150.38,North
2024-07-11,Filing Cabinet,Office Supplies,3.0,144.69,434.07,South
2024-07-11,Wireless Headphones,Technology,1.0,130.27,130.27,East
2024-07-11,Filing Cabinet,Office Supplies,1.0,143.2,143.2,South
2024-07-11,Laptop Pro 15,Technology,3.0,1220.76,3662.28,East
2024-07-11,Premium Notebook,Office Supplies,1.0,18.1,18.1,South
2024-07-11,Premium Notebook,Office Supplies,3.0,19.37,58.11,North
2024-07-12,Laptop Pro 15,Technology,2.0,1280.66,2561.32,East
2024-07-12,4K Ultra HD Monitor,Technology,2.0,361.81,723.62,West
2024-07-12,Wireless Headphones,Technology,3.0,149.6,448.8,South
2024-07-13,Coffee Maker,Appliances,1.0,175.17,175.17,South
2024-07-13,Conference Room Table,Furniture,2.0,742.43,1484.86,North
2024-07-13,4K Ultra HD Monitor,Technology,2.0,352.62,705.24,West
2024-07-14,Conference Room Table,Furniture,2.0,836.12,1672.24,East
2024-07-14,Executive Ergonomic Desk,Furniture,2.0,602.87,1205.74,East
2024-07-15,Executive Ergonomic Desk,Furniture,1.0,559.75,559.75,North
2024-07-15,Formal Shirt,Clothing,2.0,44.92,89.84,East
2024-07-15,Winter Jacket,Clothing,1.0,111.39,111.39,West
2024-07-15,Office Chair Pro,Furniture,2.0,298.78,597.56,West
2024-07-15,Winter Jacket,Clothing,2.0,107.3,214.6,West
2024-07-15,Printer Laser X,Office Supplies,4.0,322.23,1288.92,West
2024-07-15,Office Chair Pro,Furniture,1.0,272.0,272.0,East
2024-07-16,Wireless Headphones,Technology,2.0,134.47,268.94,North
2024-07-16,Business Backpack,Clothing,1.0,67.07,67.07,North
2024-07-17,Coffee Maker,Appliances,3.0,191.81,575.43,West
2024-07-17,Office Chair Pro,Furniture,5.0,289.15,1445.75,North
2024-07-18,Executive Ergonomic Desk,Furniture,5.0,591.21,2956.05,East
2024-07-18,Filing Cabinet,Office Supplies,1.0,156.3,156.3,South
2024-07-18,Conference Room Table,Furniture,3.0,831.81,2495.43,South
2024-07-18,Office Chair Pro,Furniture,5.0,265.86,1329.3,South
2024-07-18,Office Chair Pro,Furniture,4.0,293.72,1174.88,South
2024-07-18,Office Chair Pro,Furniture,4.0,278.46,1113.84,West
2024-07-19,Laptop Pro 15,Technology,3.0,1124.11,3372.33,West
2024-07-19,Conference Room Table,Furniture,1.0,741.97,741.97,South
2024-07-20,Printer Laser X,Office Supplies,2.0,313.62,627.24,North
2024-07-20,4K Ultra HD Monitor,Technology,2.0,355.82,711.64,South
2024-07-20,4K Ultra HD Monitor,Technology,2.0,385.81,771.62,West
2024-07-20,Formal Shirt,Clothing,4.0,43.89,175.56,East
2024-07-20,Formal Shirt,Clothing,3.0,46.69,140.07,West
2024-07-20,Wireless Headphones,Technology,2.0,150.05,300.1,East
2024-07-21,4K Ultra HD Monitor,Technology,2.0,376.3,752.6,East
2024-07-21,Wireless Headphones,Technology,3.0,129.91,389.73,North
2024-07-21,Wireless Headphones,Technology,3.0,139.95,419.85,South
2024-07-22,Executive Ergonomic Desk,Furniture,1.0,549.44,549.44,East
2024-07-23,Business Backpack,Clothing,2.0,64.93,129.86,North
2024-07-23,Business Backpack,Clothing,1.0,61.92,61.92,North
2024-07-23,4K Ultra HD Monitor,Technology,5.0,373.22,1866.1,North
2024-07-23,Formal Shirt,Clothing,1.0,43.02,43.02,South
2024-07-24,Winter Jacket,Clothing,5.0,103.18,515.9,West
2024-07-24,Smartphone Ultra,Technology,2.0,839.07,1678.14,North
2024-07-24,Printer Laser X,Office Supplies,3.0,325.4,976.2,South
2024-07-24,Office Chair Pro,Furniture,7.0,300.87,2106.09,South
2024-07-24,Office Chair Pro,Furniture,2.0,283.37,566.74,North
2024-07-25,Running Shoes,Clothing,3.0,98.13,294.39,East
2024-07-25,Coffee Maker,Appliances,1.0,174.91,174.91,East
2024-07-25,Office Chair Pro,Furniture,3.0,282.87,848.61,South
2024-07-26,4K Ultra HD Monitor,Technology,3.0,386.34,1159.02,West
2024-07-26,Office Chair Pro,Furniture,1.0,266.41,266.41,North
2024-07-26,Filing Cabinet,Office Supplies,4.0,141.93,567.72,East
2024-07-26,Laptop Pro 15,Technology,3.0,1266.81,3800.43,East
2024-07-27,Premium Notebook,Office Supplies,3.0,18.91,56.73,North
2024-07-27,Office Chair Pro,Furniture,4.0,288.3,1153.2,East
2024-07-27,Office Chair Pro,Furniture,1.0,282.44,282.44,East
2024-07-27,Laptop Pro 15,Technology,1.0,1189.92,1189.92,East
2024-07-28,Business Backpack,Clothing,7.0,62.04,434.28,East
2024-07-28,Winter Jacket,Clothing,1.0,105.25,105.25,South
2024-07-28,Filing Cabinet,Office Supplies,2.0,149.39,298.78,North
2024-07-29,Executive Ergonomic Desk,Furniture,1.0,599.23,599.23,West
2024-07-29,Filing Cabinet,Office Supplies,2.0,161.64,323.28,West
2024-07-29,Premium Notebook,Office Supplies,2.0,16.99,33.98,South
2024-07-30,Office Chair Pro,Furniture,1.0,269.98,269.98,West
2024-07-30,Business Backpack,Clothing,1.0,62.65,62.65,East
2024-07-30,Wireless Headphones,Technology,1.0,149.47,149.47,South
2024-07-30,Conference Room Table,Furniture,2.0,813.82,1627.64,West
2024-07-30,Coffee Maker,Appliances,6.0,173.37,1040.22,East
2024-07-30,Business Backpack,Clothing,1.0,63.78,63.78,West
2024-07-31,Conference Room Table,Furniture,4.0,802.78,3211.12,North
2024-07-31,Laptop Pro 15,Technology,3.0,1174.87,3524.61,South
2024-07-31,Winter Jacket,Clothing,3.0,106.04,318.12,North
2024-08-01,Smartphone Ultra,Technology,6.0,850.21,5101.26,East
2024-08-01,Smartphone Ultra,Technology,4.0,807.37,3229.48,East
2024-08-01,Coffee Maker,Appliances,5.0,182.32,911.6,East
2024-08-01,Wireless Headphones,Technology,4.0,139.24,556.96,East
2024-08-02,Office Chair Pro,Furniture,1.0,279.85,279.85,South
2024-08-02,Wireless Headphones,Technology,2.0,136.92,273.84,South
2024-08-03,Smartphone Ultra,Technology,4.0,810.25,3241.0,West
2024-08-03,Smartphone Ultra,Technology,1.0,879.22,879.22,South
2024-08-04,Laptop Pro 15,Technology,3.0,1166.36,3499.08,West
2024-08-04,Premium Notebook,Office Supplies,4.0,17.44,69.76,East
2024-08-04,Winter Jacket,Clothing,1.0,113.94,113.94,West
2024-08-04,Coffee Maker,Appliances,1.0,193.15,193.15,East
2024-08-04,Premium Notebook,Office Supplies,2.0,18.98,37.96,West
2024-08-04,Premium Notebook,Office Supplies,2.0,16.95,33.9,North
2024-08-05,Business Backpack,Clothing,1.0,62.78,62.78,South
2024-08-05,Conference Room Table,Furniture,1.0,823.26,823.26,North
2024-08-05,Filing Cabinet,Office Supplies,2.0,151.55,303.1,North
2024-08-05,4K Ultra HD Monitor,Technology,5.0,332.98,1664.9,North
2024-08-05,Business Backpack,Clothing,1.0,66.02,66.02,East
2024-08-05,Office Chair Pro,Furniture,3.0,267.23,801.69,North
2024-08-05,Conference Room Table,Furniture,2.0,759.8,1519.6,North
2024-08-06,Executive Ergonomic Desk,Furniture,1.0,559.08,559.08,South
2024-08-06,Smartphone Ultra,Technology,1.0,801.27,801.27,South
2024-08-06,4K Ultra HD Monitor,Technology,1.0,364.09,364.09,South
2024-08-06,Filing Cabinet,Office Supplies,1.0,144.09,144.09,North
2024-08-07,Conference Room Table,Furniture,1.0,773.21,773.21,South
2024-08-07,Running Shoes,Clothing,3.0,90.25,270.75,South
2024-08-08,Office Chair Pro,Furniture,1.0,273.8,273.8,East
2024-08-08,4K Ultra HD Monitor,Technology,3.0,363.86,1091.58,West
2024-08-08,Executive Ergonomic Desk,Furniture,1.0,603.52,603.52,West
2024-08-09,Filing Cabinet,Office Supplies,1.0,159.72,159.72,South
2024-08-09,Laptop Pro 15,Technology,1.0,1192.73,1192.73,West
2024-08-09,Filing Cabinet,Office Supplies,3.0,159.7,479.1,South
2024-08-09,Premium Notebook,Office Supplies,2.0,17.36,34.72,West
2024-08-10,Executive Ergonomic Desk,Furniture,3.0,528.26,1584.78,South
2024-08-10,4K Ultra HD Monitor,Technology,2.0,349.62,699.24,South
2024-08-10,Laptop Pro 15,Technology,1.0,1246.86,1246.86,North
2024-08-10,Premium Notebook,Office Supplies,1.0,17.3,17.3,South
2024-08-11,Filing Cabinet,Office Supplies,2.0,158.69,317.38,East
2024-08-11,4K Ultra HD Monitor,Technology,1.0,335.7,335.7,North
2024-08-11,Business Backpack,Clothing,3.0,66.86,200.58,South
2024-08-12,Laptop Pro 15,Technology,1.0,1175.55,1175.55,East
2024-08-12,Smartphone Ultra,Technology,2.0,840.12,1680.24,West
2024-08-12,Printer Laser X,Office Supplies,1.0,320.68,320.68,North
2024-08-12,Business Backpack,Clothing,2.0,60.75,121.5,North
2024-08-12,Laptop Pro 15,Technology,3.0,1289.55,3868.65,South
2024-08-13,Formal Shirt,Clothing,3.0,43.96,131.88,West
2024-08-13,Coffee Maker,Appliances,2.0,172.03,344.06,South
2024-08-14,Business Backpack,Clothing,4.0,69.19,276.76,South
2024-08-14,4K Ultra HD Monitor,Technology,1.0,363.48,363.48,South
2024-08-16,Business Backpack,Clothing,3.0,68.78,206.34,North
2024-08-16,Laptop Pro 15,Technology,2.0,1141.1,2282.2,South
2024-08-17,Formal Shirt,Clothing,1.0,46.18,46.18,East
2024-08-17,Filing Cabinet,Office Supplies,1.0,145.94,145.94,South
2024-08-17,Laptop Pro 15,Technology,2.0,1222.62,2445.24,North
2024-08-17,Smartphone Ultra,Technology,1.0,885.72,885.72,West
2024-08-17,Laptop Pro 15,Technology,4.0,1147.15,4588.6,East
2024-08-17,Premium Notebook,Office Supplies,1.0,16.93,16.93,West
2024-08-17,4K Ultra HD Monitor,Technology,1.0,342.24,342.24,East
2024-08-18,Coffee Maker,Appliances,3.0,170.32,510.96,North
2024-08-18,Office Chair Pro,Furniture,2.0,273.01,546.02,West
2024-08-18,Laptop Pro 15,Technology,3.0,1266.55,3799.65,South
2024-08-18,Winter Jacket,Clothing,1.0,110.73,110.73,South
2024-08-18,Filing Cabinet,Office Supplies,1.0,158.11,158.11,East
2024-08-18,4K Ultra HD Monitor,Technology,3.0,368.43,1105.29,North
2024-08-19,Premium Notebook,Office Supplies,5.0,18.87,94.35,North
2024-08-19,Wireless Headphones,Technology,1.0,140.9,140.9,North
2024-08-19,Smartphone Ultra,Technology,5.0,895.36,4476.8,North
2024-08-19,Formal Shirt,Clothing,3.0,42.98,128.94,South
2024-08-19,Conference Room Table,Furniture,2.0,752.16,1504.32,South
2024-08-19,Running Shoes,Clothing,1.0,95.55,95.55,North
2024-08-19,4K Ultra HD Monitor,Technology,1.0,358.68,358.68,West
2024-08-20,Office Chair Pro,Furniture,2.0,282.2,564.4,East
2024-08-20,Filing Cabinet,Office Supplies,2.0,143.57,287.14,North
2024-08-20,Smartphone Ultra,Technology,2.0,862.68,1725.36,South
2024-08-20,Printer Laser X,Office Supplies,1.0,325.21,325.21,West
2024-08-20,Conference Room Table,Furniture,4.0,784.03,3136.12,South
2024-08-20,Formal Shirt,Clothing,4.0,47.2,188.8,North
2024-08-20,4K Ultra HD Monitor,Technology,3.0,347.57,1042.71,East
2024-08-21,Winter Jacket,Clothing,2.0,112.12,224.24,East
2024-08-21,Executive Ergonomic Desk,Furniture,1.0,542.72,542.72,East
2024-08-21,4K Ultra HD Monitor,Technology,2.0,388.3,776.6,North
2024-08-22,Premium Notebook,Office Supplies,3.0,18.53,55.59,East
2024-08-22,Premium Notebook,Office Supplies,1.0,17.32,17.32,West
2024-08-22,Formal Shirt,Clothing,3.0,47.89,143.67,South
2024-08-24,Winter Jacket,Clothing,2.0,104.98,209.96,West
2024-08-24,Laptop Pro 15,Technology,1.0,1271.79,1271.79,East
2024-08-25,Formal Shirt,Clothing,2.0,44.51,89.02,West
2024-08-25,Smartphone Ultra,Technology,4.0,817.01,3268.04,East
2024-08-25,4K Ultra HD Monitor,Technology,4.0,386.09,1544.36,North
2024-08-25,Premium Notebook,Office Supplies,1.0,17.81,17.81,South
2024-08-25,Smartphone Ultra,Technology,1.0,823.89,823.89,West
2024-08-26,Premium Notebook,Office Supplies,3.0,19.17,57.51,West
2024-08-26,Wireless Headphones,Technology,5.0,143.91,719.55,South
2024-08-26,Wireless Headphones,Technology,3.0,132.09,396.27,North
2024-08-27,Premium Notebook,Office Supplies,1.0,17.95,17.95,East
2024-08-27,Wireless Headphones,Technology,3.0,144.08,432.24,North
2024-08-28,Smartphone Ultra,Technology,3.0,818.19,2454.57,South
2024-08-28,Wireless Headphones,Technology,3.0,146.39,439.17,East
2024-08-29,Wireless Headphones,Technology,2.0,147.3,294.6,East
2024-08-29,Running Shoes,Clothing,1.0,92.56,92.56,North
2024-08-29,Premium Notebook,Office Supplies,4.0,17.41,69.64,South
2024-08-29,Executive Ergonomic Desk,Furniture,2.0,576.4,1152.8,North
2024-08-29,Wireless Headphones,Technology,1.0,140.17,140.17,East
2024-08-30,Printer Laser X,Office Supplies,3.0,306.3,918.9,West
2024-08-30,Office Chair Pro,Furniture,2.0,278.75,557.5,South
2024-08-30,Printer Laser X,Office Supplies,3.0,327.94,983.82,South
2024-08-30,Formal Shirt,Clothing,1.0,44.94,44.94,West
2024-08-30,Running Shoes,Clothing,1.0,89.2,89.2,North
2024-08-30,Formal Shirt,Clothing,2.0,47.96,95.92,North
2024-08-30,Conference Room Table,Furniture,3.0,740.42,2221.26,West
2024-08-31,Filing Cabinet,Office Supplies,6.0,157.93,947.58,North
2024-08-31,Coffee Maker,Appliances,1.0,188.1,188.1,North
2024-08-31,Formal Shirt,Clothing,1.0,48.52,48.52,South
2024-09-01,Laptop Pro 15,Technology,2.0,1281.87,2563.74,South
2024-09-01,Smartphone Ultra,Technology,5.0,808.1,4040.5,West
2024-09-01,Laptop Pro 15,Technology,1.0,1185.24,1185.24,North
2024-09-02,Conference Room Table,Furniture,1.0,817.81,817.81,East
2024-09-02,Wireless Headphones,Technology,2.0,149.5,299.0,North
2024-09-03,Running Shoes,Clothing,3.0,95.11,285.33,North
2024-09-03,Laptop Pro 15,Technology,2.0,1164.37,2328.74,South
2024-09-03,Office Chair Pro,Furniture,2.0,278.49,556.98,North
2024-09-03,Winter Jacket,Clothing,4.0,107.6,430.4,West
2024-09-03,Premium Notebook,Office Supplies,1.0,18.8,18.8,East
2024-09-03,Executive Ergonomic Desk,Furniture,1.0,538.79,538.79,South
2024-09-03,Wireless Headphones,Technology,1.0,143.92,143.92,South
2024-09-04,Laptop Pro 15,Technology,1.0,1188.14,1188.14,West
2024-09-04,Smartphone Ultra,Technology,4.0,785.41,3141.64,North
2024-09-04,Executive Ergonomic Desk,Furniture,3.0,539.52,1618.56,West
2024-09-05,Business Backpack,Clothing,3.0,62.13,186.39,East
2024-09-05,Filing Cabinet,Office Supplies,2.0,140.28,280.56,North
2024-09-05,Premium Notebook,Office Supplies,2.0,18.69,37.38,East
2024-09-05,4K Ultra HD Monitor,Technology,6.0,365.13,2190.78,North
2024-09-05,Executive Ergonomic Desk,Furniture,4.0,517.14,2068.56,West
2024-09-07,Smartphone Ultra,Technology,3.0,849.78,2549.34,West
2024-09-08,Winter Jacket,Clothing,5.0,106.29,531.45,East
2024-09-08,Premium Notebook,Office Supplies,2.0,16.66,33.32,North
2024-09-08,Conference Room Table,Furniture,5.0,745.64,3728.2,North
2024-09-08,Premium Notebook,Office Supplies,2.0,17.33,34.66,North
2024-09-08,Laptop Pro 15,Technology,2.0,1195.75,2391.5,West
2024-09-09,Laptop Pro 15,Technology,1.0,1116.67,1116.67,East
2024-09-09,Laptop Pro 15,Technology,2.0,1217.81,2435.62,East
2024-09-09,Premium Notebook,Office Supplies,1.0,16.83,16.83,West
2024-09-09,Office Chair Pro,Furniture,2.0,273.48,546.96,East
2024-09-09,Formal Shirt,Clothing,3.0,43.07,129.21,East
2024-09-10,Formal Shirt,Clothing,2.0,43.05,86.1,West
2024-09-10,Laptop Pro 15,Technology,4.0,1199.03,4796.12,West
2024-09-10,Executive Ergonomic Desk,Furniture,1.0,585.59,585.59,South
2024-09-10,Smartphone Ultra,Technology,1.0,793.76,793.76,North
2024-09-11,Executive Ergonomic Desk,Furniture,1.0,522.22,522.22,East
2024-09-11,Premium Notebook,Office Supplies,1.0,19.32,19.32,West
2024-09-11,Conference Room Table,Furniture,5.0,854.32,4271.6,East
2024-09-11,Executive Ergonomic Desk,Furniture,4.0,565.85,2263.4,North
2024-09-11,Formal Shirt,Clothing,1.0,43.9,43.9,South
2024-09-12,Filing Cabinet,Office Supplies,5.0,138.07,690.35,East
2024-09-12,Formal Shirt,Clothing,1.0,44.49,44.49,North
2024-09-12,Laptop Pro 15,Technology,4.0,1172.07,4688.28,West
2024-09-12,Formal Shirt,Clothing,1.0,47.44,47.44,North
2024-09-13,Printer Laser X,Office Supplies,1.0,309.3,309.3,North
2024-09-14,Formal Shirt,Clothing,1.0,47.32,47.32,South
2024-09-15,Office Chair Pro,Furniture,1.0,285.21,285.21,East
2024-09-15,Laptop Pro 15,Technology,2.0,1218.47,2436.94,West
2024-09-15,Wireless Headphones,Technology,1.0,140.49,140.49,South
2024-09-16,Wireless Headphones,Technology,5.0,145.87,729.35,South
2024-09-16,4K Ultra HD Monitor,Technology,2.0,342.59,685.18,South
2024-09-16,Running Shoes,Clothing,4.0,94.52,378.08,South
2024-09-17,Office Chair Pro,Furniture,5.0,273.36,1366.8,East
2024-09-17,4K Ultra HD Monitor,Technology,2.0,381.66,763.32,West
2024-09-17,Smartphone Ultra,Technology,2.0,831.53,1663.06,South
2024-09-17,Smartphone Ultra,Technology,1.0,913.85,913.85,West
2024-09-18,Wireless Headphones,Technology,3.0,144.71,434.13,West
2024-09-19,Printer Laser X,Office Supplies,4.0,326.38,1305.52,North
2024-09-20,Filing Cabinet,Office Supplies,4.0,150.6,602.4,South
2024-09-20,Wireless Headphones,Technology,2.0,135.32,270.64,North
2024-09-20,Premium Notebook,Office Supplies,2.0,16.62,33.24,West
2024-09-20,4K Ultra HD Monitor,Technology,3.0,342.94,1028.82,West
2024-09-21,Conference Room Table,Technology,2.0,823.73,1647.46,West
2024-09-21,Conference Room Table,Furniture,3.0,821.72,2465.16,North
2024-09-21,4K Ultra HD Monitor,Technology,1.0,381.76,381.76,West
2024-09-22,Office Chair Pro,Furniture,1.0,276.25,276.25,South
2024-09-22,Executive Ergonomic Desk,Furniture,3.0,517.99,1553.97,South
2024-09-23,Executive Ergonomic Desk,Furniture,1.0,528.96,528.96,North
2024-09-23,Printer Laser X,Office Supplies,1.0,325.56,325.56,South
2024-09-23,Conference Room Table,Furniture,3.0,863.35,2590.05,West
2024-09-24,Business Backpack,Clothing,3.0,60.81,182.43,North
2024-09-25,Smartphone Ultra,Technology,2.0,881.38,1762.76,North
2024-09-25,Wireless Headphones,Technology,4.0,141.27,565.08,East
2024-09-25,Business Backpack,Clothing,2.0,61.62,123.24,South
2024-09-25,Printer Laser X,Office Supplies,3.0,324.96,974.88,South
2024-09-26,Executive Ergonomic Desk,Furniture,2.0,582.97,1165.94,West
2024-09-26,Formal Shirt,Clothing,1.0,42.31,42.31,North
2024-09-26,Executive Ergonomic Desk,Furniture,2.0,586.09,1172.18,North
2024-09-27,Premium Notebook,Office Supplies,5.0,18.75,93.75,South
2024-09-27,Business Backpack,Clothing,1.0,68.43,68.43,West
2024-09-27,Executive Ergonomic Desk,Furniture,4.0,564.05,2256.2,East
2024-09-27,Smartphone Ultra,Technology,3.0,884.7,2654.1,West
2024-09-28,Premium Notebook,Office Supplies,1.0,18.82,18.82,North
2024-09-28,Smartphone Ultra,Technology,2.0,898.41,1796.82,West
2024-09-28,Running Shoes,Clothing,1.0,98.98,98.98,North
2024-09-28,Wireless Headphones,Technology,1.0,143.55,143.55,South
2024-09-28,Executive Ergonomic Desk,Furniture,1.0,564.98,564.98,North
2024-09-29,Executive Ergonomic Desk,Furniture,1.0,563.21,563.21,North
2024-09-29,Office Chair Pro,Furniture,1.0,296.04,296.04,South
2024-09-29,Formal Shirt,Clothing,1.0,48.27,48.27,North
2024-09-29,Executive Ergonomic Desk,Furniture,5.0,589.57,2947.85,West
2024-09-29,Wireless Headphones,Technology,2.0,138.66,277.32,West
2024-09-29,Smartphone Ultra,Technology,4.0,787.71,3150.84,North
2024-09-29,Smartphone Ultra,Technology,4.0,834.4,3337.6,West
2024-09-30,4K Ultra HD Monitor,Technology,4.0,350.05,1400.2,South
2024-09-30,Executive Ergonomic Desk,Furniture,1.0,562.03,562.03,East
2024-09-30,Winter Jacket,Clothing,1.0,108.95,108.95,East
2024-09-30,Wireless Headphones,Technology,1.0,134.63,134.63,South
2024-09-30,Filing Cabinet,Office Supplies,2.0,139.85,279.7,West
2024-10-01,Laptop Pro 15,Technology,3.0,1208.49,3625.47,East
2024-10-01,Office Chair Pro,Technology,3.0,288.05,864.15,North
2024-10-01,Smartphone Ultra,Technology,1.0,841.36,841.36,East
2024-10-01,Business Backpack,Clothing,1.0,63.58,63.58,South
2024-10-03,Smartphone Ultra,Technology,1.0,879.9,879.9,West
2024-10-03,Filing Cabinet,Office Supplies,4.0,160.34,641.36,East
2024-10-03,Laptop Pro 15,Technology,5.0,1191.35,5956.75,South
2024-10-04,Executive Ergonomic Desk,Furniture,3.0,547.38,1642.14,West
2024-10-04,Running Shoes,Clothing,4.0,92.42,369.68,East
2024-10-04,Executive Ergonomic Desk,Furniture,2.0,548.71,1097.42,East
2024-10-04,Laptop Pro 15,Technology,4.0,1116.93,4467.72,North
2024-10-04,4K Ultra HD Monitor,Technology,1.0,350.31,350.31,South
2024-10-04,Laptop Pro 15,Technology,1.0,1105.6,1105.6,North
2024-10-04,Premium Notebook,Office Supplies,4.0,18.38,73.52,East
2024-10-05,Office Chair Pro,Furniture,2.0,288.47,576.94,West
2024-10-05,Conference Room Table,Furniture,4.0,793.68,3174.72,East
2024-10-05,Laptop Pro 15,Technology,5.0,1167.29,5836.45,South
2024-10-05,Running Shoes,Clothing,1.0,96.9,96.9,West
2024-10-05,Wireless Headphones,Technology,1.0,138.67,138.67,South
2024-10-06,Smartphone Ultra,Technology,1.0,876.96,876.96,East
2024-10-07,Executive Ergonomic Desk,Furniture,3.0,533.97,1601.91,South
2024-10-07,Smartphone Ultra,Technology,3.0,795.06,2385.18,West
2024-10-07,Running Shoes,Clothing,1.0,88.29,88.29,East
2024-10-07,Printer Laser X,Office Supplies,2.0,305.49,610.98,South
2024-10-07,Smartphone Ultra,Technology,3.0,801.85,2405.55,East
2024-10-08,Business Backpack,Clothing,1.0,65.46,65.46,East
2024-10-08,Formal Shirt,Clothing,2.0,44.42,88.84,West
2024-10-09,Winter Jacket,Clothing,2.0,101.38,202.76,South
2024-10-09,Laptop Pro 15,Technology,1.0,1237.68,1237.68,North
2024-10-09,Formal Shirt,Clothing,1.0,43.81,43.81,South
2024-10-09,Smartphone Ultra,Technology,1.0,868.16,868.16,East
2024-10-09,Wireless Headphones,Technology,2.0,143.43,286.86,North
2024-10-09,Printer Laser X,Office Supplies,1.0,306.01,306.01,North
2024-10-10,4K Ultra HD Monitor,Technology,1.0,365.19,365.19,West
2024-10-10,Coffee Maker,Appliances,2.0,170.52,341.04,East
2024-10-10,4K Ultra HD Monitor,Technology,3.0,333.18,999.54,North
2024-10-10,Formal Shirt,Clothing,3.0,44.72,134.16,East
2024-10-10,Business Backpack,Clothing,1.0,69.35,69.35,South
2024-10-11,Laptop Pro 15,Technology,1.0,1186.83,1186.83,East
2024-10-11,Smartphone Ultra,Technology,1.0,822.08,822.08,North
2024-10-11,Office Chair Pro,Furniture,1.0,258.9,258.9,West
2024-10-12,Formal Shirt,Clothing,4.0,42.62,170.48,East
2024-10-12,Conference Room Table,Furniture,2.0,813.25,1626.5,East
2024-10-12,4K Ultra HD Monitor,Technology,1.0,337.59,337.59,East
2024-10-13,Smartphone Ultra,Technology,6.0,790.35,4742.1,South
2024-10-13,Premium Notebook,Office Supplies,2.0,17.15,34.3,East
2024-10-13,4K Ultra HD Monitor,Technology,4.0,335.46,1341.84,West
2024-10-13,Formal Shirt,Clothing,1.0,45.14,45.14,East
2024-10-14,Premium Notebook,Office Supplies,3.0,17.05,51.15,East
2024-10-14,Winter Jacket,Clothing,1.0,116.98,116.98,East
2024-10-14,Premium Notebook,Office Supplies,2.0,18.2,36.4,South
2024-10-14,Premium Notebook,Technology,1.0,18.81,18.81,East
2024-10-14,Laptop Pro 15,Technology,1.0,1216.54,1216.54,North
2024-10-14,Formal Shirt,Clothing,3.0,46.44,139.32,West
2024-10-15,Office Chair Pro,Furniture,2.0,298.53,597.06,East
2024-10-15,Office Chair Pro,Furniture,1.0,271.69,271.69,South
2024-10-15,Coffee Maker,Appliances,1.0,167.54,167.54,East
2024-10-16,Filing Cabinet,Technology,3.0,156.26,468.78,West
2024-10-16,Conference Room Table,Furniture,2.0,748.95,1497.9,South
2024-10-16,Business Backpack,Clothing,3.0,61.71,185.13,North
2024-10-16,Executive Ergonomic Desk,Furniture,7.0,551.6,3861.2,West
2024-10-17,Conference Room Table,Furniture,1.0,765.42,765.42,North
2024-10-17,Business Backpack,Clothing,5.0,65.47,327.35,South
2024-10-18,Premium Notebook,Office Supplies,5.0,17.99,89.95,East
2024-10-18,4K Ultra HD Monitor,Technology,2.0,336.3,672.6,East
2024-10-19,Winter Jacket,Clothing,1.0,105.43,105.43,West
2024-10-19,Smartphone Ultra,Technology,4.0,840.14,3360.56,East
2024-10-19,Executive Ergonomic Desk,Furniture,1.0,524.59,524.59,West
2024-10-19,Winter Jacket,Clothing,2.0,103.52,207.04,South
2024-10-19,4K Ultra HD Monitor,Technology,3.0,375.03,1125.09,East
2024-10-19,Wireless Headphones,Technology,1.0,149.5,149.5,West
2024-10-20,Winter Jacket,Clothing,2.0,114.24,228.48,East
2024-10-20,Conference Room Table,Furniture,1.0,855.76,855.76,East
2024-10-20,Office Chair Pro,Furniture,1.0,275.13,275.13,West
2024-10-21,Premium Notebook,Office Supplies,3.0,17.6,52.8,South
2024-10-21,Winter Jacket,Clothing,2.0,114.45,228.9,North
2024-10-21,Filing Cabinet,Office Supplies,4.0,148.01,592.04,South
2024-10-22,Running Shoes,Clothing,1.0,96.71,96.71,East
2024-10-22,Executive Ergonomic Desk,Furniture,2.0,566.64,1133.28,West
2024-10-22,Premium Notebook,Office Supplies,3.0,18.13,54.39,North
2024-10-22,4K Ultra HD Monitor,Technology,2.0,347.64,695.28,North
2024-10-22,Filing Cabinet,Office Supplies,3.0,145.03,435.09,West
2024-10-23,Wireless Headphones,Technology,3.0,145.54,436.62,North
2024-10-23,Premium Notebook,Office Supplies,3.0,18.75,56.25,North
2024-10-24,Wireless Headphones,Technology,1.0,145.24,145.24,West
2024-10-24,Premium Notebook,Office Supplies,1.0,19.28,19.28,West
2024-10-24,Printer Laser X,Office Supplies,3.0,341.6,1024.8,North
2024-10-24,Conference Room Table,Furniture,1.0,788.87,788.87,South
2024-10-24,Executive Ergonomic Desk,Furniture,1.0,593.57,593.57,South
2024-10-25,Laptop Pro 15,Technology,5.0,1162.34,5811.7,North
2024-10-25,Laptop Pro 15,Technology,5.0,1248.87,6244.35,North
2024-10-26,Conference Room Table,Furniture,1.0,819.97,819.97,West
2024-10-26,Business Backpack,Clothing,4.0,62.13,248.52,West
2024-10-26,Conference Room Table,Furniture,3.0,862.6,2587.8,West
2024-10-26,Winter Jacket,Clothing,3.0,114.26,342.78,North
2024-10-27,Formal Shirt,Clothing,5.0,45.82,229.1,South
2024-10-27,Winter Jacket,Clothing,1.0,103.54,103.54,East
2024-10-28,Printer Laser X,Office Supplies,3.0,303.69,911.07,North
2024-10-28,Printer Laser X,Office Supplies,5.0,295.26,1476.3,South
2024-10-28,Premium Notebook,Office Supplies,2.0,17.48,34.96,North
2024-10-29,Laptop Pro 15,Technology,1.0,1212.94,1212.94,North
2024-10-29,Filing Cabinet,Office Supplies,5.0,138.8,694.0,West
2024-10-29,Filing Cabinet,Office Supplies,1.0,147.59,147.59,West
2024-10-30,Formal Shirt,Clothing,1.0,42.22,42.22,North
2024-10-30,Filing Cabinet,Office Supplies,1.0,155.36,155.36,North
2024-10-30,Laptop Pro 15,Technology,2.0,1295.51,2591.02,East
2024-10-31,Premium Notebook,Office Supplies,2.0,18.82,37.64,West
2024-10-31,Running Shoes,Clothing,2.0,95.95,191.9,North
2024-10-31,Office Chair Pro,Furniture,3.0,264.67,794.01,North
2024-10-31,Wireless Headphones,Technology,3.0,136.73,410.19,South
2024-10-31,4K Ultra HD Monitor,Technology,1.0,386.59,386.59,East
2024-10-31,Winter Jacket,Clothing,1.0,105.82,105.82,North
2024-11-01,Printer Laser X,Office Supplies,3.0,325.05,975.15,East
2024-11-01,Filing Cabinet,Office Supplies,3.0,142.26,426.78,West
2024-11-01,Laptop Pro 15,Technology,3.0,1111.55,3334.65,South
2024-11-01,Executive Ergonomic Desk,Furniture,5.0,588.88,2944.4,North
2024-11-02,Executive Ergonomic Desk,Furniture,2.0,574.57,1149.14,North
2024-11-02,Conference Room Table,Furniture,3.0,827.59,2482.77,North
2024-11-02,Business Backpack,Clothing,1.0,64.7,64.7,East
2024-11-02,Executive Ergonomic Desk,Furniture,1.0,597.36,597.36,East
2024-11-02,Premium Notebook,Office Supplies,3.0,17.31,51.93,West
2024-11-02,Printer Laser X,Office Supplies,1.0,299.03,299.03,South
2024-11-03,4K Ultra HD Monitor,Technology,3.0,339.68,1019.04,South
2024-11-03,Winter Jacket,Clothing,6.0,118.43,710.58,North
2024-11-03,Conference Room Table,Furniture,1.0,812.14,812.14,West
2024-11-04,Running Shoes,Clothing,3.0,89.99,269.97,West
2024-11-04,Office Chair Pro,Furniture,3.0,258.78,776.3399999999999,East
2024-11-04,Running Shoes,Clothing,5.0,99.38,496.9,East
2024-11-04,4K Ultra HD Monitor,Technology,3.0,354.06,1062.18,West
2024-11-04,Executive Ergonomic Desk,Furniture,5.0,563.92,2819.6,South
2024-11-04,Winter Jacket,Clothing,1.0,109.32,109.32,West
2024-11-04,Wireless Headphones,Technology,3.0,140.69,422.07,East
2024-11-05,Formal Shirt,Clothing,5.0,46.77,233.85,North
2024-11-05,Running Shoes,Clothing,2.0,91.37,182.74,South
2024-11-05,Printer Laser X,Office Supplies,3.0,322.23,966.69,North
2024-11-05,4K Ultra HD Monitor,Technology,4.0,345.51,1382.04,East
2024-11-06,Formal Shirt,Clothing,5.0,41.54,207.7,North
2024-11-06,Winter Jacket,Clothing,1.0,114.66,114.66,East
2024-11-06,Printer Laser X,Office Supplies,1.0,337.2,337.2,West
2024-11-06,Laptop Pro 15,Technology,4.0,1214.8,4859.2,North
2024-11-06,Formal Shirt,Clothing,1.0,44.29,44.29,West
2024-11-06,4K Ultra HD Monitor,Technology,1.0,350.08,350.08,West
2024-11-08,Laptop Pro 15,Technology,2.0,1160.94,2321.88,East
2024-11-08,Smartphone Ultra,Technology,1.0,808.07,808.07,West
2024-11-09,Formal Shirt,Clothing,1.0,43.6,43.6,West
2024-11-09,Winter Jacket,Clothing,1.0,108.82,108.82,North
2024-11-09,Premium Notebook,Technology,1.0,19.42,19.42,East
2024-11-09,Conference Room Table,Furniture,3.0,773.55,2320.65,East
2024-11-09,Wireless Headphones,Technology,1.0,137.38,137.38,West
2024-11-10,Laptop Pro 15,Technology,5.0,1131.08,5655.4,East
2024-11-10,Premium Notebook,Office Supplies,1.0,18.68,18.68,North
2024-11-10,Business Backpack,Clothing,4.0,61.25,245.0,South
2024-11-10,Wireless Headphones,Technology,2.0,151.16,302.32,West
2024-11-11,Business Backpack,Clothing,2.0,65.31,130.62,North
2024-11-11,Wireless Headphones,Technology,2.0,133.64,267.28,North
2024-11-11,Premium Notebook,Office Supplies,1.0,17.13,17.13,North
2024-11-12,Formal Shirt,Clothing,2.0,46.16,92.32,West
2024-11-12,Conference Room Table,Furniture,3.0,825.63,2476.89,East
2024-11-13,Printer Laser X,Office Supplies,4.0,315.64,1262.56,North
2024-11-14,Smartphone Ultra,Technology,1.0,896.02,896.02,North
2024-11-14,Laptop Pro 15,Technology,3.0,1137.18,3411.54,South
2024-11-14,Formal Shirt,Clothing,1.0,45.21,45.21,North
2024-11-14,Premium Notebook,Office Supplies,1.0,18.43,18.43,East
2024-11-14,Filing Cabinet,Office Supplies,1.0,161.36,161.36,North
2024-11-15,Winter Jacket,Clothing,1.0,108.28,108.28,North
2024-11-15,Business Backpack,Clothing,6.0,62.22,373.32,South
2024-11-15,Office Chair Pro,Furniture,9.0,263.52,2371.68,North
2024-11-16,Premium Notebook,Office Supplies,1.0,16.7,16.7,West
2024-11-16,Premium Notebook,Office Supplies,4.0,18.99,75.96,South
2024-11-16,Office Chair Pro,Furniture,4.0,299.77,1199.08,East
2024-11-16,Formal Shirt,Clothing,1.0,44.28,44.28,East
2024-11-16,4K Ultra HD Monitor,Technology,1.0,355.42,355.42,South
2024-11-16,Conference Room Table,Furniture,1.0,741.41,741.41,East
2024-11-17,Laptop Pro 15,Technology,3.0,1125.56,3376.68,East
2024-11-17,Laptop Pro 15,Technology,1.0,1122.1,1122.1,East
2024-11-17,4K Ultra HD Monitor,Technology,1.0,348.23,348.23,South
2024-11-17,Conference Room Table,Furniture,1.0,786.58,786.58,East
2024-11-18,Winter Jacket,Clothing,3.0,107.95,323.85,North
2024-11-18,Printer Laser X,Office Supplies,3.0,303.39,910.17,North
2024-11-18,Winter Jacket,Clothing,3.0,105.09,315.27,East
2024-11-18,4K Ultra HD Monitor,Technology,3.0,370.52,1111.56,West
2024-11-19,Conference Room Table,Furniture,4.0,780.6,3122.4,South
2024-11-19,Business Backpack,Clothing,3.0,61.06,183.18,West
2024-11-19,Smartphone Ultra,Technology,3.0,895.25,2685.75,East
2024-11-21,Wireless Headphones,Technology,4.0,137.41,549.64,North
2024-11-21,Formal Shirt,Clothing,7.0,45.48,318.36,East
2024-11-23,Premium Notebook,Office Supplies,1.0,18.62,18.62,North
2024-11-23,4K Ultra HD Monitor,Technology,1.0,343.85,343.85,North
2024-11-23,Formal Shirt,Clothing,5.0,46.23,231.15,West
2024-11-24,4K Ultra HD Monitor,Technology,3.0,384.14,1152.42,South
2024-11-24,Coffee Maker,Appliances,6.0,192.3,1153.8,South
2024-11-24,Running Shoes,Clothing,1.0,100.94,100.94,South
2024-11-24,Premium Notebook,Office Supplies,1.0,19.38,19.38,North
2024-11-24,4K Ultra HD Monitor,Technology,2.0,347.76,695.52,South
2024-11-25,Executive Ergonomic Desk,Furniture,2.0,527.12,1054.24,West
2024-11-25,Filing Cabinet,Office Supplies,1.0,152.35,152.35,North
2024-11-25,4K Ultra HD Monitor,Technology,1.0,346.72,346.72,South
2024-11-25,Filing Cabinet,Office Supplies,4.0,159.95,639.8,West
2024-11-25,Running Shoes,Clothing,6.0,91.6,549.6,East
2024-11-25,Filing Cabinet,Office Supplies,4.0,138.77,555.08,East
2024-11-26,Executive Ergonomic Desk,Furniture,5.0,529.59,2647.95,East
2024-11-26,Conference Room Table,Furniture,2.0,766.85,1533.7,West
2024-11-27,4K Ultra HD Monitor,Technology,1.0,359.69,359.69,North
2024-11-27,Printer Laser X,Office Supplies,1.0,339.41,339.41,East
2024-11-27,Premium Notebook,Office Supplies,1.0,17.67,17.67,West
2024-11-27,Office Chair Pro,Furniture,6.0,281.19,1687.14,North
2024-11-28,Executive Ergonomic Desk,Furniture,3.0,584.78,1754.34,East
2024-11-28,Filing Cabinet,Office Supplies,2.0,141.36,282.72,East
2024-11-29,Filing Cabinet,Office Supplies,2.0,154.33,308.66,West
2024-11-29,Laptop Pro 15,Technology,3.0,1251.63,3754.89,South
2024-11-29,Office Chair Pro,Furniture,2.0,292.55,585.1,South
2024-11-29,Office Chair Pro,Furniture,2.0,300.74,601.48,North
2024-11-30,Printer Laser X,Office Supplies,1.0,313.93,313.93,North
2024-11-30,Running Shoes,Clothing,4.0,90.35,361.4,South
2024-12-01,Formal Shirt,Clothing,1.0,44.45,44.45,South
2024-12-01,Printer Laser X,Office Supplies,1.0,340.93,340.93,East
2024-12-01,Coffee Maker,Appliances,3.0,189.64,568.92,East
2024-12-01,Office Chair Pro,Furniture,1.0,261.26,261.26,North
2024-12-02,Filing Cabinet,Office Supplies,3.0,141.41,424.23,North
2024-12-02,Office Chair Pro,Furniture,4.0,295.03,1180.12,East
2024-12-02,Conference Room Table,Furniture,1.0,762.6,762.6,North
2024-12-03,Premium Notebook,Office Supplies,1.0,18.41,18.41,East
2024-12-03,Premium Notebook,Office Supplies,6.0,19.41,116.46,North
2024-12-03,Filing Cabinet,Office Supplies,3.0,142.21,426.63,West
2024-12-04,Executive Ergonomic Desk,Furniture,4.0,573.33,2293.32,East
2024-12-04,Business Backpack,Clothing,3.0,65.93,197.79,West
2024-12-05,Running Shoes,Clothing,5.0,88.39,441.95,East
2024-12-05,4K Ultra HD Monitor,Technology,2.0,340.35,680.7,West
2024-12-05,Business Backpack,Clothing,3.0,65.06,195.18,South
2024-12-05,4K Ultra HD Monitor,Technology,5.0,335.9,1679.5,South
2024-12-06,4K Ultra HD Monitor,Technology,1.0,352.0,352.0,North
2024-12-06,Printer Laser X,Office Supplies,1.0,307.77,307.77,North
2024-12-06,Formal Shirt,Clothing,3.0,47.8,143.4,North
2024-12-06,Filing Cabinet,Office Supplies,2.0,148.42,296.84,West
2024-12-07,Winter Jacket,Clothing,1.0,113.46,113.46,South
2024-12-08,Winter Jacket,Clothing,6.0,109.09,654.54,West
2024-12-08,Office Chair Pro,Furniture,3.0,270.4,811.2,South
2024-12-08,Business Backpack,Clothing,1.0,61.29,61.29,South
2024-12-08,Formal Shirt,Clothing,2.0,46.12,92.24,South
2024-12-08,Conference Room Table,Furniture,1.0,795.69,795.69,West
2024-12-09,Filing Cabinet,Office Supplies,2.0,158.61,317.22,West
2024-12-09,Formal Shirt,Clothing,1.0,46.57,46.57,North
2024-12-09,Printer Laser X,Office Supplies,1.0,315.15,315.15,West
2024-12-09,Business Backpack,Clothing,2.0,61.89,123.78,South
2024-12-10,Office Chair Pro,Furniture,3.0,297.85,893.55,North
2024-12-10,Wireless Headphones,Technology,6.0,137.55,825.3,South
2024-12-10,Smartphone Ultra,Technology,4.0,794.32,3177.28,East
2024-12-10,Smartphone Ultra,Technology,2.0,788.44,1576.88,North
2024-12-10,Filing Cabinet,Office Supplies,1.0,157.56,157.56,South
2024-12-11,Printer Laser X,Office Supplies,2.0,315.86,631.72,North
2024-12-11,Office Chair Pro,Furniture,1.0,279.24,279.24,North
2024-12-11,Executive Ergonomic Desk,Furniture,2.0,552.03,1104.06,West
2024-12-11,Smartphone Ultra,Technology,3.0,858.29,2574.87,West
2024-12-12,Premium Notebook,Office Supplies,4.0,17.17,68.68,West
2024-12-12,Business Backpack,Clothing,1.0,60.9,60.9,South
2024-12-12,Smartphone Ultra,Technology,2.0,811.21,1622.42,North
2024-12-12,Wireless Headphones,Technology,4.0,145.05,580.2,South
2024-12-13,Running Shoes,Clothing,2.0,93.59,187.18,North
2024-12-13,Premium Notebook,Office Supplies,1.0,19.18,19.18,South
2024-12-13,4K Ultra HD Monitor,Technology,2.0,380.44,760.88,East
2024-12-13,Smartphone Ultra,Technology,2.0,790.83,1581.66,East
2024-12-13,Office Chair Pro,Furniture,3.0,287.0,861.0,West
2024-12-14,Executive Ergonomic Desk,Furniture,1.0,582.11,582.11,East
2024-12-14,Winter Jacket,Clothing,1.0,109.47,109.47,North
2024-12-14,Winter Jacket,Clothing,5.0,111.13,555.65,West
2024-12-14,Conference Room Table,Furniture,4.0,755.63,3022.52,North
2024-12-14,Executive Ergonomic Desk,Furniture,1.0,581.65,581.65,East
2024-12-15,Smartphone Ultra,Technology,8.0,844.62,6756.96,East
2024-12-15,Conference Room Table,Furniture,3.0,790.03,2370.09,North
2024-12-16,Office Chair Pro,Furniture,4.0,270.63,1082.52,North
2024-12-16,Laptop Pro 15,Technology,1.0,1268.72,1268.72,East
2024-12-16,Formal Shirt,Clothing,7.0,44.85,313.95,North
2024-12-16,Winter Jacket,Clothing,5.0,118.4,592.0,West
2024-12-16,Executive Ergonomic Desk,Furniture,1.0,526.77,526.77,South
2024-12-17,Wireless Headphones,Technology,2.0,146.67,293.34,North
2024-12-17,Coffee Maker,Appliances,3.0,188.58,565.74,South
2024-12-18,Running Shoes,Clothing,1.0,100.91,100.91,East
2024-12-18,Formal Shirt,Clothing,1.0,47.82,47.82,North
2024-12-18,Smartphone Ultra,Technology,3.0,822.79,2468.37,East
2024-12-18,Business Backpack,Clothing,3.0,63.52,190.56,East
2024-12-18,Running Shoes,Clothing,1.0,96.15,96.15,North
2024-12-19,Premium Notebook,Office Supplies,3.0,16.88,50.64,North
2024-12-19,Wireless Headphones,Technology,4.0,147.25,589.0,West
2024-12-20,Filing Cabinet,Office Supplies,1.0,152.74,152.74,North
2024-12-20,Coffee Maker,Appliances,3.0,191.86,575.58,North
2024-12-20,Printer Laser X,Office Supplies,2.0,335.6,671.2,North
2024-12-20,Premium Notebook,Office Supplies,4.0,19.28,77.12,West
2024-12-20,Laptop Pro 15,Technology,4.0,1202.63,4810.52,West
2024-12-21,Executive Ergonomic Desk,Furniture,4.0,529.19,2116.76,West
2024-12-21,Smartphone Ultra,Technology,5.0,819.38,4096.9,West
2024-12-21,Business Backpack,Clothing,2.0,59.99,119.98,North
2024-12-21,Executive Ergonomic Desk,Furniture,2.0,567.21,1134.42,East
2024-12-22,Wireless Headphones,Technology,6.0,141.25,847.5,South
2024-12-22,Conference Room Table,Furniture,3.0,785.43,2356.29,North
2024-12-22,Executive Ergonomic Desk,Furniture,1.0,564.65,564.65,North
2024-12-22,Wireless Headphones,Technology,3.0,150.26,450.78,North
2024-12-23,Executive Ergonomic Desk,Furniture,4.0,556.71,2226.84,West
2024-12-23,Executive Ergonomic Desk,Furniture,2.0,523.52,1047.04,West
2024-12-23,Coffee Maker,Appliances,2.0,192.87,385.74,South
2024-12-23,Filing Cabinet,Office Supplies,1.0,148.7,148.7,West
2024-12-24,Printer Laser X,Office Supplies,4.0,321.32,1285.28,North
2024-12-24,Coffee Maker,Appliances,1.0,189.8,189.8,West
2024-12-25,Conference Room Table,Furniture,2.0,741.94,1483.88,West
2024-12-25,Formal Shirt,Clothing,3.0,44.05,132.15,West
2024-12-26,Filing Cabinet,Office Supplies,5.0,145.61,728.05,South
2024-12-26,Premium Notebook,Office Supplies,1.0,17.11,17.11,North
2024-12-27,Conference Room Table,Furniture,3.0,789.16,2367.48,East
2024-12-27,4K Ultra HD Monitor,Technology,2.0,378.58,757.16,West
2024-12-28,Executive Ergonomic Desk,Furniture,1.0,578.94,578.94,South
2024-12-28,Office Chair Pro,Furniture,5.0,270.18,1350.9,North
2024-12-28,Executive Ergonomic Desk,Furniture,5.0,524.85,2624.25,West
2024-12-29,Smartphone Ultra,Technology,2.0,782.02,1564.04,West
2024-12-29,Premium Notebook,Office Supplies,6.0,19.17,115.02,West
2024-12-29,Printer Laser X,Office Supplies,2.0,341.05,682.1,South
2024-12-29,Office Chair Pro,Furniture,4.0,268.1,1072.4,South
2024-12-29,Laptop Pro 15,Technology,2.0,1127.87,2255.74,West
2024-12-30,Premium Notebook,Office Supplies,4.0,18.8,75.2,North
2024-12-30,Printer Laser X,Office Supplies,1.0,306.84,306.84,North
2024-12-30,Business Backpack,Clothing,2.0,68.31,136.62,East
2024-12-30,Printer Laser X,Office Supplies,2.0,315.82,631.64,South
2024-12-30,Business Backpack,Clothing,2.0,67.23,134.46,West
2024-12-30,Office Chair Pro,Furniture,2.0,277.26,554.52,West
2024-12-31,Formal Shirt,Clothing,2.0,42.6,85.2,South
2024-12-31,4K Ultra HD Monitor,Technology,4.0,365.47,1461.88,North
2024-12-31,4K Ultra HD Monitor,Technology,2.0,348.24,696.48,West
2024-12-31,Executive Ergonomic Desk,Furniture,2.0,553.97,1107.94,South
2024-12-31,Laptop Pro 15,Technology,4.0,1113.16,4452.64,North
2024-12-31,Running Shoes,Clothing,1.0,99.55,99.55,East
2025-01-01,Running Shoes,Clothing,2.0,94.71,189.42,West
2025-01-01,Smartphone Ultra,Technology,1.0,849.43,849.43,South
2025-01-01,Office Chair Pro,Furniture,3.0,263.51,790.53,South
2025-01-01,Premium Notebook,Office Supplies,1.0,18.18,18.18,East
2025-01-01,Running Shoes,Clothing,4.0,91.65,366.6,North
2025-01-02,4K Ultra HD Monitor,Technology,4.0,379.18,1516.72,East
2025-01-02,Premium Notebook,Office Supplies,2.0,18.13,36.26,South
2025-01-02,Filing Cabinet,Office Supplies,6.0,156.14,936.84,West
2025-01-02,Business Backpack,Clothing,1.0,63.29,63.29,North
2025-01-02,Conference Room Table,Furniture,3.0,795.27,2385.81,North
2025-01-03,Office Chair Pro,Furniture,1.0,262.79,262.79,North
2025-01-03,Wireless Headphones,Technology,2.0,148.12,296.24,West
2025-01-03,Conference Room Table,Furniture,1.0,822.82,822.82,North
2025-01-03,Executive Ergonomic Desk,Furniture,2.0,556.89,1113.78,West
2025-01-04,4K Ultra HD Monitor,Technology,1.0,373.79,373.79,North
2025-01-04,Coffee Maker,Appliances,3.0,181.07,543.21,East
2025-01-04,Business Backpack,Clothing,1.0,64.53,64.53,East
2025-01-04,Filing Cabinet,Office Supplies,1.0,159.97,159.97,West
2025-01-04,4K Ultra HD Monitor,Technology,1.0,344.45,344.45,North
2025-01-05,Smartphone Ultra,Technology,3.0,824.9,2474.7,North
2025-01-05,Premium Notebook,Office Supplies,3.0,18.51,55.53,West
2025-01-05,Smartphone Ultra,Technology,3.0,902.22,2706.66,North
2025-01-06,Filing Cabinet,Office Supplies,4.0,156.48,625.92,East
2025-01-06,Wireless Headphones,Technology,3.0,147.57,442.71,North
2025-01-06,4K Ultra HD Monitor,Technology,4.0,381.25,1525.0,East
2025-01-06,Laptop Pro 15,Technology,1.0,1282.09,1282.09,North
2025-01-06,Smartphone Ultra,Technology,2.0,881.07,1762.14,North
2025-01-07,Business Backpack,Clothing,5.0,63.6,318.0,North
2025-01-07,Premium Notebook,Office Supplies,6.0,17.66,105.96,South
2025-01-08,Laptop Pro 15,Technology,3.0,1137.69,3413.07,East
2025-01-08,Office Chair Pro,Furniture,2.0,279.98,559.96,West
2025-01-09,Premium Notebook,Office Supplies,1.0,17.23,17.23,East
2025-01-09,4K Ultra HD Monitor,Technology,1.0,340.16,340.16,West
2025-01-09,Formal Shirt,Clothing,1.0,45.41,45.41,North
2025-01-09,Conference Room Table,Furniture,2.0,738.73,1477.46,North
2025-01-10,Conference Room Table,Furniture,4.0,810.34,3241.36,South
2025-01-11,Formal Shirt,Clothing,2.0,47.02,94.04,East
2025-01-12,Wireless Headphones,Technology,2.0,128.84,257.68,West
2025-01-12,Coffee Maker,Appliances,2.0,181.75,363.5,South
2025-01-12,Filing Cabinet,Office Supplies,1.0,142.49,142.49,East
2025-01-13,Smartphone Ultra,Technology,2.0,845.51,1691.02,East
2025-01-13,Running Shoes,Clothing,2.0,96.49,192.98,North
2025-01-13,Premium Notebook,Office Supplies,1.0,19.28,19.28,North
2025-01-13,Smartphone Ultra,Technology,2.0,808.05,1616.1,North
2025-01-13,Running Shoes,Clothing,3.0,99.42,298.26,North
2025-01-13,Filing Cabinet,Office Supplies,2.0,149.01,298.02,East
2025-01-13,Formal Shirt,Clothing,3.0,42.48,127.44,South
2025-01-14,Coffee Maker,Appliances,1.0,174.22,174.22,North
2025-01-14,Formal Shirt,Clothing,1.0,46.95,46.95,North
2025-01-14,Wireless Headphones,Technology,2.0,135.2,270.4,South
2025-01-14,Filing Cabinet,Office Supplies,3.0,145.6,436.8,North
2025-01-14,Winter Jacket,Clothing,1.0,115.9,115.9,North
2025-01-14,Conference Room Table,Furniture,1.0,802.25,802.25,South
2025-01-14,Laptop Pro 15,Technology,1.0,1178.6,1178.6,West
2025-01-15,4K Ultra HD Monitor,Technology,4.0,377.09,1508.36,North
2025-01-15,Filing Cabinet,Office Supplies,5.0,161.88,809.4,North
2025-01-15,Winter Jacket,Clothing,4.0,105.49,421.96,West
2025-01-15,Formal Shirt,Clothing,3.0,41.87,125.61,North
2025-01-15,Running Shoes,Clothing,1.0,89.17,89.17,West
2025-01-16,Premium Notebook,Office Supplies,2.0,18.57,37.14,West
2025-01-16,Filing Cabinet,Office Supplies,6.0,159.98,959.88,East
2025-01-16,4K Ultra HD Monitor,Technology,3.0,375.83,1127.49,West
2025-01-17,4K Ultra HD Monitor,Technology,5.0,373.13,1865.65,West
2025-01-17,Formal Shirt,Clothing,2.0,48.26,96.52,West
2025-01-18,Filing Cabinet,Office Supplies,3.0,150.24,450.72,North
2025-01-18,Printer Laser X,Office Supplies,5.0,310.74,1553.7,East
2025-01-18,Office Chair Pro,Furniture,2.0,280.9,561.8,North
2025-01-18,Smartphone Ultra,Technology,2.0,916.76,1833.52,South
2025-01-18,Filing Cabinet,Office Supplies,1.0,147.74,147.74,East
2025-01-19,Winter Jacket,Clothing,2.0,115.18,230.36,West
2025-01-19,Executive Ergonomic Desk,Furniture,1.0,594.16,594.16,South
2025-01-19,4K Ultra HD Monitor,Technology,4.0,349.77,1399.08,South
2025-01-21,Winter Jacket,Clothing,2.0,117.46,234.92,West
2025-01-21,4K Ultra HD Monitor,Technology,1.0,352.67,352.67,North
2025-01-21,Printer Laser X,Office Supplies,4.0,337.77,1351.08,South
2025-01-22,Wireless Headphones,Technology,2.0,140.28,280.56,South
2025-01-22,Office Chair Pro,Furniture,4.0,301.75,1207.0,East
2025-01-22,Wireless Headphones,Technology,2.0,136.7,273.4,West
2025-01-22,Office Chair Pro,Furniture,1.0,278.61,278.61,North
2025-01-22,Filing Cabinet,Office Supplies,4.0,139.74,558.96,North
2025-01-23,Coffee Maker,Appliances,2.0,175.11,350.22,East
2025-01-24,Executive Ergonomic Desk,Furniture,1.0,554.76,554.76,South
2025-01-24,Wireless Headphones,Technology,5.0,148.4,742.0,East
2025-01-25,Premium Notebook,Office Supplies,1.0,17.8,17.8,East
2025-01-25,Smartphone Ultra,Technology,2.0,857.48,1714.96,North
2025-01-25,Conference Room Table,Furniture,5.0,857.99,4289.95,East
2025-01-25,Laptop Pro 15,Technology,2.0,1114.3,2228.6,South
2025-01-26,Formal Shirt,Clothing,1.0,47.74,47.74,West
2025-01-26,Executive Ergonomic Desk,Furniture,2.0,556.17,1112.34,East
2025-01-26,Running Shoes,Clothing,1.0,98.13,98.13,South
2025-01-26,Premium Notebook,Office Supplies,2.0,19.2,38.4,West
2025-01-28,Formal Shirt,Clothing,2.0,44.87,89.74,North
2025-01-29,Printer Laser X,Office Supplies,2.0,316.47,632.94,North
2025-01-29,Premium Notebook,Office Supplies,3.0,16.59,49.77,North
2025-01-29,Premium Notebook,Office Supplies,2.0,16.77,33.54,North
2025-01-29,Laptop Pro 15,Technology,1.0,1187.56,1187.56,West
2025-01-29,Wireless Headphones,Technology,1.0,136.42,136.42,North
2025-01-30,Running Shoes,Clothing,5.0,101.2,506.0,North
2025-01-30,Running Shoes,Clothing,3.0,101.81,305.43,North
2025-01-30,Smartphone Ultra,Technology,1.0,792.16,792.16,North
2025-01-31,Business Backpack,Clothing,2.0,66.15,132.3,East
2025-01-31,Formal Shirt,Clothing,2.0,47.57,95.14,East
2025-02-01,Winter Jacket,Clothing,1.0,101.87,101.87,North
2025-02-01,Printer Laser X,Office Supplies,2.0,325.92,651.84,West
2025-02-01,Filing Cabinet,Office Supplies,1.0,161.66,161.66,North
2025-02-01,Premium Notebook,Office Supplies,1.0,17.02,17.02,West
2025-02-02,Filing Cabinet,Office Supplies,3.0,142.85,428.55,North
2025-02-02,Executive Ergonomic Desk,Furniture,5.0,542.47,2712.35,North
2025-02-03,4K Ultra HD Monitor,Technology,3.0,349.55,1048.65,South
2025-02-03,Wireless Headphones,Technology,2.0,146.42,292.84,East
2025-02-03,Premium Notebook,Office Supplies,2.0,16.73,33.46,South
2025-02-03,Office Chair Pro,Furniture,6.0,279.08,1674.48,North
2025-02-04,Printer Laser X,Office Supplies,5.0,338.16,1690.8,South
2025-02-04,Winter Jacket,Clothing,3.0,105.9,317.7,West
2025-02-04,Executive Ergonomic Desk,Furniture,1.0,527.15,527.15,East
2025-02-05,Formal Shirt,Clothing,2.0,47.69,95.38,East
2025-02-05,Business Backpack,Technology,2.0,60.76,121.52,East
2025-02-05,Executive Ergonomic Desk,Furniture,3.0,519.38,1558.14,West
2025-02-05,Printer Laser X,Office Supplies,1.0,327.27,327.27,North
2025-02-06,Printer Laser X,Office Supplies,1.0,344.45,344.45,West
2025-02-06,Wireless Headphones,Technology,1.0,146.78,146.78,West
2025-02-06,Formal Shirt,Clothing,4.0,45.82,183.28,North
2025-02-06,Running Shoes,Clothing,1.0,95.57,95.57,East
2025-02-06,Running Shoes,Clothing,1.0,97.23,97.23,West
2025-02-06,Filing Cabinet,Office Supplies,1.0,139.59,139.59,East
2025-02-07,4K Ultra HD Monitor,Technology,2.0,352.57,705.14,South
2025-02-07,Winter Jacket,Technology,1.0,110.26,110.26,North
2025-02-08,Wireless Headphones,Technology,7.0,131.14,917.98,West
2025-02-08,Printer Laser X,Office Supplies,3.0,320.67,962.01,West
2025-02-08,4K Ultra HD Monitor,Technology,2.0,357.88,715.76,North
2025-02-08,Executive Ergonomic Desk,Furniture,3.0,526.84,1580.52,North
2025-02-09,Office Chair Pro,Furniture,1.0,267.17,267.17,North
2025-02-09,Smartphone Ultra,Technology,3.0,907.19,2721.57,East
2025-02-09,Executive Ergonomic Desk,Furniture,2.0,521.84,1043.68,West
2025-02-09,Premium Notebook,Office Supplies,2.0,18.29,36.58,East
2025-02-09,Office Chair Pro,Furniture,1.0,284.18,284.18,West
2025-02-09,Premium Notebook,Technology,2.0,18.26,36.52,East
2025-02-09,Smartphone Ultra,Technology,2.0,834.82,1669.64,West
2025-02-10,Coffee Maker,Appliances,2.0,169.42,338.84,South
2025-02-11,Premium Notebook,Office Supplies,2.0,18.32,36.64,South
2025-02-11,Printer Laser X,Office Supplies,5.0,320.0,1600.0,East
2025-02-12,Premium Notebook,Office Supplies,3.0,16.69,50.07,East
2025-02-12,Conference Room Table,Furniture,1.0,833.58,833.58,West
2025-02-12,4K Ultra HD Monitor,Technology,1.0,381.55,381.55,North
2025-02-12,Filing Cabinet,Office Supplies,1.0,138.29,138.29,South
2025-02-13,Premium Notebook,Office Supplies,3.0,18.84,56.52,North
2025-02-13,Premium Notebook,Office Supplies,1.0,17.7,17.7,North
2025-02-13,Office Chair Pro,Furniture,6.0,275.94,1655.64,North
2025-02-14,Business Backpack,Clothing,1.0,63.6,63.6,East
2025-02-14,4K Ultra HD Monitor,Technology,3.0,340.45,1021.35,East
2025-02-14,Filing Cabinet,Office Supplies,2.0,149.34,298.68,East
2025-02-15,4K Ultra HD Monitor,Technology,2.0,385.65,771.3,East
2025-02-15,Executive Ergonomic Desk,Furniture,5.0,568.92,2844.6,South
2025-02-15,Running Shoes,Clothing,2.0,93.84,187.68,West
2025-02-15,Wireless Headphones,Technology,1.0,141.21,141.21,North
2025-02-16,Printer Laser X,Office Supplies,1.0,329.18,329.18,West
2025-02-16,Wireless Headphones,Technology,3.0,143.89,431.67,East
2025-02-17,Coffee Maker,Appliances,1.0,180.69,180.69,South
2025-02-17,Coffee Maker,Appliances,2.0,184.53,369.06,South
2025-02-17,Executive Ergonomic Desk,Furniture,4.0,534.93,2139.72,North
2025-02-17,Filing Cabinet,Office Supplies,1.0,150.52,150.52,East
2025-02-18,Smartphone Ultra,Technology,1.0,908.4,908.4,East
2025-02-18,Executive Ergonomic Desk,Furniture,4.0,524.81,2099.24,East
2025-02-19,Executive Ergonomic Desk,Furniture,4.0,578.68,2314.72,West
2025-02-19,4K Ultra HD Monitor,Technology,3.0,366.71,1100.13,North
2025-02-20,Running Shoes,Clothing,4.0,99.11,396.44,North
2025-02-20,Wireless Headphones,Technology,1.0,144.57,144.57,East
2025-02-21,Printer Laser X,Office Supplies,1.0,304.61,304.61,West
2025-02-21,Business Backpack,Clothing,1.0,67.92,67.92,North
2025-02-21,Smartphone Ultra,Technology,1.0,870.29,870.29,South
2025-02-22,Smartphone Ultra,Technology,1.0,898.35,898.35,North
2025-02-22,Winter Jacket,Clothing,4.0,106.46,425.84,South
2025-02-22,Business Backpack,Clothing,1.0,62.33,62.33,North
2025-02-22,Formal Shirt,Clothing,3.0,48.22,144.66,West
2025-02-23,Wireless Headphones,Technology,2.0,140.76,281.52,West
2025-02-23,Formal Shirt,Clothing,1.0,48.4,48.4,North
2025-02-23,Wireless Headphones,Technology,1.0,142.54,142.54,North
2025-02-24,Conference Room Table,Furniture,5.0,863.37,4316.85,North
2025-02-24,Smartphone Ultra,Technology,1.0,796.7,796.7,South
2025-02-24,Executive Ergonomic Desk,Furniture,1.0,578.68,578.68,East
2025-02-24,Filing Cabinet,Office Supplies,1.0,160.39,160.39,North
2025-02-25,Smartphone Ultra,Technology,1.0,855.62,855.62,West
2025-02-25,Business Backpack,Clothing,1.0,60.29,60.29,East
2025-02-25,Executive Ergonomic Desk,Furniture,1.0,568.28,568.28,East
2025-02-26,Wireless Headphones,Technology,3.0,147.66,442.98,West
2025-02-26,Printer Laser X,Office Supplies,3.0,313.93,941.79,West
2025-02-26,Premium Notebook,Office Supplies,3.0,19.35,58.05,East
2025-02-26,4K Ultra HD Monitor,Technology,2.0,350.41,700.82,East
2025-02-26,Wireless Headphones,Technology,4.0,135.62,542.48,East
2025-02-27,4K Ultra HD Monitor,Technology,1.0,385.67,385.67,West
2025-02-27,Smartphone Ultra,Technology,3.0,828.04,2484.12,North
2025-02-27,Smartphone Ultra,Technology,2.0,868.46,1736.92,West
2025-02-28,Business Backpack,Clothing,8.0,68.58,548.64,East
2025-02-28,Smartphone Ultra,Technology,3.0,891.25,2673.75,North
2025-03-01,Coffee Maker,Appliances,2.0,184.65,369.3,West
2025-03-01,Laptop Pro 15,Technology,2.0,1193.59,2387.18,South
2025-03-01,Running Shoes,Clothing,1.0,91.3,91.3,East
2025-03-01,Formal Shirt,Clothing,4.0,45.53,182.12,West
2025-03-01,Office Chair Pro,Furniture,1.0,272.99,272.99,South
2025-03-01,Executive Ergonomic Desk,Furniture,2.0,555.04,1110.08,East
2025-03-02,Wireless Headphones,Technology,4.0,131.09,524.36,East
2025-03-02,Wireless Headphones,Technology,1.0,129.27,129.27,South
2025-03-03,Printer Laser X,Office Supplies,2.0,344.2,688.4,East
2025-03-03,Coffee Maker,Appliances,3.0,186.01,558.03,North
2025-03-03,Executive Ergonomic Desk,Furniture,2.0,563.23,1126.46,West
2025-03-03,4K Ultra HD Monitor,Technology,2.0,353.6,707.2,South
2025-03-04,4K Ultra HD Monitor,Technology,1.0,385.18,385.18,South
2025-03-04,Winter Jacket,Clothing,5.0,114.03,570.15,East
2025-03-04,Printer Laser X,Office Supplies,1.0,300.19,300.19,North
2025-03-04,Smartphone Ultra,Technology,2.0,874.83,1749.66,North
2025-03-04,Printer Laser X,Office Supplies,1.0,308.12,308.12,South
2025-03-04,Executive Ergonomic Desk,Furniture,3.0,550.72,1652.16,North
2025-03-05,Office Chair Pro,Furniture,2.0,280.55,561.1,South
2025-03-05,Formal Shirt,Clothing,2.0,42.98,85.96,East
2025-03-05,Business Backpack,Clothing,4.0,69.12,276.48,South
2025-03-05,Office Chair Pro,Furniture,2.0,278.42,556.84,North
2025-03-06,Filing Cabinet,Office Supplies,1.0,153.67,153.67,South
2025-03-06,Smartphone Ultra,Technology,3.0,904.96,2714.88,South
2025-03-06,Office Chair Pro,Furniture,1.0,278.3,278.3,North
2025-03-07,Premium Notebook,Office Supplies,7.0,17.88,125.16,East
2025-03-07,Printer Laser X,Office Supplies,1.0,295.8,295.8,North
2025-03-07,Coffee Maker,Appliances,1.0,170.72,170.72,West
2025-03-08,Wireless Headphones,Technology,6.0,145.21,871.26,West
2025-03-08,Wireless Headphones,Technology,1.0,142.35,142.35,North
2025-03-08,Premium Notebook,Office Supplies,1.0,18.07,18.07,East
2025-03-08,Wireless Headphones,Technology,2.0,144.8,289.6,East
2025-03-09,Business Backpack,Clothing,3.0,59.83,179.49,East
2025-03-09,Conference Room Table,Furniture,2.0,815.93,1631.86,North
2025-03-09,Conference Room Table,Furniture,1.0,825.06,825.06,South
2025-03-09,Premium Notebook,Technology,5.0,18.62,93.1,South
2025-03-09,Printer Laser X,Office Supplies,7.0,295.59,2069.13,West
2025-03-10,Wireless Headphones,Technology,2.0,144.85,289.7,West
2025-03-10,Filing Cabinet,Office Supplies,6.0,156.13,936.78,West
2025-03-10,Smartphone Ultra,Technology,1.0,817.18,817.18,South
2025-03-10,Premium Notebook,Office Supplies,1.0,18.69,18.69,South
2025-03-10,Formal Shirt,Clothing,1.0,41.89,41.89,North
2025-03-10,Smartphone Ultra,Technology,4.0,893.33,3573.32,South
2025-03-11,Running Shoes,Clothing,3.0,97.38,292.14,North
2025-03-11,Office Chair Pro,Furniture,5.0,297.26,1486.3,West
2025-03-11,Filing Cabinet,Office Supplies,5.0,156.93,784.65,South
2025-03-11,Premium Notebook,Office Supplies,2.0,19.33,38.66,West
2025-03-11,Conference Room Table,Furniture,1.0,814.45,814.45,North
2025-03-12,Laptop Pro 15,Technology,5.0,1283.8,6419.0,North
2025-03-12,Wireless Headphones,Technology,3.0,149.55,448.65,West
2025-03-12,Filing Cabinet,Office Supplies,2.0,138.09,276.18,East
2025-03-12,Filing Cabinet,Office Supplies,3.0,161.58,484.74,North
2025-03-13,Laptop Pro 15,Technology,1.0,1169.99,1169.99,East
2025-03-13,Filing Cabinet,Office Supplies,3.0,160.29,480.87,South
2025-03-14,Conference Room Table,Furniture,2.0,778.91,1557.82,North
2025-03-15,Business Backpack,Clothing,1.0,64.88,64.88,South
2025-03-15,Laptop Pro 15,Technology,3.0,1140.97,3422.91,East
2025-03-15,Conference Room Table,Furniture,1.0,849.25,849.25,South
2025-03-15,Filing Cabinet,Office Supplies,1.0,156.57,156.57,East
2025-03-15,Winter Jacket,Clothing,3.0,115.76,347.28,North
2025-03-15,Wireless Headphones,Technology,3.0,129.96,389.88,North
2025-03-15,Executive Ergonomic Desk,Furniture,4.0,592.67,2370.68,South
2025-03-16,Premium Notebook,Office Supplies,1.0,17.81,17.81,South
2025-03-16,Business Backpack,Clothing,4.0,69.76,279.04,North
2025-03-16,Premium Notebook,Office Supplies,5.0,18.29,91.45,North
2025-03-16,Conference Room Table,Technology,1.0,851.91,851.91,East
2025-03-17,Executive Ergonomic Desk,Furniture,1.0,535.03,535.03,North
2025-03-17,Winter Jacket,Clothing,3.0,102.35,307.05,West
2025-03-18,Formal Shirt,Clothing,4.0,41.66,166.64,South
2025-03-18,Laptop Pro 15,Technology,5.0,1118.57,5592.85,North
2025-03-18,Laptop Pro 15,Technology,1.0,1177.9,1177.9,West
2025-03-18,Smartphone Ultra,Technology,1.0,882.37,882.37,North
2025-03-19,Coffee Maker,Appliances,2.0,174.67,349.34,South
2025-03-19,Printer Laser X,Technology,3.0,324.43,973.29,North
2025-03-19,Smartphone Ultra,Technology,3.0,893.64,2680.92,West
2025-03-20,Wireless Headphones,Technology,1.0,145.91,145.91,North
2025-03-20,Office Chair Pro,Furniture,1.0,275.37,275.37,South
2025-03-20,Formal Shirt,Clothing,1.0,41.88,41.88,South
2025-03-21,Formal Shirt,Clothing,4.0,44.69,178.76,South
2025-03-21,Wireless Headphones,Technology,1.0,133.67,133.67,South
2025-03-21,Smartphone Ultra,Technology,1.0,829.45,829.45,East
2025-03-21,Formal Shirt,Clothing,1.0,43.33,43.33,North
2025-03-21,Business Backpack,Clothing,3.0,63.64,190.92,South
2025-03-21,Laptop Pro 15,Technology,2.0,1244.6,2489.2,East
2025-03-21,Office Chair Pro,Furniture,7.0,275.13,1925.91,West
2025-03-22,Filing Cabinet,Office Supplies,3.0,144.24,432.72,North
2025-03-22,Premium Notebook,Office Supplies,1.0,17.08,17.08,North
2025-03-23,Filing Cabinet,Office Supplies,1.0,159.35,159.35,East
2025-03-23,Executive Ergonomic Desk,Furniture,3.0,516.56,1549.68,East
2025-03-23,Filing Cabinet,Technology,6.0,154.54,927.24,North
2025-03-24,Business Backpack,Clothing,1.0,68.54,68.54,West
2025-03-24,Conference Room Table,Furniture,1.0,823.38,823.38,North
2025-03-24,Executive Ergonomic Desk,Furniture,2.0,531.15,1062.3,North
2025-03-24,Formal Shirt,Clothing,5.0,46.58,232.9,North
2025-03-25,Smartphone Ultra,Technology,2.0,824.16,1648.32,West
2025-03-26,Premium Notebook,Office Supplies,2.0,17.9,35.8,East
2025-03-27,4K Ultra HD Monitor,Technology,5.0,381.89,1909.45,South
2025-03-27,Formal Shirt,Clothing,1.0,42.17,42.17,North
2025-03-27,Smartphone Ultra,Technology,1.0,802.43,802.43,West
2025-03-27,Running Shoes,Clothing,3.0,92.82,278.46,East
2025-03-28,4K Ultra HD Monitor,Technology,1.0,382.18,382.18,East
2025-03-28,Laptop Pro 15,Technology,4.0,1150.69,4602.76,South
2025-03-28,Wireless Headphones,Technology,2.0,131.01,262.02,North
2025-03-28,Smartphone Ultra,Technology,1.0,845.56,845.56,North
2025-03-28,Wireless Headphones,Technology,2.0,143.0,286.0,East
2025-03-29,Formal Shirt,Clothing,1.0,46.09,46.09,West
2025-03-29,Printer Laser X,Office Supplies,1.0,341.98,341.98,East
2025-03-29,Laptop Pro 15,Technology,3.0,1150.78,3452.34,North
2025-03-29,Winter Jacket,Clothing,4.0,108.15,432.6,North
2025-03-29,Laptop Pro 15,Technology,2.0,1251.36,2502.72,North
2025-03-29,Filing Cabinet,Office Supplies,5.0,142.16,710.8,North
2025-03-30,Office Chair Pro,Furniture,2.0,288.73,577.46,West
2025-03-30,Laptop Pro 15,Technology,1.0,1207.14,1207.14,South
2025-03-30,Wireless Headphones,Technology,2.0,141.53,283.06,West
2025-03-30,Office Chair Pro,Furniture,1.0,279.67,279.67,West
2025-03-30,Coffee Maker,Appliances,4.0,187.35,749.4,North
2025-03-30,Smartphone Ultra,Technology,2.0,797.93,1595.86,South
2025-03-31,Formal Shirt,Clothing,3.0,44.77,134.31,North
2025-03-31,Smartphone Ultra,Technology,1.0,838.4,838.4,West
2025-04-01,Premium Notebook,Office Supplies,2.0,19.29,38.58,North
2025-04-01,4K Ultra HD Monitor,Technology,3.0,336.35,1009.05,West
2025-04-01,Office Chair Pro,Furniture,1.0,297.72,297.72,South
2025-04-01,Wireless Headphones,Technology,3.0,141.53,424.59,East
2025-04-01,Conference Room Table,Furniture,4.0,848.18,3392.72,South
2025-04-02,Office Chair Pro,Furniture,1.0,268.87,268.87,South
2025-04-02,Laptop Pro 15,Technology,4.0,1202.81,4811.24,North
2025-04-02,Winter Jacket,Clothing,1.0,102.99,102.99,South
2025-04-02,Filing Cabinet,Office Supplies,5.0,158.3,791.5,East
2025-04-03,Smartphone Ultra,Technology,2.0,908.25,1816.5,North
2025-04-03,Running Shoes,Clothing,3.0,92.65,277.95,North
2025-04-04,4K Ultra HD Monitor,Technology,1.0,380.87,380.87,South
2025-04-04,Executive Ergonomic Desk,Furniture,2.0,578.44,1156.88,West
2025-04-05,Printer Laser X,Office Supplies,1.0,325.81,325.81,North
2025-04-05,4K Ultra HD Monitor,Technology,2.0,360.19,720.38,East
2025-04-05,Running Shoes,Clothing,1.0,100.9,100.9,West
2025-04-06,Business Backpack,Clothing,1.0,62.96,62.96,East
2025-04-06,Printer Laser X,Office Supplies,4.0,330.84,1323.36,North
2025-04-06,Premium Notebook,Office Supplies,2.0,19.07,38.14,East
2025-04-06,Laptop Pro 15,Technology,1.0,1234.09,1234.09,East
2025-04-06,Formal Shirt,Clothing,2.0,47.1,94.2,North
2025-04-08,Premium Notebook,Office Supplies,1.0,18.18,18.18,North
2025-04-08,Conference Room Table,Furniture,2.0,796.46,1592.92,West
2025-04-09,Formal Shirt,Clothing,1.0,45.66,45.66,West
2025-04-09,Office Chair Pro,Furniture,1.0,287.79,287.79,East
2025-04-09,Laptop Pro 15,Technology,3.0,1278.84,3836.52,West
2025-04-09,Printer Laser X,Office Supplies,4.0,301.76,1207.04,North
2025-04-10,Wireless Headphones,Technology,2.0,135.45,270.9,South
2025-04-10,Printer Laser X,Office Supplies,2.0,342.52,685.04,North
2025-04-10,Executive Ergonomic Desk,Furniture,1.0,570.85,570.85,North
2025-04-10,Winter Jacket,Clothing,2.0,108.11,216.22,North
2025-04-10,4K Ultra HD Monitor,Technology,3.0,343.87,1031.61,North
2025-04-10,Wireless Headphones,Technology,1.0,148.27,148.27,East
2025-04-11,Formal Shirt,Clothing,3.0,45.3,135.9,South
2025-04-11,Executive Ergonomic Desk,Furniture,2.0,559.05,1118.1,North
2025-04-11,Formal Shirt,Clothing,3.0,46.14,138.42,North
2025-04-11,Coffee Maker,Appliances,1.0,166.62,166.62,East
2025-04-12,Conference Room Table,Furniture,2.0,798.02,1596.04,East
2025-04-12,Office Chair Pro,Furniture,3.0,288.42,865.26,East
2025-04-12,Formal Shirt,Clothing,1.0,45.15,45.15,West
2025-04-12,4K Ultra HD Monitor,Technology,3.0,341.47,1024.41,South
2025-04-13,Filing Cabinet,Office Supplies,2.0,153.5,307.0,West
2025-04-13,Executive Ergonomic Desk,Furniture,1.0,566.76,566.76,South
2025-04-13,Wireless Headphones,Technology,1.0,139.47,139.47,West
2025-04-13,Business Backpack,Clothing,1.0,61.69,61.69,West
2025-04-14,Wireless Headphones,Technology,4.0,134.27,537.08,North
2025-04-14,Printer Laser X,Office Supplies,1.0,338.71,338.71,South
2025-04-14,Executive Ergonomic Desk,Furniture,2.0,516.37,1032.74,North
2025-04-15,Filing Cabinet,Office Supplies,1.0,148.21,148.21,North
2025-04-15,Filing Cabinet,Office Supplies,1.0,141.84,141.84,North
2025-04-15,Executive Ergonomic Desk,Furniture,1.0,552.29,552.29,West
2025-04-16,Wireless Headphones,Technology,4.0,133.43,533.72,South
2025-04-17,Laptop Pro 15,Technology,1.0,1259.92,1259.92,West
2025-04-17,Formal Shirt,Clothing,1.0,42.14,42.14,North
2025-04-17,Smartphone Ultra,Technology,2.0,905.43,1810.86,South
2025-04-17,Wireless Headphones,Technology,1.0,149.84,149.84,North
2025-04-18,Printer Laser X,Office Supplies,1.0,306.54,306.54,North
2025-04-20,Wireless Headphones,Technology,1.0,134.58,134.58,East
2025-04-20,Running Shoes,Clothing,2.0,89.3,178.6,North
2025-04-20,Business Backpack,Clothing,3.0,67.27,201.81,North
2025-04-20,Conference Room Table,Furniture,5.0,854.62,4273.1,East
2025-04-20,Formal Shirt,Clothing,2.0,46.38,92.76,East
2025-04-21,Printer Laser X,Office Supplies,1.0,309.03,309.03,West
2025-04-21,Laptop Pro 15,Technology,2.0,1283.5,2567.0,West
2025-04-21,Filing Cabinet,Office Supplies,5.0,148.79,743.95,North
2025-04-21,Office Chair Pro,Furniture,4.0,272.05,1088.2,South
2025-04-21,Printer Laser X,Office Supplies,1.0,311.62,311.62,East
2025-04-21,Filing Cabinet,Office Supplies,2.0,145.47,290.94,West
2025-04-22,Business Backpack,Clothing,2.0,68.77,137.54,East
2025-04-22,Laptop Pro 15,Technology,2.0,1162.36,2324.72,South
2025-04-22,Wireless Headphones,Technology,1.0,144.08,144.08,North
2025-04-22,Executive Ergonomic Desk,Furniture,1.0,602.42,602.42,South
2025-04-22,Running Shoes,Clothing,1.0,99.84,99.84,South
2025-04-23,Winter Jacket,Clothing,5.0,104.55,522.75,East
2025-04-23,Smartphone Ultra,Technology,1.0,861.95,861.95,West
2025-04-23,Business Backpack,Clothing,3.0,66.87,200.61,East
2025-04-23,Smartphone Ultra,Technology,3.0,871.28,2613.84,South
2025-04-23,Running Shoes,Clothing,3.0,101.65,304.95,North
2025-04-23,Wireless Headphones,Technology,2.0,135.6,271.2,North
2025-04-23,Business Backpack,Clothing,7.0,63.71,445.97,West
2025-04-24,Formal Shirt,Clothing,1.0,42.97,42.97,South
2025-04-24,Premium Notebook,Office Supplies,3.0,16.7,50.1,North
2025-04-24,Printer Laser X,Office Supplies,2.0,307.11,614.22,North
2025-04-24,Conference Room Table,Furniture,2.0,781.1,1562.2,South
2025-04-24,Business Backpack,Clothing,4.0,66.73,266.92,South
2025-04-24,Running Shoes,Clothing,1.0,87.76,87.76,South
2025-04-25,4K Ultra HD Monitor,Technology,5.0,382.64,1913.2,North
2025-04-25,Wireless Headphones,Technology,2.0,150.65,301.3,East
2025-04-26,Laptop Pro 15,Technology,1.0,1144.81,1144.81,North
2025-04-26,Smartphone Ultra,Technology,2.0,870.73,1741.46,North
2025-04-27,Executive Ergonomic Desk,Furniture,2.0,579.57,1159.14,South
2025-04-27,Filing Cabinet,Office Supplies,3.0,152.8,458.4,North
2025-04-27,Office Chair Pro,Furniture,4.0,273.84,1095.36,East
2025-04-27,Business Backpack,Clothing,4.0,65.66,262.64,South
2025-04-27,Printer Laser X,Office Supplies,1.0,324.1,324.1,East
2025-04-28,Premium Notebook,Office Supplies,2.0,18.04,36.08,South
2025-04-29,Wireless Headphones,Technology,2.0,143.11,286.22,South
2025-04-29,Business Backpack,Clothing,5.0,65.13,325.65,South
2025-04-29,Office Chair Pro,Furniture,2.0,297.79,595.58,South
2025-04-29,Premium Notebook,Office Supplies,3.0,17.83,53.49,East
2025-04-29,Wireless Headphones,Technology,2.0,137.83,275.66,South
2025-04-29,Conference Room Table,Furniture,1.0,852.34,852.34,North
2025-04-30,Premium Notebook,Office Supplies,5.0,17.15,85.75,West
2025-04-30,Laptop Pro 15,Technology,1.0,1141.64,1141.64,South
2025-05-01,Filing Cabinet,Office Supplies,2.0,161.65,323.3,West
2025-05-01,Conference Room Table,Furniture,1.0,811.33,811.33,West
2025-05-01,Office Chair Pro,Furniture,1.0,291.28,291.28,East
2025-05-01,Office Chair Pro,Furniture,5.0,271.22,1356.1,West
2025-05-01,Winter Jacket,Clothing,2.0,111.1,222.2,North
2025-05-01,Smartphone Ultra,Technology,2.0,782.31,1564.62,West
2025-05-01,Formal Shirt,Clothing,4.0,43.19,172.76,West
2025-05-02,Laptop Pro 15,Technology,2.0,1154.96,2309.92,South
2025-05-02,Smartphone Ultra,Technology,1.0,841.96,841.96,North
2025-05-02,Wireless Headphones,Technology,3.0,135.06,405.18,South
2025-05-03,4K Ultra HD Monitor,Technology,2.0,372.28,744.56,South
2025-05-03,Premium Notebook,Office Supplies,1.0,19.4,19.4,West
2025-05-04,Laptop Pro 15,Technology,1.0,1261.65,1261.65,South
2025-05-04,Conference Room Table,Furniture,1.0,817.04,817.04,West
2025-05-04,Laptop Pro 15,Technology,1.0,1256.16,1256.16,North
2025-05-04,Wireless Headphones,Technology,2.0,131.3,262.6,East
2025-05-05,Winter Jacket,Clothing,3.0,111.93,335.79,North
2025-05-05,Executive Ergonomic Desk,Furniture,4.0,541.27,2165.08,South
2025-05-05,Conference Room Table,Furniture,1.0,858.29,858.29,North
2025-05-05,Wireless Headphones,Technology,4.0,146.72,586.88,West
2025-05-05,Wireless Headphones,Technology,3.0,140.48,421.44,West
2025-05-05,Formal Shirt,Clothing,1.0,43.54,43.54,West
2025-05-05,Laptop Pro 15,Technology,3.0,1236.98,3710.94,South
2025-05-06,Smartphone Ultra,Technology,3.0,864.79,2594.37,West
2025-05-06,Executive Ergonomic Desk,Furniture,4.0,564.58,2258.32,South
2025-05-06,Premium Notebook,Office Supplies,3.0,17.4,52.2,North
2025-05-06,Premium Notebook,Office Supplies,2.0,16.88,33.76,East
2025-05-07,Running Shoes,Clothing,1.0,96.59,96.59,East
2025-05-07,Laptop Pro 15,Technology,1.0,1229.46,1229.46,South
2025-05-07,Formal Shirt,Clothing,4.0,45.0,180.0,East
2025-05-07,4K Ultra HD Monitor,Technology,2.0,367.09,734.18,North
2025-05-08,Wireless Headphones,Technology,2.0,151.07,302.14,South
2025-05-08,Conference Room Table,Furniture,1.0,820.08,820.08,North
2025-05-08,Filing Cabinet,Office Supplies,2.0,150.41,300.82,East
2025-05-08,Filing Cabinet,Office Supplies,5.0,153.13,765.65,West
2025-05-09,Office Chair Pro,Furniture,4.0,287.17,1148.68,East
2025-05-09,Formal Shirt,Clothing,4.0,47.12,188.48,North
2025-05-09,Formal Shirt,Clothing,7.0,45.27,316.89,North
2025-05-09,Business Backpack,Clothing,3.0,62.04,186.12,East
2025-05-09,Business Backpack,Clothing,1.0,62.41,62.41,West
2025-05-10,Winter Jacket,Clothing,2.0,117.12,234.24,North
2025-05-10,Office Chair Pro,Furniture,2.0,298.71,597.42,South
2025-05-10,Running Shoes,Clothing,4.0,100.13,400.52,North
2025-05-10,Wireless Headphones,Technology,2.0,140.27,280.54,South
2025-05-10,Executive Ergonomic Desk,Furniture,1.0,574.18,574.18,East
2025-05-10,Conference Room Table,Furniture,1.0,811.85,811.85,South
2025-05-11,Executive Ergonomic Desk,Furniture,3.0,587.53,1762.59,West
2025-05-11,Wireless Headphones,Technology,1.0,145.9,145.9,North
2025-05-11,Formal Shirt,Clothing,3.0,43.51,130.53,North
2025-05-12,Smartphone Ultra,Technology,2.0,865.07,1730.14,West
2025-05-12,4K Ultra HD Monitor,Technology,1.0,354.83,354.83,South
2025-05-12,Formal Shirt,Clothing,2.0,46.05,92.1,East
2025-05-13,Filing Cabinet,Office Supplies,1.0,148.06,148.06,West
2025-05-13,Office Chair Pro,Furniture,2.0,295.95,591.9,East
2025-05-14,Premium Notebook,Office Supplies,2.0,19.44,38.88,South
2025-05-14,Wireless Headphones,Technology,1.0,131.83,131.83,East
2025-05-14,4K Ultra HD Monitor,Technology,1.0,381.21,381.21,South
2025-05-14,Smartphone Ultra,Technology,2.0,838.92,1677.84,West
2025-05-14,Office Chair Pro,Furniture,2.0,301.36,602.72,West
2025-05-14,Coffee Maker,Appliances,1.0,179.6,179.6,East
2025-05-14,Executive Ergonomic Desk,Furniture,2.0,590.4,1180.8,East
2025-05-14,Laptop Pro 15,Technology,2.0,1286.98,2573.96,North
2025-05-15,Premium Notebook,Office Supplies,2.0,19.11,38.22,North
2025-05-15,Formal Shirt,Clothing,5.0,45.83,229.15,South
2025-05-15,Premium Notebook,Office Supplies,1.0,16.67,16.67,North
2025-05-15,Smartphone Ultra,Technology,2.0,792.54,1585.08,North
2025-05-15,Premium Notebook,Office Supplies,1.0,17.5,17.5,North
2025-05-16,Wireless Headphones,Technology,4.0,138.69,554.76,West
2025-05-16,Formal Shirt,Clothing,2.0,44.01,88.02,East
2025-05-16,Filing Cabinet,Office Supplies,1.0,144.2,144.2,North
2025-05-16,Executive Ergonomic Desk,Furniture,2.0,517.0,1034.0,South
2025-05-16,Laptop Pro 15,Technology,2.0,1204.42,2408.84,South
2025-05-16,Executive Ergonomic Desk,Furniture,2.0,519.77,1039.54,East
2025-05-16,Coffee Maker,Appliances,1.0,175.25,175.25,South
2025-05-16,Premium Notebook,Office Supplies,3.0,18.47,55.41,East
2025-05-17,Office Chair Pro,Technology,1.0,269.44,269.44,North
2025-05-17,Premium Notebook,Office Supplies,5.0,18.07,90.35,South
2025-05-17,Conference Room Table,Furniture,1.0,798.3,798.3,West
2025-05-17,Filing Cabinet,Office Supplies,2.0,151.63,303.26,North
2025-05-17,Wireless Headphones,Technology,3.0,138.08,414.24,South
2025-05-17,Formal Shirt,Clothing,2.0,47.8,95.6,South
2025-05-17,Executive Ergonomic Desk,Furniture,5.0,548.96,2744.8,West
2025-05-17,Coffee Maker,Appliances,2.0,170.43,340.86,South
2025-05-18,Running Shoes,Clothing,2.0,88.08,176.16,North
2025-05-18,Coffee Maker,Appliances,3.0,171.12,513.36,East
2025-05-18,Premium Notebook,Office Supplies,2.0,19.34,38.68,North
2025-05-18,Filing Cabinet,Office Supplies,2.0,158.81,317.62,West
2025-05-18,Smartphone Ultra,Technology,3.0,786.13,2358.39,South
2025-05-19,Printer Laser X,Office Supplies,3.0,306.4,919.2,South
2025-05-19,Business Backpack,Clothing,3.0,63.21,189.63,North
2025-05-19,Filing Cabinet,Office Supplies,5.0,154.05,770.25,West
2025-05-20,Winter Jacket,Clothing,2.0,115.59,231.18,North
2025-05-20,Smartphone Ultra,Technology,1.0,839.76,839.76,North
2025-05-21,Filing Cabinet,Office Supplies,3.0,161.46,484.38,West
2025-05-22,Smartphone Ultra,Technology,1.0,866.22,866.22,North
2025-05-22,Printer Laser X,Office Supplies,2.0,317.03,634.06,West
2025-05-23,Coffee Maker,Appliances,1.0,183.69,183.69,South
2025-05-23,4K Ultra HD Monitor,Technology,1.0,338.51,338.51,North
2025-05-23,Running Shoes,Clothing,3.0,101.5,304.5,East
2025-05-23,Filing Cabinet,Office Supplies,1.0,139.3,139.3,East
2025-05-23,Printer Laser X,Office Supplies,4.0,295.57,1182.28,North
2025-05-23,Wireless Headphones,Technology,1.0,134.98,134.98,West
2025-05-24,Smartphone Ultra,Technology,3.0,788.77,2366.31,North
2025-05-24,Winter Jacket,Clothing,1.0,107.84,107.84,South
2025-05-25,Smartphone Ultra,Technology,4.0,847.39,3389.56,West
2025-05-25,Running Shoes,Clothing,1.0,100.61,100.61,North
2025-05-25,Premium Notebook,Office Supplies,2.0,18.01,36.02,South
2025-05-25,Filing Cabinet,Office Supplies,1.0,159.52,159.52,East
2025-05-26,Office Chair Pro,Furniture,1.0,284.1,284.1,South
2025-05-26,Formal Shirt,Clothing,2.0,46.36,92.72,South
2025-05-27,Premium Notebook,Office Supplies,1.0,16.82,16.82,East
2025-05-27,Filing Cabinet,Office Supplies,1.0,157.93,157.93,North
2025-05-27,Conference Room Table,Furniture,3.0,789.75,2369.25,North
2025-05-27,Laptop Pro 15,Technology,1.0,1142.85,1142.85,North
2025-05-27,Wireless Headphones,Technology,3.0,134.16,402.48,South
2025-05-27,Running Shoes,Clothing,1.0,90.57,90.57,West
2025-05-28,Smartphone Ultra,Technology,1.0,795.83,795.83,East
2025-05-29,Laptop Pro 15,Technology,5.0,1242.44,6212.2,South
2025-05-29,4K Ultra HD Monitor,Technology,1.0,355.06,355.06,West
2025-05-29,Printer Laser X,Office Supplies,1.0,298.57,298.57,North
2025-05-29,Business Backpack,Clothing,1.0,64.38,64.38,South
2025-05-30,Conference Room Table,Technology,5.0,782.14,3910.7,South
2025-05-30,Laptop Pro 15,Technology,1.0,1253.39,1253.39,North
2025-05-31,Filing Cabinet,Office Supplies,2.0,153.68,307.36,West
2025-06-01,Smartphone Ultra,Technology,1.0,878.44,878.44,South
2025-06-02,Winter Jacket,Clothing,1.0,110.22,110.22,South
2025-06-02,Formal Shirt,Clothing,1.0,43.81,43.81,East
2025-06-03,Conference Room Table,Furniture,4.0,753.08,3012.32,East
2025-06-03,Running Shoes,Clothing,2.0,91.16,182.32,South
2025-06-03,Executive Ergonomic Desk,Furniture,3.0,599.82,1799.46,North
2025-06-03,Winter Jacket,Clothing,2.0,106.64,213.28,East
2025-06-04,4K Ultra HD Monitor,Technology,1.0,332.6,332.6,West
2025-06-04,Laptop Pro 15,Technology,5.0,1128.86,5644.3,West
2025-06-05,Business Backpack,Clothing,1.0,60.91,60.91,West
2025-06-06,Business Backpack,Clothing,1.0,60.57,60.57,South
2025-06-06,Formal Shirt,Clothing,1.0,46.97,46.97,North
2025-06-06,Smartphone Ultra,Technology,4.0,888.22,3552.88,South
2025-06-07,Wireless Headphones,Technology,1.0,145.58,145.58,West
2025-06-08,Executive Ergonomic Desk,Furniture,2.0,531.1,1062.2,North
2025-06-08,4K Ultra HD Monitor,Technology,2.0,358.92,717.84,West
2025-06-08,Office Chair Pro,Furniture,2.0,281.95,563.9,North
2025-06-08,Smartphone Ultra,Technology,2.0,822.76,1645.52,South
2025-06-08,Wireless Headphones,Technology,4.0,146.77,587.08,West
2025-06-08,Laptop Pro 15,Technology,3.0,1111.71,3335.13,North
2025-06-09,Conference Room Table,Furniture,1.0,857.89,857.89,East
2025-06-09,Printer Laser X,Office Supplies,3.0,341.91,1025.73,East
2025-06-10,Winter Jacket,Clothing,1.0,107.43,107.43,South
2025-06-10,Office Chair Pro,Furniture,2.0,280.7,561.4,North
2025-06-10,Conference Room Table,Furniture,3.0,856.98,2570.94,East
2025-06-11,Executive Ergonomic Desk,Furniture,3.0,570.96,1712.88,East
2025-06-11,4K Ultra HD Monitor,Technology,1.0,367.93,367.93,South
2025-06-11,4K Ultra HD Monitor,Technology,4.0,380.68,1522.72,South
2025-06-11,Winter Jacket,Clothing,1.0,112.5,112.5,South
2025-06-12,Filing Cabinet,Office Supplies,1.0,143.07,143.07,South
2025-06-13,Coffee Maker,Appliances,3.0,169.43,508.29,North
2025-06-13,Conference Room Table,Furniture,3.0,760.32,2280.96,East
2025-06-13,Office Chair Pro,Furniture,6.0,295.92,1775.52,East
2025-06-14,Wireless Headphones,Technology,1.0,143.16,143.16,West
2025-06-14,Winter Jacket,Clothing,7.0,110.14,770.98,East
2025-06-14,Running Shoes,Clothing,1.0,101.8,101.8,West
2025-06-14,Printer Laser X,Office Supplies,4.0,339.97,1359.88,North
2025-06-14,Filing Cabinet,Office Supplies,1.0,154.63,154.63,North
2025-06-14,Printer Laser X,Office Supplies,3.0,329.84,989.52,North
2025-06-15,Filing Cabinet,Office Supplies,2.0,144.0,288.0,North
2025-06-15,Filing Cabinet,Office Supplies,5.0,148.97,744.85,West
2025-06-15,Formal Shirt,Clothing,3.0,44.17,132.51,East
2025-06-16,Business Backpack,Clothing,1.0,61.25,61.25,South
2025-06-16,Smartphone Ultra,Technology,2.0,782.75,1565.5,South
2025-06-16,Executive Ergonomic Desk,Furniture,3.0,598.61,1795.83,South
2025-06-16,Smartphone Ultra,Technology,2.0,809.32,1618.64,East
2025-06-16,Printer Laser X,Office Supplies,1.0,294.54,294.54,South
2025-06-17,Running Shoes,Clothing,6.0,93.72,562.32,North
2025-06-17,Printer Laser X,Office Supplies,7.0,325.52,2278.64,West
2025-06-17,Formal Shirt,Clothing,3.0,43.95,131.85,East
2025-06-17,Office Chair Pro,Furniture,3.0,267.49,802.47,South
2025-06-18,Formal Shirt,Clothing,2.0,47.77,95.54,North
2025-06-18,Smartphone Ultra,Technology,4.0,910.45,3641.8,North
2025-06-18,Office Chair Pro,Furniture,3.0,257.94,773.82,North
2025-06-18,Smartphone Ultra,Technology,2.0,859.9,1719.8,South
2025-06-18,Filing Cabinet,Office Supplies,2.0,156.01,312.02,East
2025-06-18,Office Chair Pro,Furniture,3.0,259.93,779.79,East
2025-06-18,Winter Jacket,Clothing,3.0,111.81,335.43,West
2025-06-18,4K Ultra HD Monitor,Technology,3.0,331.55,994.65,West
2025-06-19,Printer Laser X,Office Supplies,6.0,317.59,1905.54,South
2025-06-19,Winter Jacket,Clothing,3.0,109.49,328.47,West
2025-06-19,Running Shoes,Clothing,7.0,92.33,646.31,North
2025-06-19,Smartphone Ultra,Technology,3.0,884.87,2654.61,North
2025-06-20,Office Chair Pro,Furniture,3.0,285.7,857.1,South
2025-06-20,Executive Ergonomic Desk,Furniture,2.0,520.03,1040.06,South
2025-06-20,4K Ultra HD Monitor,Technology,1.0,356.86,356.86,East
2025-06-20,Smartphone Ultra,Technology,3.0,841.76,2525.2799999999997,West
2025-06-21,Premium Notebook,Office Supplies,2.0,16.85,33.7,East
2025-06-21,Coffee Maker,Appliances,2.0,171.39,342.78,West
2025-06-22,Smartphone Ultra,Technology,5.0,897.91,4489.55,East
2025-06-22,Conference Room Table,Furniture,1.0,800.26,800.26,West
2025-06-22,Wireless Headphones,Technology,2.0,132.36,264.72,North
2025-06-22,Printer Laser X,Office Supplies,5.0,329.71,1648.55,South
2025-06-22,Filing Cabinet,Office Supplies,2.0,160.44,320.88,South
2025-06-23,4K Ultra HD Monitor,Technology,1.0,338.34,338.34,South
2025-06-23,Coffee Maker,Appliances,4.0,185.63,742.52,North
2025-06-23,Filing Cabinet,Office Supplies,4.0,159.17,636.68,South
2025-06-24,Wireless Headphones,Technology,2.0,139.19,278.38,East
2025-06-24,Premium Notebook,Office Supplies,3.0,17.55,52.65,East
2025-06-24,Smartphone Ultra,Technology,4.0,836.24,3344.96,East
2025-06-24,Wireless Headphones,Technology,4.0,138.9,555.6,East
2025-06-25,4K Ultra HD Monitor,Technology,1.0,381.33,381.33,West
2025-06-25,Filing Cabinet,Office Supplies,1.0,141.43,141.43,East
2025-06-25,Smartphone Ultra,Technology,3.0,782.46,2347.38,South
2025-06-25,Office Chair Pro,Furniture,3.0,286.94,860.82,North
2025-06-25,Printer Laser X,Office Supplies,2.0,316.06,632.12,East
2025-06-25,Coffee Maker,Appliances,2.0,191.56,383.12,North
2025-06-26,Business Backpack,Clothing,2.0,65.62,131.24,South
2025-06-26,Formal Shirt,Clothing,1.0,46.42,46.42,West
2025-06-27,Office Chair Pro,Furniture,2.0,266.79,533.58,West
2025-06-27,Conference Room Table,Furniture,3.0,770.5,2311.5,North
2025-06-27,Conference Room Table,Furniture,1.0,788.84,788.84,North
2025-06-28,Formal Shirt,Clothing,5.0,44.94,224.7,East
2025-06-28,Laptop Pro 15,Technology,2.0,1206.98,2413.96,North
2025-06-28,Business Backpack,Clothing,1.0,66.75,66.75,West
2025-06-28,Business Backpack,Clothing,1.0,61.56,61.56,West
2025-06-28,Conference Room Table,Furniture,4.0,830.13,3320.52,West
2025-06-29,Printer Laser X,Office Supplies,4.0,329.52,1318.08,East
2025-06-29,Formal Shirt,Clothing,5.0,45.12,225.6,West
2025-06-29,Office Chair Pro,Furniture,4.0,263.97,1055.88,North
2025-06-30,Smartphone Ultra,Technology,3.0,844.47,2533.41,West
2025-07-01,4K Ultra HD Monitor,Technology,1.0,361.81,361.81,West
2025-07-01,Office Chair Pro,Furniture,4.0,273.38,1093.52,North
2025-07-01,Office Chair Pro,Furniture,4.0,260.92,1043.68,East
2025-07-01,Conference Room Table,Furniture,3.0,738.27,2214.81,West
2025-07-01,Wireless Headphones,Technology,3.0,149.31,447.93,South
2025-07-01,Laptop Pro 15,Technology,2.0,1274.41,2548.82,West
2025-07-02,Smartphone Ultra,Technology,4.0,785.76,3143.04,West
2025-07-02,Winter Jacket,Clothing,1.0,110.62,110.62,West
2025-07-02,Premium Notebook,Office Supplies,3.0,19.34,58.02,North
2025-07-03,Premium Notebook,Office Supplies,1.0,17.69,17.69,West
2025-07-03,Business Backpack,Clothing,3.0,61.65,184.95,West
2025-07-04,Premium Notebook,Office Supplies,3.0,16.69,50.07,West
2025-07-04,Wireless Headphones,Technology,1.0,141.79,141.79,West
2025-07-04,Laptop Pro 15,Technology,1.0,1205.29,1205.29,East
2025-07-04,Printer Laser X,Office Supplies,3.0,313.9,941.7,West
2025-07-04,Printer Laser X,Office Supplies,2.0,325.65,651.3,South
2025-07-04,Business Backpack,Clothing,5.0,62.45,312.25,South
2025-07-05,4K Ultra HD Monitor,Technology,3.0,363.65,1090.95,West
2025-07-05,Filing Cabinet,Office Supplies,3.0,145.29,435.87,South
2025-07-05,Office Chair Pro,Furniture,3.0,293.21,879.63,West
2025-07-05,Filing Cabinet,Office Supplies,2.0,154.53,309.06,East
2025-07-05,4K Ultra HD Monitor,Technology,1.0,365.47,365.47,East
2025-07-05,Winter Jacket,Clothing,4.0,112.7,450.8,West
2025-07-06,4K Ultra HD Monitor,Technology,4.0,350.67,1402.68,East
2025-07-06,4K Ultra HD Monitor,Technology,3.0,337.6,1012.8,North
2025-07-06,Business Backpack,Clothing,3.0,59.98,179.94,North
2025-07-07,Office Chair Pro,Furniture,3.0,265.76,797.28,North
2025-07-07,Wireless Headphones,Technology,2.0,136.19,272.38,East
2025-07-07,Office Chair Pro,Furniture,2.0,272.62,545.24,South
2025-07-07,Running Shoes,Clothing,4.0,98.16,392.64,West
2025-07-07,Laptop Pro 15,Technology,4.0,1180.06,4720.24,West
2025-07-08,Filing Cabinet,Office Supplies,1.0,149.44,149.44,East
2025-07-08,Premium Notebook,Office Supplies,1.0,19.38,19.38,West
2025-07-08,Wireless Headphones,Technology,3.0,140.06,420.18,North
2025-07-08,Laptop Pro 15,Technology,1.0,1156.36,1156.36,North
2025-07-08,4K Ultra HD Monitor,Technology,2.0,337.89,675.78,North
2025-07-08,Filing Cabinet,Office Supplies,3.0,147.11,441.33,South
2025-07-10,Executive Ergonomic Desk,Furniture,4.0,515.86,2063.44,North
2025-07-10,4K Ultra HD Monitor,Technology,2.0,378.08,756.16,East
2025-07-10,Printer Laser X,Office Supplies,1.0,309.96,309.96,North
2025-07-10,Formal Shirt,Clothing,3.0,41.66,124.98,West
2025-07-11,Office Chair Pro,Furniture,3.0,264.05,792.15,East
2025-07-11,Laptop Pro 15,Technology,1.0,1258.01,1258.01,West
2025-07-11,Executive Ergonomic Desk,Furniture,2.0,574.48,1148.96,South
2025-07-12,Printer Laser X,Office Supplies,3.0,324.61,973.83,East
2025-07-12,Smartphone Ultra,Technology,1.0,790.19,790.19,West
2025-07-12,Executive Ergonomic Desk,Furniture,2.0,522.88,1045.76,North
2025-07-12,Laptop Pro 15,Technology,2.0,1174.19,2348.38,East
2025-07-13,Filing Cabinet,Office Supplies,1.0,138.33,138.33,South
2025-07-13,Smartphone Ultra,Technology,1.0,891.48,891.48,South
2025-07-13,Conference Room Table,Furniture,1.0,766.11,766.11,South
2025-07-13,Filing Cabinet,Office Supplies,1.0,138.36,138.36,West
2025-07-13,Premium Notebook,Office Supplies,3.0,17.14,51.42,South
2025-07-14,4K Ultra HD Monitor,Technology,4.0,340.69,1362.76,North
2025-07-14,Coffee Maker,Appliances,2.0,167.55,335.1,North
2025-07-15,Office Chair Pro,Furniture,4.0,264.52,1058.08,North
2025-07-15,Executive Ergonomic Desk,Furniture,3.0,523.23,1569.69,West
2025-07-15,Running Shoes,Clothing,3.0,91.34,274.02,South
2025-07-16,Laptop Pro 15,Technology,1.0,1137.0,1137.0,West
2025-07-17,Smartphone Ultra,Technology,2.0,869.24,1738.48,East
2025-07-17,Running Shoes,Clothing,3.0,92.61,277.83,North
2025-07-18,4K Ultra HD Monitor,Technology,4.0,348.0,1392.0,West
2025-07-18,Smartphone Ultra,Technology,1.0,795.62,795.62,West
2025-07-19,Printer Laser X,Office Supplies,1.0,342.72,342.72,North
2025-07-19,Business Backpack,Clothing,1.0,60.32,60.32,West
2025-07-19,Office Chair Pro,Furniture,2.0,293.28,586.56,South
2025-07-19,4K Ultra HD Monitor,Technology,1.0,362.05,362.05,South
2025-07-20,Smartphone Ultra,Technology,5.0,894.52,4472.6,East
2025-07-20,Executive Ergonomic Desk,Furniture,2.0,585.21,1170.42,West
2025-07-20,Winter Jacket,Clothing,1.0,101.32,101.32,East
2025-07-20,Executive Ergonomic Desk,Furniture,3.0,524.0,1572.0,East
2025-07-20,Business Backpack,Clothing,4.0,69.77,279.08,West
2025-07-20,Laptop Pro 15,Technology,3.0,1271.16,3813.48,North
2025-07-20,Premium Notebook,Office Supplies,1.0,19.35,19.35,North
2025-07-20,Office Chair Pro,Furniture,1.0,275.26,275.26,North
2025-07-21,Winter Jacket,Technology,3.0,114.65,343.95,West
2025-07-21,Business Backpack,Clothing,1.0,64.89,64.89,North
2025-07-22,Premium Notebook,Office Supplies,1.0,16.6,16.6,East
2025-07-22,4K Ultra HD Monitor,Technology,1.0,334.15,334.15,West
2025-07-22,Premium Notebook,Office Supplies,2.0,17.91,35.82,West
2025-07-23,Office Chair Pro,Furniture,1.0,281.25,281.25,South
2025-07-23,Premium Notebook,Office Supplies,1.0,16.74,16.74,North
2025-07-23,Business Backpack,Clothing,1.0,61.33,61.33,North
2025-07-24,Smartphone Ultra,Technology,2.0,819.56,1639.12,West
2025-07-24,Winter Jacket,Clothing,2.0,105.91,211.82,North
2025-07-24,Formal Shirt,Clothing,2.0,43.24,86.48,North
2025-07-24,Printer Laser X,Office Supplies,2.0,343.29,686.58,North
2025-07-25,Wireless Headphones,Technology,4.0,144.37,577.48,East
2025-07-25,Formal Shirt,Clothing,1.0,47.67,47.67,North
2025-07-25,4K Ultra HD Monitor,Technology,1.0,385.49,385.49,South
2025-07-25,Running Shoes,Clothing,3.0,90.33,270.99,West
2025-07-26,Premium Notebook,Office Supplies,1.0,17.62,17.62,East
2025-07-26,Executive Ergonomic Desk,Furniture,1.0,549.05,549.05,West
2025-07-27,Premium Notebook,Office Supplies,3.0,17.0,51.0,South
2025-07-27,4K Ultra HD Monitor,Technology,3.0,358.12,1074.36,East
2025-07-27,Wireless Headphones,Technology,1.0,141.96,141.96,South
2025-07-27,Executive Ergonomic Desk,Furniture,2.0,562.38,1124.76,South
2025-07-27,4K Ultra HD Monitor,Technology,3.0,375.18,1125.54,South
2025-07-27,Printer Laser X,Office Supplies,4.0,320.3,1281.2,North
2025-07-27,4K Ultra HD Monitor,Technology,2.0,386.05,772.1,East
2025-07-28,Premium Notebook,Office Supplies,3.0,18.82,56.46,North
2025-07-28,Formal Shirt,Clothing,3.0,45.17,135.51,West
2025-07-29,Premium Notebook,Office Supplies,3.0,17.4,52.2,North
2025-07-30,Business Backpack,Clothing,6.0,68.08,408.48,South
2025-07-30,Printer Laser X,Office Supplies,2.0,297.01,594.02,South
2025-07-30,4K Ultra HD Monitor,Technology,7.0,357.86,2505.02,West
2025-07-30,4K Ultra HD Monitor,Technology,1.0,344.1,344.1,East
2025-07-30,Executive Ergonomic Desk,Furniture,4.0,586.05,2344.2,North
2025-07-30,Winter Jacket,Clothing,5.0,107.33,536.65,East
2025-07-30,Running Shoes,Clothing,2.0,100.31,200.62,South
2025-07-30,4K Ultra HD Monitor,Technology,5.0,376.85,1884.25,South
2025-07-30,Winter Jacket,Clothing,1.0,114.94,114.94,South
2025-07-31,Business Backpack,Clothing,3.0,65.92,197.76,West
2025-08-01,Wireless Headphones,Technology,2.0,135.43,270.86,West
2025-08-01,Premium Notebook,Office Supplies,3.0,18.07,54.21,North
2025-08-01,Business Backpack,Clothing,6.0,63.74,382.44,West
2025-08-01,4K Ultra HD Monitor,Technology,4.0,371.67,1486.68,West
2025-08-01,Coffee Maker,Appliances,4.0,186.64,746.56,West
2025-08-01,Printer Laser X,Office Supplies,1.0,329.24,329.24,North
2025-08-01,Business Backpack,Clothing,1.0,63.57,63.57,West
2025-08-02,Smartphone Ultra,Technology,2.0,910.68,1821.36,North
2025-08-02,Conference Room Table,Furniture,2.0,857.37,1714.74,North
2025-08-02,Wireless Headphones,Technology,3.0,136.89,410.67,East
2025-08-02,Executive Ergonomic Desk,Furniture,4.0,577.66,2310.64,North
2025-08-03,Office Chair Pro,Furniture,1.0,259.89,259.89,East
2025-08-03,Conference Room Table,Furniture,7.0,761.12,5327.84,South
2025-08-03,Conference Room Table,Furniture,1.0,849.04,849.04,East
2025-08-04,Printer Laser X,Office Supplies,1.0,344.59,344.59,East
2025-08-04,Running Shoes,Clothing,3.0,95.02,285.06,East
2025-08-04,Wireless Headphones,Technology,4.0,143.59,574.36,South
2025-08-04,Filing Cabinet,Office Supplies,3.0,142.33,426.99,North
2025-08-05,Wireless Headphones,Technology,1.0,150.58,150.58,North
2025-08-05,Business Backpack,Clothing,1.0,66.25,66.25,South
2025-08-05,Printer Laser X,Office Supplies,3.0,331.57,994.71,North
2025-08-05,Office Chair Pro,Furniture,2.0,276.46,552.92,North
2025-08-06,Wireless Headphones,Technology,1.0,132.87,132.87,East
2025-08-06,Executive Ergonomic Desk,Furniture,3.0,592.46,1777.38,South
2025-08-06,Wireless Headphones,Technology,5.0,149.6,748.0,East
2025-08-06,Wireless Headphones,Technology,5.0,145.79,728.95,East
2025-08-06,Winter Jacket,Clothing,3.0,105.63,316.89,South
2025-08-06,Laptop Pro 15,Technology,7.0,1242.97,8700.79,West
2025-08-06,Printer Laser X,Office Supplies,2.0,299.97,599.94,West
2025-08-06,Running Shoes,Clothing,5.0,101.09,505.45,South
2025-08-07,Formal Shirt,Clothing,1.0,47.85,47.85,West
2025-08-07,Executive Ergonomic Desk,Furniture,2.0,571.65,1143.3,South
2025-08-07,Business Backpack,Clothing,1.0,66.26,66.26,North
2025-08-07,Premium Notebook,Office Supplies,3.0,17.76,53.28,South
2025-08-08,Formal Shirt,Clothing,4.0,44.49,177.96,North
2025-08-08,Printer Laser X,Office Supplies,1.0,325.01,325.01,North
2025-08-08,Printer Laser X,Office Supplies,1.0,326.69,326.69,South
2025-08-09,Filing Cabinet,Office Supplies,3.0,138.15,414.45,North
2025-08-09,Premium Notebook,Office Supplies,1.0,18.56,18.56,West
2025-08-09,Filing Cabinet,Office Supplies,2.0,139.05,278.1,South
2025-08-09,Premium Notebook,Office Supplies,2.0,19.01,38.02,North
2025-08-09,Office Chair Pro,Furniture,1.0,284.41,284.41,South
2025-08-09,Wireless Headphones,Technology,3.0,131.73,395.19,North
2025-08-10,Smartphone Ultra,Technology,1.0,908.84,908.84,West
2025-08-10,Wireless Headphones,Technology,5.0,137.53,687.65,South
2025-08-10,Premium Notebook,Office Supplies,2.0,19.0,38.0,West
2025-08-10,Running Shoes,Clothing,5.0,100.51,502.55,North
2025-08-10,Filing Cabinet,Office Supplies,2.0,144.38,288.76,East
2025-08-10,4K Ultra HD Monitor,Technology,2.0,337.35,674.7,North
2025-08-10,Laptop Pro 15,Technology,2.0,1154.5,2309.0,North
2025-08-10,4K Ultra HD Monitor,Technology,1.0,367.98,367.98,South
2025-08-10,Smartphone Ultra,Technology,2.0,865.87,1731.74,North
2025-08-10,Smartphone Ultra,Technology,1.0,914.96,914.96,North
2025-08-11,Premium Notebook,Office Supplies,1.0,18.99,18.99,North
2025-08-11,4K Ultra HD Monitor,Technology,3.0,357.45,1072.35,South
2025-08-11,Premium Notebook,Office Supplies,2.0,17.52,35.04,North
2025-08-11,Wireless Headphones,Technology,3.0,134.33,402.99,West
2025-08-11,Printer Laser X,Office Supplies,2.0,343.21,686.42,East
2025-08-11,Conference Room Table,Furniture,1.0,780.51,780.51,South
2025-08-12,Running Shoes,Clothing,2.0,96.98,193.96,West
2025-08-12,Printer Laser X,Office Supplies,3.0,299.98,899.94,North
2025-08-13,Executive Ergonomic Desk,Furniture,3.0,557.41,1672.23,South
2025-08-13,Smartphone Ultra,Technology,1.0,873.51,873.51,East
2025-08-13,Filing Cabinet,Office Supplies,1.0,158.82,158.82,North
2025-08-14,Wireless Headphones,Technology,2.0,149.29,298.58,West
2025-08-14,Filing Cabinet,Office Supplies,4.0,138.69,554.76,North
2025-08-14,Executive Ergonomic Desk,Furniture,3.0,596.69,1790.07,West
2025-08-15,Wireless Headphones,Technology,2.0,132.19,264.38,North
2025-08-15,Wireless Headphones,Technology,2.0,137.27,274.54,East
2025-08-15,Winter Jacket,Clothing,2.0,118.48,236.96,East
2025-08-15,Executive Ergonomic Desk,Furniture,3.0,565.86,1697.58,North
2025-08-15,Wireless Headphones,Technology,3.0,129.47,388.41,West
2025-08-15,Running Shoes,Clothing,2.0,97.71,195.42,East
2025-08-15,Executive Ergonomic Desk,Furniture,3.0,519.01,1557.03,South
2025-08-15,Printer Laser X,Office Supplies,4.0,297.81,1191.24,South
2025-08-15,Wireless Headphones,Technology,1.0,141.97,141.97,South
2025-08-16,Formal Shirt,Clothing,2.0,46.75,93.5,North
2025-08-16,Formal Shirt,Clothing,3.0,48.02,144.06,North
2025-08-16,Winter Jacket,Clothing,1.0,106.75,106.75,North
2025-08-16,Premium Notebook,Technology,2.0,19.18,38.36,East
2025-08-16,Office Chair Pro,Furniture,1.0,259.94,259.94,South
2025-08-16,Smartphone Ultra,Technology,1.0,832.77,832.77,South
2025-08-17,Business Backpack,Clothing,1.0,69.57,69.57,East
2025-08-17,Printer Laser X,Office Supplies,2.0,302.58,605.16,South
2025-08-17,Laptop Pro 15,Technology,1.0,1173.34,1173.34,South
2025-08-17,Running Shoes,Clothing,2.0,95.19,95.19,East
2025-08-17,Wireless Headphones,Technology,1.0,141.01,141.01,East
2025-08-17,Business Backpack,Clothing,2.0,61.18,122.36,East
2025-08-18,Formal Shirt,Clothing,2.0,44.38,88.76,South
2025-08-18,Premium Notebook,Office Supplies,1.0,16.75,16.75,North
2025-08-19,Formal Shirt,Clothing,3.0,46.0,138.0,South
2025-08-19,Office Chair Pro,Furniture,2.0,278.88,557.76,East
2025-08-20,Laptop Pro 15,Technology,4.0,1227.62,4910.48,West
2025-08-20,Office Chair Pro,Furniture,3.0,298.65,895.95,North
2025-08-20,Formal Shirt,Clothing,3.0,42.87,128.61,South
2025-08-20,Running Shoes,Clothing,5.0,90.37,451.85,South
2025-08-20,Conference Room Table,Furniture,4.0,784.1,3136.4,East
2025-08-21,Laptop Pro 15,Technology,4.0,1253.15,5012.6,South
2025-08-21,Wireless Headphones,Technology,3.0,142.78,428.34,North
2025-08-21,Formal Shirt,Clothing,2.0,43.6,87.2,South
2025-08-21,Laptop Pro 15,Technology,1.0,1136.56,1136.56,North
2025-08-21,Filing Cabinet,Office Supplies,2.0,159.47,318.94,East
2025-08-21,Filing Cabinet,Office Supplies,3.0,143.97,431.91,South
2025-08-21,Running Shoes,Clothing,2.0,98.96,197.92,West
2025-08-21,Smartphone Ultra,Technology,2.0,914.46,1828.92,South
2025-08-21,Office Chair Pro,Furniture,3.0,269.39,808.17,South
2025-08-23,Winter Jacket,Clothing,2.0,103.31,206.62,North
2025-08-23,Formal Shirt,Clothing,1.0,44.45,44.45,North
2025-08-23,Business Backpack,Clothing,2.0,61.27,122.54,South
2025-08-23,Printer Laser X,Technology,3.0,309.8,929.4,North
2025-08-23,4K Ultra HD Monitor,Technology,3.0,388.0,1164.0,West
2025-08-24,4K Ultra HD Monitor,Technology,1.0,380.34,380.34,South
2025-08-24,Laptop Pro 15,Technology,1.0,1173.93,1173.93,North
2025-08-24,Laptop Pro 15,Technology,2.0,1121.33,2242.66,North
2025-08-24,Premium Notebook,Office Supplies,3.0,19.01,57.03,East
2025-08-24,Filing Cabinet,Office Supplies,2.0,160.02,320.04,West
2025-08-25,Conference Room Table,Furniture,1.0,756.97,756.97,East
2025-08-25,Running Shoes,Clothing,1.0,96.48,96.48,South
2025-08-26,4K Ultra HD Monitor,Technology,1.0,338.87,338.87,North
2025-08-26,Printer Laser X,Technology,1.0,325.58,325.58,East
2025-08-26,Office Chair Pro,Furniture,1.0,294.42,294.42,East
2025-08-26,Smartphone Ultra,Technology,1.0,862.45,862.45,East
2025-08-26,Business Backpack,Clothing,2.0,67.81,135.62,West
2025-08-26,Printer Laser X,Office Supplies,1.0,326.25,326.25,East
2025-08-26,Winter Jacket,Clothing,5.0,105.24,526.2,South
2025-08-27,4K Ultra HD Monitor,Technology,3.0,378.26,1134.78,North
2025-08-27,Filing Cabinet,Office Supplies,1.0,143.44,143.44,West
2025-08-27,Formal Shirt,Clothing,3.0,47.63,142.89,South
2025-08-27,Office Chair Pro,Furniture,2.0,266.25,532.5,West
2025-08-27,Printer Laser X,Office Supplies,3.0,318.95,956.85,South
2025-08-27,4K Ultra HD Monitor,Technology,4.0,334.43,1337.72,South
2025-08-27,Winter Jacket,Clothing,2.0,112.68,225.36,North
2025-08-28,Office Chair Pro,Furniture,3.0,294.84,884.52,South
2025-08-28,Premium Notebook,Office Supplies,1.0,18.79,18.79,North
2025-08-28,Business Backpack,Clothing,1.0,62.63,62.63,East
2025-08-28,Formal Shirt,Clothing,1.0,44.44,44.44,South
2025-08-28,Wireless Headphones,Technology,2.0,142.64,285.28,North
2025-08-29,Smartphone Ultra,Technology,2.0,895.59,1791.18,North
2025-08-29,Smartphone Ultra,Technology,4.0,813.01,3252.04,North
2025-08-29,Wireless Headphones,Technology,1.0,142.21,142.21,South
2025-08-29,Wireless Headphones,Technology,1.0,134.01,134.01,West
2025-08-30,Running Shoes,Clothing,2.0,100.12,200.24,North
2025-08-30,Office Chair Pro,Furniture,2.0,268.78,537.56,South
2025-08-30,Laptop Pro 15,Technology,1.0,1248.57,1248.57,West
2025-08-31,Filing Cabinet,Office Supplies,1.0,152.09,152.09,North
2025-09-01,4K Ultra HD Monitor,Technology,2.0,369.99,739.98,East
2025-09-01,Wireless Headphones,Technology,1.0,132.9,132.9,North
2025-09-01,Laptop Pro 15,Technology,1.0,1176.26,1176.26,West
2025-09-01,Wireless Headphones,Technology,1.0,143.19,143.19,North
2025-09-01,4K Ultra HD Monitor,Technology,5.0,345.04,1725.2,East
2025-09-01,Coffee Maker,Appliances,1.0,167.33,167.33,West
2025-09-02,Office Chair Pro,Furniture,1.0,281.95,281.95,North
2025-09-02,Wireless Headphones,Technology,3.0,149.06,447.18,South
2025-09-02,Printer Laser X,Office Supplies,4.0,337.2,1348.8,West
2025-09-02,Executive Ergonomic Desk,Furniture,2.0,556.46,1112.92,East
2025-09-03,Laptop Pro 15,Technology,1.0,1182.37,1182.37,East
2025-09-03,Filing Cabinet,Office Supplies,2.0,153.34,306.68,West
2025-09-04,Business Backpack,Clothing,1.0,64.96,64.96,North
2025-09-04,4K Ultra HD Monitor,Technology,1.0,375.01,375.01,South
2025-09-05,Wireless Headphones,Technology,2.0,132.97,265.94,South
2025-09-05,Business Backpack,Clothing,3.0,67.42,202.26,South
2025-09-05,Wireless Headphones,Technology,3.0,137.37,412.11,North
2025-09-05,Winter Jacket,Clothing,1.0,103.48,103.48,South
2025-09-05,Filing Cabinet,Office Supplies,2.0,147.87,295.74,East
2025-09-05,Laptop Pro 15,Technology,2.0,1168.71,2337.42,East
2025-09-06,Wireless Headphones,Technology,1.0,148.34,148.34,North
2025-09-06,Executive Ergonomic Desk,Furniture,5.0,557.94,2789.7,West
2025-09-06,Formal Shirt,Clothing,4.0,48.39,193.56,East
2025-09-06,Formal Shirt,Clothing,3.0,44.94,134.82,North
2025-09-07,Smartphone Ultra,Technology,1.0,858.09,858.09,East
2025-09-07,Filing Cabinet,Office Supplies,1.0,160.92,160.92,North
2025-09-07,Smartphone Ultra,Technology,2.0,917.86,1835.72,South
2025-09-07,Smartphone Ultra,Technology,3.0,790.07,2370.21,North
2025-09-07,Premium Notebook,Office Supplies,3.0,17.19,51.57,West
2025-09-08,Printer Laser X,Office Supplies,3.0,343.92,1031.76,East
2025-09-08,Laptop Pro 15,Technology,1.0,1138.13,1138.13,South
2025-09-08,Business Backpack,Clothing,3.0,66.6,199.8,West
2025-09-09,Premium Notebook,Office Supplies,1.0,16.94,16.94,East
2025-09-09,Formal Shirt,Clothing,4.0,47.09,188.36,North
2025-09-09,Conference Room Table,Furniture,3.0,849.77,2549.31,North
2025-09-09,Smartphone Ultra,Technology,5.0,835.75,4178.75,East
2025-09-09,4K Ultra HD Monitor,Technology,2.0,370.64,741.28,South
2025-09-09,Premium Notebook,Office Supplies,2.0,18.74,37.48,North
2025-09-10,Premium Notebook,Office Supplies,4.0,17.14,68.56,West
2025-09-10,Printer Laser X,Office Supplies,3.0,324.71,974.13,East
2025-09-11,Smartphone Ultra,Technology,4.0,826.7,3306.8,West
2025-09-11,Printer Laser X,Office Supplies,2.0,337.48,674.96,North
2025-09-11,Smartphone Ultra,Technology,4.0,836.98,3347.92,East
2025-09-11,Running Shoes,Clothing,2.0,99.4,198.8,South
2025-09-11,Office Chair Pro,Furniture,3.0,300.82,902.46,North
2025-09-12,Smartphone Ultra,Technology,1.0,831.32,831.32,North
2025-09-12,Wireless Headphones,Technology,2.0,142.46,284.92,East
2025-09-12,Coffee Maker,Appliances,4.0,170.42,681.68,West
2025-09-12,Executive Ergonomic Desk,Furniture,3.0,563.06,1689.18,West
2025-09-13,Smartphone Ultra,Technology,3.0,881.34,2644.02,North
2025-09-13,Premium Notebook,Office Supplies,1.0,17.45,17.45,West
2025-09-13,Filing Cabinet,Office Supplies,3.0,140.57,421.71,North
2025-09-13,Conference Room Table,Furniture,2.0,858.44,1716.88,West
2025-09-13,Conference Room Table,Furniture,1.0,797.53,797.53,North
2025-09-13,Printer Laser X,Office Supplies,3.0,305.82,917.46,South
2025-09-13,4K Ultra HD Monitor,Technology,3.0,340.67,1022.01,North
2025-09-14,Coffee Maker,Appliances,1.0,192.8,192.8,South
2025-09-14,Wireless Headphones,Technology,1.0,139.73,139.73,South
2025-09-14,Office Chair Pro,Furniture,2.0,257.94,515.88,South
2025-09-15,Business Backpack,Clothing,3.0,65.83,197.49,West
2025-09-15,Laptop Pro 15,Technology,1.0,1189.11,1189.11,North
2025-09-16,Running Shoes,Clothing,1.0,91.6,91.6,East
2025-09-16,Conference Room Table,Furniture,3.0,847.8,2543.4,North
2025-09-16,Filing Cabinet,Office Supplies,2.0,155.33,310.66,West
2025-09-18,4K Ultra HD Monitor,Technology,2.0,348.04,696.08,North
2025-09-18,Filing Cabinet,Office Supplies,3.0,142.62,427.86,North
2025-09-18,Formal Shirt,Clothing,2.0,42.24,84.48,North
2025-09-19,Smartphone Ultra,Technology,1.0,815.29,815.29,East
2025-09-19,Running Shoes,Clothing,2.0,99.43,198.86,East
2025-09-19,Smartphone Ultra,Technology,2.0,895.78,1791.56,North
2025-09-19,Wireless Headphones,Technology,6.0,151.08,906.48,West
2025-09-19,Smartphone Ultra,Technology,4.0,872.84,3491.36,South
2025-09-20,Winter Jacket,Clothing,1.0,118.51,118.51,East
2025-09-20,Smartphone Ultra,Technology,3.0,803.74,2411.22,South
2025-09-21,Smartphone Ultra,Technology,1.0,858.25,858.25,North
2025-09-21,Laptop Pro 15,Technology,1.0,1274.62,1274.62,North
2025-09-21,Office Chair Pro,Furniture,3.0,300.5,901.5,North
2025-09-21,Formal Shirt,Clothing,3.0,44.14,132.42,West
2025-09-22,4K Ultra HD Monitor,Technology,1.0,380.52,380.52,North
2025-09-22,Office Chair Pro,Furniture,2.0,286.0,572.0,South
2025-09-22,Wireless Headphones,Technology,4.0,130.98,523.92,East
2025-09-23,Wireless Headphones,Technology,3.0,144.04,432.12,North
2025-09-24,Winter Jacket,Clothing,2.0,117.81,235.62,East
2025-09-24,Laptop Pro 15,Technology,3.0,1174.12,3522.36,North
2025-09-24,Executive Ergonomic Desk,Furniture,3.0,522.05,1566.15,North
2025-09-24,Business Backpack,Clothing,4.0,68.44,273.76,North
2025-09-24,Premium Notebook,Office Supplies,4.0,16.81,67.24,North
2025-09-24,Executive Ergonomic Desk,Furniture,1.0,542.24,542.24,North
2025-09-25,Filing Cabinet,Technology,5.0,155.65,778.25,East
2025-09-26,Executive Ergonomic Desk,Furniture,4.0,570.16,2280.64,North
2025-09-27,Smartphone Ultra,Technology,3.0,838.2,2514.6,South
2025-09-27,Office Chair Pro,Furniture,1.0,258.59,258.59,South
2025-09-28,Laptop Pro 15,Technology,1.0,1239.38,1239.38,East
2025-09-28,Laptop Pro 15,Technology,3.0,1111.82,3335.46,North
2025-09-28,Premium Notebook,Office Supplies,3.0,18.54,55.62,West
2025-09-28,Printer Laser X,Office Supplies,1.0,312.28,312.28,North
2025-09-28,Premium Notebook,Office Supplies,5.0,18.74,93.7,North
2025-09-29,Business Backpack,Clothing,4.0,66.75,267.0,East
2025-09-30,Business Backpack,Clothing,1.0,61.01,61.01,West
2025-09-30,Winter Jacket,Clothing,2.0,115.21,230.42,North
2025-09-30,Wireless Headphones,Technology,2.0,131.04,262.08,South
2025-10-01,Coffee Maker,Appliances,4.0,175.38,701.52,West
2025-10-01,Laptop Pro 15,Technology,2.0,1143.58,2287.16,North
2025-10-02,Coffee Maker,Appliances,1.0,185.55,185.55,North
2025-10-03,Running Shoes,Clothing,4.0,89.55,358.2,North
2025-10-03,Business Backpack,Clothing,2.0,65.76,131.52,South
2025-10-03,Wireless Headphones,Technology,1.0,142.15,142.15,North
2025-10-04,Wireless Headphones,Technology,1.0,143.44,143.44,North
2025-10-05,Filing Cabinet,Office Supplies,1.0,153.38,153.38,East
2025-10-05,4K Ultra HD Monitor,Technology,4.0,377.83,1511.32,West
2025-10-06,Executive Ergonomic Desk,Furniture,3.0,558.99,1676.97,East
2025-10-07,Business Backpack,Clothing,3.0,62.2,186.6,North
2025-10-08,Premium Notebook,Office Supplies,2.0,17.63,35.26,West
2025-10-08,Premium Notebook,Office Supplies,3.0,17.55,52.65,West
2025-10-09,Winter Jacket,Clothing,1.0,101.27,101.27,South
2025-10-09,Wireless Headphones,Technology,3.0,137.8,413.4,East
2025-10-10,Smartphone Ultra,Technology,3.0,870.2,2610.6,North
2025-10-10,Laptop Pro 15,Technology,1.0,1215.17,1215.17,North
2025-10-11,Conference Room Table,Furniture,2.0,770.67,1541.34,South
2025-10-11,Office Chair Pro,Furniture,3.0,296.37,889.11,South
2025-10-11,Filing Cabinet,Office Supplies,1.0,146.96,146.96,North
2025-10-12,Laptop Pro 15,Technology,2.0,1293.28,2586.56,North
2025-10-12,Printer Laser X,Office Supplies,1.0,298.44,298.44,North
2025-10-13,Winter Jacket,Clothing,2.0,118.3,236.6,West
2025-10-13,Laptop Pro 15,Technology,2.0,1128.99,2257.98,East
2025-10-14,Coffee Maker,Appliances,2.0,182.96,365.92,West
2025-10-15,Printer Laser X,Office Supplies,1.0,302.87,302.87,East
2025-10-15,Business Backpack,Clothing,2.0,62.94,125.88,East
2025-10-15,Formal Shirt,Clothing,1.0,42.82,42.82,South
2025-10-15,Smartphone Ultra,Technology,2.0,802.33,1604.66,South
2025-10-16,Smartphone Ultra,Technology,5.0,874.17,4370.85,East
2025-10-16,Smartphone Ultra,Technology,1.0,917.2,917.2,North
2025-10-16,Conference Room Table,Furniture,3.0,788.44,2365.32,East
2025-10-16,Wireless Headphones,Technology,3.0,145.84,437.52,South
2025-10-16,Smartphone Ultra,Technology,4.0,917.53,3670.12,East
2025-10-17,Printer Laser X,Office Supplies,2.0,324.05,648.1,West
2025-10-17,Business Backpack,Clothing,3.0,62.77,188.31,North
2025-10-17,Wireless Headphones,Technology,1.0,131.02,131.02,West
2025-10-17,Office Chair Pro,Furniture,1.0,258.59,258.59,North
2025-10-17,Premium Notebook,Office Supplies,3.0,18.39,55.17,South
2025-10-18,Formal Shirt,Clothing,2.0,41.62,83.24,East
2025-10-18,Office Chair Pro,Furniture,4.0,263.09,1052.36,North
2025-10-18,Conference Room Table,Furniture,3.0,737.9,2213.7,North
2025-10-18,Office Chair Pro,Furniture,2.0,264.3,528.6,East
2025-10-18,Running Shoes,Clothing,4.0,95.16,380.64,East
2025-10-19,Running Shoes,Clothing,3.0,92.98,278.94,North
2025-10-19,Smartphone Ultra,Technology,4.0,844.64,3378.56,East
2025-10-19,Laptop Pro 15,Technology,1.0,1146.28,1146.28,West
2025-10-20,Office Chair Pro,Furniture,2.0,286.88,573.76,East
2025-10-20,4K Ultra HD Monitor,Technology,2.0,339.39,678.78,North
2025-10-20,Smartphone Ultra,Technology,2.0,833.71,1667.42,North
2025-10-21,Coffee Maker,Appliances,4.0,166.14,664.56,North
2025-10-21,Smartphone Ultra,Technology,1.0,847.18,847.18,East
2025-10-21,4K Ultra HD Monitor,Technology,1.0,365.47,365.47,East
2025-10-21,Office Chair Pro,Furniture,1.0,293.56,293.56,North
2025-10-21,Wireless Headphones,Technology,3.0,149.81,449.43,East
2025-10-21,Running Shoes,Clothing,4.0,98.76,395.04,West
2025-10-22,Wireless Headphones,Technology,1.0,137.66,137.66,West
2025-10-23,Conference Room Table,Furniture,1.0,819.35,819.35,North
2025-10-23,Filing Cabinet,Office Supplies,1.0,157.02,157.02,North
2025-10-23,Office Chair Pro,Furniture,1.0,283.93,283.93,South
2025-10-23,Business Backpack,Clothing,1.0,66.23,66.23,West
2025-10-24,Winter Jacket,Clothing,2.0,112.55,225.1,East
2025-10-24,Laptop Pro 15,Technology,5.0,1270.99,6354.95,West
2025-10-24,Laptop Pro 15,Technology,4.0,1243.14,4972.56,South
2025-10-24,Premium Notebook,Office Supplies,1.0,16.9,16.9,East
2025-10-24,4K Ultra HD Monitor,Technology,1.0,366.31,366.31,South
2025-10-24,Premium Notebook,Office Supplies,1.0,17.06,17.06,West
2025-10-24,Wireless Headphones,Technology,3.0,136.96,410.88,North
2025-10-24,Premium Notebook,Office Supplies,5.0,17.48,87.4,East
2025-10-25,Laptop Pro 15,Technology,1.0,1208.0,1208.0,South
2025-10-25,Smartphone Ultra,Technology,2.0,811.96,1623.92,South
2025-10-25,Filing Cabinet,Office Supplies,1.0,148.72,148.72,North
2025-10-26,Business Backpack,Clothing,4.0,61.35,245.4,South
2025-10-26,Printer Laser X,Office Supplies,1.0,304.88,304.88,East
2025-10-26,Wireless Headphones,Technology,2.0,131.7,263.4,North
2025-10-26,Filing Cabinet,Office Supplies,2.0,158.93,317.86,East
2025-10-26,Premium Notebook,Office Supplies,1.0,17.3,17.3,West
2025-10-26,Coffee Maker,Appliances,3.0,190.74,572.22,West
2025-10-26,Filing Cabinet,Office Supplies,2.0,145.86,291.72,South
2025-10-27,Premium Notebook,Office Supplies,5.0,17.75,88.75,South
2025-10-27,4K Ultra HD Monitor,Technology,5.0,382.92,1914.6,North
2025-10-27,Conference Room Table,Furniture,5.0,826.21,4131.05,North
2025-10-28,Office Chair Pro,Furniture,1.0,289.75,289.75,East
2025-10-28,Laptop Pro 15,Technology,1.0,1293.8,1293.8,East
2025-10-29,Formal Shirt,Clothing,1.0,46.25,46.25,South
2025-10-29,Winter Jacket,Clothing,4.0,112.67,450.68,South
2025-10-29,Office Chair Pro,Furniture,1.0,270.7,270.7,West
2025-10-29,Formal Shirt,Clothing,1.0,48.23,48.23,East
2025-10-29,4K Ultra HD Monitor,Technology,1.0,381.16,381.16,East
2025-10-30,4K Ultra HD Monitor,Technology,2.0,333.17,666.34,North
2025-10-30,4K Ultra HD Monitor,Technology,5.0,386.64,1933.2,West
2025-10-30,Business Backpack,Clothing,3.0,66.95,200.85,North
2025-10-30,Smartphone Ultra,Technology,1.0,852.48,852.48,South
2025-10-31,Laptop Pro 15,Technology,5.0,1227.79,6138.95,West
2025-10-31,Wireless Headphones,Technology,3.0,150.54,451.62,East
2025-10-31,Laptop Pro 15,Technology,2.0,1120.63,2241.26,North
2025-10-31,Conference Room Table,Furniture,2.0,746.52,1493.04,South
2025-11-01,Printer Laser X,Office Supplies,2.0,337.07,674.14,North
2025-11-02,Executive Ergonomic Desk,Furniture,1.0,595.39,595.39,South
2025-11-02,Wireless Headphones,Technology,1.0,135.99,135.99,West
2025-11-02,Executive Ergonomic Desk,Furniture,1.0,587.57,587.57,West
2025-11-03,Office Chair Pro,Furniture,2.0,297.79,595.58,North
2025-11-03,Executive Ergonomic Desk,Furniture,4.0,528.29,2113.16,East
2025-11-04,Conference Room Table,Furniture,6.0,848.46,5090.76,North
2025-11-04,Wireless Headphones,Technology,1.0,145.94,145.94,North
2025-11-04,Formal Shirt,Clothing,1.0,45.19,45.19,West
2025-11-04,Business Backpack,Clothing,1.0,64.67,64.67,South
2025-11-04,Running Shoes,Clothing,4.0,90.43,361.72,South
2025-11-05,Executive Ergonomic Desk,Furniture,5.0,596.45,2982.25,North
2025-11-05,Smartphone Ultra,Technology,4.0,868.79,3475.16,North
2025-11-06,Smartphone Ultra,Technology,1.0,896.23,896.23,North
2025-11-06,4K Ultra HD Monitor,Technology,1.0,375.46,375.46,North
2025-11-06,Office Chair Pro,Furniture,1.0,298.91,298.91,North
2025-11-07,Executive Ergonomic Desk,Furniture,3.0,555.13,1665.39,South
2025-11-07,Smartphone Ultra,Technology,3.0,892.69,2678.07,South
2025-11-08,Office Chair Pro,Furniture,1.0,283.96,283.96,North
2025-11-08,Smartphone Ultra,Technology,5.0,865.51,4327.55,South
2025-11-08,Printer Laser X,Office Supplies,4.0,316.83,1267.32,South
2025-11-08,Premium Notebook,Office Supplies,2.0,16.73,33.46,North
2025-11-08,Premium Notebook,Office Supplies,3.0,17.13,51.39,North
2025-11-08,4K Ultra HD Monitor,Technology,2.0,355.76,711.52,East
2025-11-08,Office Chair Pro,Furniture,4.0,291.02,1164.08,East
2025-11-09,Winter Jacket,Clothing,4.0,110.17,440.68,South
2025-11-09,Filing Cabinet,Office Supplies,1.0,145.4,145.4,East
2025-11-10,4K Ultra HD Monitor,Technology,3.0,378.88,1136.64,South
2025-11-10,Winter Jacket,Clothing,3.0,105.06,315.18,East
2025-11-10,Running Shoes,Clothing,4.0,97.0,388.0,East
2025-11-10,Wireless Headphones,Technology,4.0,137.74,550.96,North
2025-11-10,Filing Cabinet,Office Supplies,1.0,156.75,156.75,North
2025-11-11,4K Ultra HD Monitor,Technology,3.0,346.01,1038.03,East
2025-11-11,Filing Cabinet,Office Supplies,2.0,159.92,319.84,North
2025-11-11,Business Backpack,Clothing,1.0,66.32,66.32,South
2025-11-12,Business Backpack,Clothing,1.0,62.63,62.63,South
2025-11-12,Business Backpack,Clothing,2.0,70.01,140.02,West
2025-11-12,Formal Shirt,Clothing,5.0,45.86,229.3,South
2025-11-12,4K Ultra HD Monitor,Technology,1.0,385.48,385.48,South
2025-11-12,Running Shoes,Clothing,3.0,92.4,277.2,South
2025-11-13,Premium Notebook,Office Supplies,1.0,18.2,18.2,North
2025-11-13,Winter Jacket,Clothing,6.0,109.94,659.64,East
2025-11-13,Premium Notebook,Office Supplies,2.0,17.75,35.5,West
2025-11-14,Premium Notebook,Office Supplies,5.0,17.6,88.0,West
2025-11-14,Running Shoes,Clothing,1.0,96.83,96.83,South
2025-11-15,Printer Laser X,Office Supplies,3.0,326.69,980.07,West
2025-11-16,Smartphone Ultra,Technology,2.0,840.5,1681.0,North
2025-11-16,4K Ultra HD Monitor,Technology,2.0,356.93,713.86,North
2025-11-16,Wireless Headphones,Technology,1.0,136.55,136.55,North
2025-11-16,4K Ultra HD Monitor,Technology,1.0,374.6,374.6,West
2025-11-17,4K Ultra HD Monitor,Technology,2.0,379.17,758.34,North
2025-11-17,Executive Ergonomic Desk,Furniture,3.0,532.39,1597.17,East
2025-11-17,Printer Laser X,Office Supplies,1.0,342.09,342.09,East
2025-11-17,Premium Notebook,Office Supplies,4.0,18.46,73.84,West
2025-11-17,Premium Notebook,Office Supplies,1.0,19.13,19.13,East
2025-11-18,Filing Cabinet,Office Supplies,3.0,143.43,430.29,South
2025-11-18,Conference Room Table,Furniture,2.0,768.23,1536.46,South
2025-11-19,4K Ultra HD Monitor,Technology,1.0,332.91,332.91,West
2025-11-19,4K Ultra HD Monitor,Technology,1.0,336.28,336.28,North
2025-11-19,Printer Laser X,Office Supplies,2.0,315.58,631.16,East
2025-11-19,Premium Notebook,Office Supplies,3.0,17.23,51.69,South
2025-11-19,Premium Notebook,Office Supplies,4.0,17.51,70.04,West
2025-11-20,Premium Notebook,Office Supplies,2.0,19.04,38.08,South
2025-11-20,Smartphone Ultra,Technology,4.0,799.63,3198.52,East
2025-11-21,Premium Notebook,Office Supplies,5.0,18.73,93.65,North
2025-11-21,Formal Shirt,Clothing,1.0,41.58,41.58,North
2025-11-21,Printer Laser X,Office Supplies,1.0,330.37,330.37,East
2025-11-23,Filing Cabinet,Office Supplies,1.0,151.89,151.89,North
2025-11-23,Running Shoes,Clothing,2.0,102.22,204.44,East
2025-11-23,Office Chair Pro,Furniture,3.0,262.35,787.05,North
2025-11-23,Wireless Headphones,Technology,1.0,130.3,130.3,North
2025-11-23,Office Chair Pro,Furniture,3.0,293.93,881.79,South
2025-11-24,Conference Room Table,Furniture,6.0,757.33,4543.98,East
2025-11-26,Executive Ergonomic Desk,Furniture,4.0,568.08,2272.32,East
2025-11-26,Smartphone Ultra,Technology,1.0,896.48,896.48,North
2025-11-26,Formal Shirt,Clothing,2.0,43.88,87.76,East
2025-11-27,Formal Shirt,Clothing,3.0,44.48,133.44,North
2025-11-27,Wireless Headphones,Technology,6.0,141.28,847.68,West
2025-11-27,Office Chair Pro,Furniture,2.0,283.86,567.72,East
2025-11-27,Premium Notebook,Office Supplies,6.0,17.43,104.58,North
2025-11-27,Formal Shirt,Clothing,2.0,45.3,90.6,South
2025-11-27,Premium Notebook,Office Supplies,5.0,17.34,86.7,East
2025-11-27,Formal Shirt,Clothing,1.0,41.41,41.41,West
2025-11-28,Laptop Pro 15,Technology,2.0,1263.3,2526.6,North
2025-11-28,Executive Ergonomic Desk,Furniture,7.0,587.7,4113.9,East
2025-11-28,Formal Shirt,Clothing,2.0,44.78,89.56,West
2025-11-28,4K Ultra HD Monitor,Technology,4.0,368.22,1472.88,North
2025-11-28,Formal Shirt,Clothing,2.0,48.29,96.58,West
2025-11-29,Wireless Headphones,Technology,3.0,143.12,429.36,North
2025-11-29,Running Shoes,Clothing,2.0,96.86,193.72,East
2025-11-30,Smartphone Ultra,Technology,2.0,805.58,1611.16,South
2025-11-30,Office Chair Pro,Furniture,1.0,270.66,270.66,West
2025-11-30,Printer Laser X,Office Supplies,1.0,344.92,344.92,North
2025-12-01,Wireless Headphones,Technology,8.0,141.43,1131.44,South
2025-12-01,Executive Ergonomic Desk,Furniture,4.0,566.44,2265.76,West
2025-12-01,Running Shoes,Clothing,2.0,101.29,202.58,South
2025-12-01,Premium Notebook,Office Supplies,1.0,16.81,16.81,East
2025-12-01,Filing Cabinet,Office Supplies,1.0,142.11,142.11,West
2025-12-02,Filing Cabinet,Office Supplies,2.0,144.83,289.66,West
2025-12-02,Formal Shirt,Clothing,2.0,43.81,87.62,South
2025-12-03,Winter Jacket,Clothing,3.0,106.86,320.58,North
2025-12-03,Wireless Headphones,Technology,1.0,133.53,133.53,South
2025-12-03,Office Chair Pro,Furniture,3.0,290.35,871.05,North
2025-12-03,Wireless Headphones,Technology,5.0,129.45,647.25,West
2025-12-04,Conference Room Table,Furniture,1.0,817.2,817.2,North
2025-12-05,Business Backpack,Clothing,5.0,69.21,346.05,North
2025-12-05,4K Ultra HD Monitor,Technology,1.0,345.68,345.68,North
2025-12-05,4K Ultra HD Monitor,Technology,3.0,382.53,1147.59,South
2025-12-05,Premium Notebook,Office Supplies,5.0,19.06,95.3,North
2025-12-05,Premium Notebook,Office Supplies,3.0,19.41,58.23,South
2025-12-05,Running Shoes,Clothing,4.0,96.3,385.2,North
2025-12-05,Winter Jacket,Clothing,1.0,103.57,103.57,North
2025-12-05,Smartphone Ultra,Technology,3.0,841.44,2524.32,South
2025-12-05,4K Ultra HD Monitor,Technology,1.0,373.02,373.02,South
2025-12-05,Executive Ergonomic Desk,Furniture,4.0,571.44,2285.76,West
2025-12-06,Office Chair Pro,Furniture,1.0,273.43,273.43,East
2025-12-06,Premium Notebook,Office Supplies,1.0,16.98,16.98,West
2025-12-07,Premium Notebook,Office Supplies,4.0,18.08,72.32,North
2025-12-07,Executive Ergonomic Desk,Furniture,4.0,534.26,2137.04,East
2025-12-07,Smartphone Ultra,Technology,2.0,822.52,1645.04,North
2025-12-08,Office Chair Pro,Furniture,3.0,266.54,799.62,East
2025-12-08,Laptop Pro 15,Technology,2.0,1108.0,2216.0,East
2025-12-08,Printer Laser X,Office Supplies,1.0,320.69,320.69,East
2025-12-08,Wireless Headphones,Technology,1.0,132.36,132.36,West
2025-12-08,Laptop Pro 15,Technology,3.0,1277.66,3832.98,East
2025-12-09,Laptop Pro 15,Technology,2.0,1152.94,2305.88,West
2025-12-09,4K Ultra HD Monitor,Technology,1.0,375.49,375.49,South
2025-12-10,Business Backpack,Clothing,5.0,69.51,347.55,North
2025-12-10,Business Backpack,Clothing,1.0,69.52,69.52,North
2025-12-10,Premium Notebook,Office Supplies,4.0,16.86,67.44,West
2025-12-10,Formal Shirt,Clothing,1.0,46.5,46.5,East
2025-12-11,Laptop Pro 15,Technology,1.0,1130.67,1130.67,South
2025-12-11,Printer Laser X,Office Supplies,3.0,327.32,981.96,West
2025-12-12,Formal Shirt,Clothing,3.0,43.41,130.23,North
2025-12-12,Executive Ergonomic Desk,Furniture,3.0,597.31,1791.93,West
2025-12-12,Wireless Headphones,Technology,1.0,146.52,146.52,North
2025-12-12,Winter Jacket,Clothing,1.0,116.12,116.12,West
2025-12-12,Running Shoes,Clothing,2.0,92.54,185.08,South
2025-12-12,Running Shoes,Clothing,1.0,96.15,96.15,North
2025-12-12,Laptop Pro 15,Technology,4.0,1281.96,5127.84,North
2025-12-12,Printer Laser X,Office Supplies,3.0,305.9,917.7,North
2025-12-13,Laptop Pro 15,Technology,1.0,1223.3,1223.3,East
2025-12-14,Formal Shirt,Clothing,4.0,44.85,179.4,North
2025-12-14,Business Backpack,Clothing,3.0,66.41,199.23,South
2025-12-14,Formal Shirt,Clothing,2.0,48.13,96.26,North
2025-12-15,Office Chair Pro,Furniture,1.0,285.85,285.85,South
2025-12-15,Printer Laser X,Office Supplies,4.0,330.2,1320.8,South
2025-12-16,Filing Cabinet,Office Supplies,3.0,140.56,421.68,West
2025-12-16,Executive Ergonomic Desk,Furniture,3.0,545.69,1637.07,South
2025-12-16,Laptop Pro 15,Technology,5.0,1227.13,6135.65,South
2025-12-16,Office Chair Pro,Furniture,8.0,298.11,2384.88,East
2025-12-16,Wireless Headphones,Technology,5.0,129.75,648.75,West
2025-12-16,Filing Cabinet,Office Supplies,3.0,139.31,417.93,South
2025-12-17,Business Backpack,Clothing,8.0,62.29,498.32,East
2025-12-17,Smartphone Ultra,Technology,3.0,798.21,2394.63,South
2025-12-18,Printer Laser X,Office Supplies,6.0,328.69,1972.14,West
2025-12-18,Conference Room Table,Furniture,3.0,738.22,2214.66,South
2025-12-18,Smartphone Ultra,Technology,4.0,890.79,3563.16,West
2025-12-18,Executive Ergonomic Desk,Furniture,2.0,550.24,1100.48,North
2025-12-19,Executive Ergonomic Desk,Furniture,3.0,565.13,1695.39,South
2025-12-19,Wireless Headphones,Technology,4.0,145.58,582.32,East
2025-12-20,Premium Notebook,Office Supplies,2.0,18.75,37.5,South
2025-12-20,4K Ultra HD Monitor,Technology,5.0,378.85,1894.25,South
2025-12-21,Winter Jacket,Clothing,2.0,101.91,203.82,North
2025-12-21,Premium Notebook,Office Supplies,3.0,19.17,57.51,North
2025-12-21,Printer Laser X,Office Supplies,3.0,319.17,957.51,South
2025-12-21,Executive Ergonomic Desk,Furniture,4.0,592.81,2371.24,West
2025-12-22,Formal Shirt,Clothing,1.0,46.91,46.91,North
2025-12-22,Office Chair Pro,Furniture,3.0,287.12,861.36,East
2025-12-22,Filing Cabinet,Office Supplies,3.0,152.27,456.81,South
2025-12-23,Formal Shirt,Clothing,1.0,45.22,45.22,North
2025-12-23,Smartphone Ultra,Technology,1.0,806.77,806.77,North
2025-12-23,Premium Notebook,Office Supplies,3.0,17.13,51.39,East
2025-12-23,Office Chair Pro,Furniture,1.0,294.24,294.24,South
2025-12-23,Filing Cabinet,Office Supplies,4.0,151.54,606.16,West
2025-12-24,Premium Notebook,Office Supplies,1.0,17.41,17.41,South
2025-12-24,Office Chair Pro,Furniture,4.0,277.74,1110.96,South
2025-12-24,Filing Cabinet,Office Supplies,3.0,144.37,433.11,West
2025-12-25,Formal Shirt,Clothing,3.0,48.51,145.53,East
2025-12-25,Filing Cabinet,Office Supplies,3.0,138.43,415.29,South
2025-12-25,Executive Ergonomic Desk,Furniture,3.0,571.44,1714.32,North
2025-12-25,Filing Cabinet,Office Supplies,3.0,151.78,455.34,East
2025-12-26,4K Ultra HD Monitor,Technology,1.0,339.34,339.34,North
2025-12-26,Filing Cabinet,Office Supplies,9.0,159.86,1438.7400000000002,East
2025-12-26,Formal Shirt,Clothing,4.0,41.9,167.6,North
2025-12-27,4K Ultra HD Monitor,Technology,1.0,336.59,336.59,North
2025-12-27,Smartphone Ultra,Technology,1.0,792.46,792.46,South
2025-12-27,Executive Ergonomic Desk,Furniture,1.0,556.24,556.24,North
2025-12-27,Formal Shirt,Clothing,2.0,44.6,89.2,South
2025-12-28,Filing Cabinet,Office Supplies,2.0,139.55,279.1,North
2025-12-28,4K Ultra HD Monitor,Technology,1.0,379.03,379.03,South
2025-12-28,Executive Ergonomic Desk,Furniture,2.0,550.03,1100.06,East
2025-12-29,Printer Laser X,Office Supplies,3.0,326.53,979.59,East
2025-12-29,Formal Shirt,Clothing,3.0,43.33,129.99,South
2025-12-29,Premium Notebook,Office Supplies,1.0,17.48,17.48,North
2025-12-29,Running Shoes,Clothing,2.0,87.92,175.84,East
2025-12-29,Conference Room Table,Furniture,5.0,839.31,4196.55,North
2025-12-29,Formal Shirt,Clothing,2.0,41.8,83.6,North
2025-12-29,Smartphone Ultra,Technology,2.0,909.77,1819.54,West
2025-12-29,Executive Ergonomic Desk,Furniture,1.0,541.4,541.4,South
2025-12-30,Conference Room Table,Furniture,1.0,814.71,814.71,North
2025-12-30,Business Backpack,Clothing,2.0,65.99,131.98,South
2025-12-31,Executive Ergonomic Desk,Furniture,2.0,537.0,1074.0,North
2025-12-31,Office Chair Pro,Furniture,1.0,264.81,264.81,North
2025-12-31,4K Ultra HD Monitor,Technology,1.0,373.8,373.8,North
