Date,Product,Category,Quantity,Unit_Price,Sales,Region
2023-11-11,Conference Room Table,,3,773.71,2321.13,North
2025-08-13,Ergonomic Mechanical Keyboard,Technology,3,131.3,393.9,North
2022-04-05,Heavy-Duty Stapler & Staples,Office Supplies,1,24.19,24.19,East
2025-09-02,Laptop Pro 15,Technology,2,1174.94,2349.88,North
2025-03-09,Precision Wireless Mouse,Electronics Accessories,15,39.52,592.8,North
2022-08-24,Self-Adhesive Sticky Notes Bulk,Office Supplies,1,15.42,15.42,Central
2021-04-02,External SSD 1TB,Electronics Accessories,1,104.67,104.67,South
2024-01-10,Ergonomic Mechanical Keyboard,Technology,1,134.32,134.32,South
2025-12-01,Heavy-Duty Stapler & Staples,Office Supplies,1,24.8,24.8,Central
2023-03-27,Heavy-Duty Stapler & Staples,Office Supplies,5,24.73,123.65,South
2022-12-21,Standing Desk Converter,Furniture,1,171.8,197.57,East
2023-12-01,Executive Ergonomic Desk,Furniture,2,536.97,1073.94,North
2025-02-04,Laptop Pro 15,Technology,1,1232.66,1232.66,North
2025-02-22,4K Ultra HD Monitor,Technology,2,360.15,720.3,South
2023-12-08,Laptop Pro 15,Technology,1,1214.79,1397.01,East
2023-08-19,Document Filing Cabinet Tray,Office Supplies,5,35.48,177.4,South
2023-02-06,Precision Wireless Mouse,Electronics Accessories,2,41.03,82.06,South
2025-05-18,Smartphone Ultra,Technology,1,857.28,857.28,Central
2024-12-01,Conference Room Table,Furniture,5,799.68,4598.16,East
2024-01-15,Ergonomic Mechanical Keyboard,Technology,1,124.49,124.49,Central
2025-07-02,Multipurpose Copy Paper (Carton),Office Supplies,2,40.82,81.64,North
2025-02-05,Precision Wireless Mouse,Electronics Accessories,1,39.29,39.29,South
2023-08-31,Laptop Pro 15,Technology,1,1217.71,1217.71,Central
2024-06-11,4K Ultra HD Monitor,Technology,1,347.1,347.1,South
2022-03-18,External SSD 1TB,Electronics Accessories,1,108.93,108.93,Central
2023-08-10,Smartphone Ultra,Technology,1,919.09,919.09,North
2025-10-26,Heavy-Duty Stapler & Staples,Office Supplies,1,24.77,24.77,Central
2025-09-30,Smartphone Ultra,Technology,2,902.77,1805.54,North
2021-10-21,Gel Pens Pack (24ct),Office Supplies,1,18.51,18.51,South
2024-05-09,Gel Pens Pack (24ct),Office Supplies,3,19.34,58.02,South
2022-02-07,Ergonomic Mechanical Keyboard,Technology,1,134.65,134.65,West
2023-07-18,HD Streaming Webcam 1080p,Electronics Accessories,1,71.01,71.01,South
2021-05-31,Executive Ergonomic Desk,Furniture,3,558.65,1675.95,East
2025-05-15,Document Filing Cabinet Tray,Office Supplies,15,33.86,507.9,South
2023-10-12,HD Streaming Webcam 1080p,Electronics Accessories,5,70.4,352.0,South
2025-08-24,4K Ultra HD Monitor,Technology,2,362.46,724.92,East
2024-06-04,Wireless Noise-Canceling Headphones,Technology,2,207.96,415.92,South
2021-12-04,External SSD 1TB,Electronics Accessories,1,104.55,120.23,
2024-07-24,HD Streaming Webcam 1080p,Electronics Accessories,1,71.48,71.48,North
2022-04-05,Bookshelf 5-Tier,Furniture,2,151.35,302.7,East
2021-01-27,Self-Adhesive Sticky Notes Bulk,Office Supplies,5,15.48,77.4,West
2023-10-17,Standing Desk Converter,Furniture,4,183.03,732.12,West
2024-04-10,4K Ultra HD Monitor,Technology,1,359.39,359.39,Central
2023-11-27,Braided HDMI 4K Cable (2-Pack),Electronics Accessories,3,20.76,71.62,South
2021-09-10,Precision Wireless Mouse,Electronics Accessories,1,41.91,41.91,South
2025-10-25,Precision Wireless Mouse,Electronics Accessories,2,38.67,77.34,West
2023-08-20,USB-C Fast Charging Hub,Electronics Accessories,20,50.56,1011.2,South
2021-09-03,Smartphone Ultra,Technology,3,921.66,2764.98,South
2022-06-09,Smartphone Ultra,Technology,4,927.9,3711.6,North
2022-05-27,Wireless Noise-Canceling Headphones,Technology,2,205.96,411.92,South
2023-04-14,4K Ultra HD Monitor,Technology,1,344.32,344.32,South
2024-02-23,Gel Pens Pack (24ct),Office Supplies,2,18.69,37.38,West
2023-12-14,External SSD 1TB,Electronics Accessories,4,104.9,482.54,South
2024-05-04,HD Streaming Webcam 1080p,Electronics Accessories,2,68.0,136.0,West
2021-09-26,4K Ultra HD Monitor,Technology,3,354.8,1064.4,Central
2025-06-16,Gel Pens Pack (24ct),,1,19.3,19.3,West
2024-11-17,Smartphone Ultra,Technology,4,941.63,4331.5,North
2025-06-13,USB-C Fast Charging Hub,Electronics Accessories,1,48.69,48.69,East
2023-03-01,Ergonomic Mechanical Keyboard,Technology,2,133.08,266.16,West
2022-11-28,Smartphone Ultra,Technology,3,887.03,3060.25,North
2022-04-19,Wireless Noise-Canceling Headphones,Technology,1,193.5,193.5,East
2025-11-21,Executive Ergonomic Desk,Furniture,2,547.06,1258.24,East
2023-02-08,Smartphone Ultra,Technology,2,911.32,1822.64,East
2025-02-07,Heavy-Duty Stapler & Staples,Office Supplies,2,23.81,47.62,West
2022-11-22,Gel Pens Pack (24ct),Office Supplies,2,19.02,43.75,East
2021-01-12,USB-C Fast Charging Hub,Electronics Accessories,1,48.52,,North
2021-03-31,4K Ultra HD Monitor,Technology,1,354.13,354.13,South
2024-05-04,USB-C Fast Charging Hub,Electronics Accessories,1,49.19,49.19,East
2024-07-24,4K Ultra HD Monitor,Technology,3,363.2,1089.6,Central
2025-09-09,Conference Room Table,Furniture,4,819.02,3276.08,West
2024-04-28,Laptop Pro 15,Technology,1,1233.16,1233.16,East
2025-12-27,Ergonomic Mechanical Keyboard,Technology,1,133.11,153.08,East
2022-01-31,Braided HDMI 4K Cable (2-Pack),Electronics Accessories,1,20.78,20.78,Central
2024-11-08,External SSD 1TB,Electronics Accessories,8,108.0,993.6,East
2023-06-10,Ergonomic Mechanical Keyboard,Technology,1,127.3,127.3,North
2024-04-24,External SSD 1TB,Electronics Accessories,8,105.74,845.92,North
2022-10-20,Conference Room Table,Furniture,2,817.94,1635.88,Central
2025-03-23,Heavy-Duty Stapler & Staples,Office Supplies,1,25.29,25.29,South
2025-03-21,Laptop Pro 15,Technology,3,1238.61,3715.83,East
2022-05-26,Ergonomic Mechanical Keyboard,Technology,4,128.31,513.24,Central
2022-03-21,Standing Desk Converter,Furniture,1,177.76,177.76,South
2025-01-14,Heavy-Duty Stapler & Staples,Office Supplies,1,26.01,26.01,South
2023-06-14,High-Back Mesh Chair,Furniture,3,255.51,766.53,East
2025-03-12,Self-Adhesive Sticky Notes Bulk,Office Supplies,2,15.09,30.18,South
2022-11-03,Braided HDMI 4K Cable (2-Pack),Electronics Accessories,1,20.92,24.06,South
2024-06-04,Ergonomic Mechanical Keyboard,Technology,1,136.4,136.4,East
2025-03-17,Laptop Pro 15,Technology,1,1166.01,1166.01,East
2023-02-23,Executive Ergonomic Desk,Furniture,8,571.8,4574.4,Central
2022-11-07,Standing Desk Converter,Furniture,1,177.03,203.58,South
2022-05-17,Standing Desk Converter,Furniture,1,177.48,177.48,North
2023-07-14,Ergonomic Mechanical Keyboard,Technology,3,134.07,402.21,North
2022-03-26,Smartphone Ultra,Technology,2,892.49,1784.98,North
2025-12-30,Precision Wireless Mouse,Electronics Accessories,1,38.17,43.9,East
2023-04-07,Precision Wireless Mouse,Electronics Accessories,1,40.37,40.37,West
2022-02-09,USB-C Fast Charging Hub,Electronics Accessories,1,47.67,47.67,North
2023-02-10,External SSD 1TB,Electronics Accessories,3,110.37,331.11,East
2024-01-14,Self-Adhesive Sticky Notes Bulk,Office Supplies,1,15.9,15.9,East
2022-03-25,4K Ultra HD Monitor,Technology,1,342.11,342.11,East
2021-09-07,Document Filing Cabinet Tray,Office Supplies,1,34.19,34.19,East
2021-08-24,Gel Pens Pack (24ct),Office Supplies,4,18.39,73.56,East
2023-07-08,External SSD 1TB,,2,110.98,221.96,West
2025-09-24,Heavy-Duty Stapler & Staples,Office Supplies,5,25.75,128.75,North
2022-03-11,High-Back Mesh Chair,Furniture,2,252.91,505.82,Central
2023-01-29,Laptop Pro 15,Technology,1,1234.03,1234.03,East
2024-09-15,Self-Adhesive Sticky Notes Bulk,Office Supplies,5,14.95,74.75,West
2021-07-24,Ergonomic Mechanical Keyboard,Technology,2,136.23,272.46,North
2024-04-21,Bookshelf 5-Tier,Furniture,1,142.68,142.68,East
2024-05-03,Standing Desk Converter,Furniture,1,174.26,174.26,Central
2025-12-18,High-Back Mesh Chair,Furniture,1,252.04,252.04,South
2022-06-08,Ergonomic Mechanical Keyboard,Technology,2,130.62,261.24,North
2021-09-06,High-Back Mesh Chair,Furniture,1,254.25,254.25,East
2023-11-16,Gel Pens Pack (24ct),Office Supplies,1,19.54,22.47,North
2022-12-27,Standing Desk Converter,Furniture,1,174.76,174.76,West
2024-08-28,High-Back Mesh Chair,Furniture,1,255.67,255.67,North
2025-03-10,Gel Pens Pack (24ct),Office Supplies,1,18.81,18.81,South
2023-11-29,Executive Ergonomic Desk,Furniture,1,562.03,646.33,North
2021-01-25,Wireless Noise-Canceling Headphones,Technology,1,194.65,194.65,East
2025-02-02,Self-Adhesive Sticky Notes Bulk,Office Supplies,2,15.47,30.94,East
2022-09-05,Multipurpose Copy Paper (Carton),Office Supplies,1,42.77,42.77,South
2025-10-31,Heavy-Duty Stapler & Staples,Office Supplies,2,24.35,48.7,Central
2022-05-31,Ergonomic Mechanical Keyboard,Technology,1,125.48,125.48,Central
2023-11-30,Laptop Pro 15,Technology,2,1149.62,2644.13,Central
2022-10-08,HD Streaming Webcam 1080p,Electronics Accessories,4,73.28,293.12,Central
2022-12-16,Bookshelf 5-Tier,Furniture,3,153.78,530.54,South
2021-08-13,Heavy-Duty Stapler & Staples,Office Supplies,2,24.55,49.1,West
2021-05-19,Executive Ergonomic Desk,Furniture,1,555.07,555.07,Central
2021-01-10,4K Ultra HD Monitor,Technology,1,334.3,334.3,East
2021-11-17,High-Back Mesh Chair,Furniture,4,245.07,980.28,North
2021-11-14,4K Ultra HD Monitor,Technology,5,344.7,1982.02,South
2025-04-20,Precision Wireless Mouse,Electronics Accessories,1,41.74,41.74,Central
2023-05-23,Document Filing Cabinet Tray,Office Supplies,1,36.2,36.2,West
2024-11-03,Gel Pens Pack (24ct),Office Supplies,4,18.12,83.35,
2024-08-11,Smartphone Ultra,Technology,4,890.31,3561.24,West
2021-05-23,Braided HDMI 4K Cable (2-Pack),Electronics Accessories,3,19.59,58.77,East
2023-11-29,High-Back Mesh Chair,Furniture,5,250.59,1252.95,Central
2025-08-20,Heavy-Duty Stapler & Staples,Office Supplies,3,24.09,72.27,East
2024-01-26,Gel Pens Pack (24ct),Office Supplies,1,19.29,19.29,West
2025-03-26,Multipurpose Copy Paper (Carton),Office Supplies,2,40.52,81.04,East
2021-08-04,Self-Adhesive Sticky Notes Bulk,Office Supplies,4,14.9,59.6,East
2025-09-05,Conference Room Table,Furniture,2,797.91,1595.82,West
2024-07-30,Gel Pens Pack (24ct),Office Supplies,3,18.87,56.61,South
2021-01-23,Smartphone Ultra,Technology,1,885.82,885.82,East
2024-05-18,HD Streaming Webcam 1080p,Electronics Accessories,1,72.87,72.87,East
2023-10-05,Wireless Noise-Canceling Headphones,Technology,1,201.85,201.85,East
2023-10-11,USB-C Fast Charging Hub,Electronics Accessories,1,51.35,51.35,North
2023-03-25,Laptop Pro 15,Technology,2,1251.06,2502.12,North
2022-07-21,Wireless Noise-Canceling Headphones,Technology,5,192.48,962.4,North
2021-11-09,Multipurpose Copy Paper (Carton),Office Supplies,1,43.54,43.54,South
2024-05-18,Executive Ergonomic Desk,Furniture,5,568.96,2844.8,East
2024-04-20,Precision Wireless Mouse,Electronics Accessories,5,38.12,190.6,North
2021-03-04,Conference Room Table,Furniture,1,832.15,832.15,South
2024-01-13,Smartphone Ultra,Technology,1,914.71,914.71,East
2021-11-23,Standing Desk Converter,Furniture,1,180.62,207.71,North
2022-11-01,Gel Pens Pack (24ct),Office Supplies,1,19.31,19.31,North
2024-04-13,Bookshelf 5-Tier,Furniture,3,142.53,427.59,East
2023-04-11,Executive Ergonomic Desk,Furniture,2,543.55,1087.1,North
2021-06-11,4K Ultra HD Monitor,Technology,1,345.56,345.56,South
2023-10-29,Wireless Noise-Canceling Headphones,Technology,4,206.79,827.16,North
2023-01-31,4K Ultra HD Monitor,Technology,2,350.18,700.36,West
2021-04-06,Laptop Pro 15,Technology,3,1206.8,3620.4,Central
2021-07-01,Gel Pens Pack (24ct),Office Supplies,8,19.62,156.96,North
2021-05-31,Smartphone Ultra,Technology,1,856.16,856.16,West
2022-05-29,4K Ultra HD Monitor,Technology,2,352.9,705.8,Central
2022-04-16,Gel Pens Pack (24ct),Office Supplies,1,18.3,18.3,North
2024-06-03,Braided HDMI 4K Cable (2-Pack),Electronics Accessories,2,19.81,39.62,Central
2022-12-15,Smartphone Ultra,Technology,1,923.71,1062.27,Central
2022-06-05,Executive Ergonomic Desk,Furniture,2,548.16,1096.32,East
2021-01-04,Multipurpose Copy Paper (Carton),Office Supplies,4,40.97,163.88,
2024-03-15,USB-C Fast Charging Hub,Electronics Accessories,1,48.85,48.85,East
2024-03-22,External SSD 1TB,Electronics Accessories,2,107.5,215.0,East
2024-08-03,Self-Adhesive Sticky Notes Bulk,Office Supplies,1,14.74,14.74,Central
2023-06-25,Standing Desk Converter,Furniture,2,182.39,364.78,Central
2021-05-10,Standing Desk Converter,Furniture,2,184.87,369.74,North
2021-01-29,Gel Pens Pack (24ct),Office Supplies,3,17.98,53.94,South
2024-06-04,Wireless Noise-Canceling Headphones,Technology,1,204.37,204.37,Central
2023-01-21,Conference Room Table,Furniture,1,797.7,797.7,South
2022-04-27,Bookshelf 5-Tier,Furniture,8,154.16,1233.28,East
2024-05-25,Executive Ergonomic Desk,Furniture,3,525.68,1577.04,West
2024-06-06,Executive Ergonomic Desk,Furniture,4,535.08,2140.32,North
2023-03-28,USB-C Fast Charging Hub,,1,48.01,48.01,North
2021-08-04,External SSD 1TB,Electronics Accessories,2,106.53,213.06,West
2022-12-11,Multipurpose Copy Paper (Carton),Office Supplies,3,43.17,148.94,Central
2021-02-16,Gel Pens Pack (24ct),Office Supplies,8,19.66,157.28,North
2021-09-07,Executive Ergonomic Desk,Furniture,2,531.46,1062.92,South
2023-04-07,Laptop Pro 15,Technology,1,1163.1,1163.1,Central
2025-02-22,Standing Desk Converter,Furniture,1,186.19,186.19,East
2021-05-11,Gel Pens Pack (24ct),Office Supplies,2,18.86,37.72,East
2025-03-20,Wireless Noise-Canceling Headphones,Technology,4,201.44,805.76,West
2024-02-06,Smartphone Ultra,Technology,2,901.81,1803.62,North
2025-12-10,Smartphone Ultra,Technology,1,944.12,1085.74,Central
2021-11-14,Document Filing Cabinet Tray,Office Supplies,1,33.43,38.44,East
2024-10-14,External SSD 1TB,,2,112.94,225.88,East
2025-08-21,Multipurpose Copy Paper (Carton),Office Supplies,1,40.84,40.84,Central
2022-08-08,Self-Adhesive Sticky Notes Bulk,Office Supplies,1,14.79,14.79,North
2021-03-02,Standing Desk Converter,Furniture,8,174.92,1399.36,South
2025-10-01,Bookshelf 5-Tier,Furniture,15,155.02,2325.3,Central
2024-06-20,Wireless Noise-Canceling Headphones,Technology,1,206.75,206.75,East
2022-05-21,Smartphone Ultra,Technology,1,889.56,889.56,West
2025-03-25,Conference Room Table,Furniture,1,809.37,,Central
2023-04-30,Braided HDMI 4K Cable (2-Pack),Electronics Accessories,2,19.51,39.02,East
2024-01-18,4K Ultra HD Monitor,Technology,1,340.35,340.35,East
2022-09-27,High-Back Mesh Chair,Furniture,1,248.44,248.44,North
2025-01-26,External SSD 1TB,Electronics Accessories,1,113.86,113.86,East
2021-02-07,Bookshelf 5-Tier,Furniture,1,145.74,145.74,South
2025-09-08,Heavy-Duty Stapler & Staples,Office Supplies,10,25.07,250.7,East
2021-11-14,Laptop Pro 15,Technology,5,1147.37,6597.38,West
2024-08-05,Smartphone Ultra,Technology,4,903.93,3615.72,Central
2025-09-01,Document Filing Cabinet Tray,Office Supplies,4,36.23,144.92,South
2022-02-26,Ergonomic Mechanical Keyboard,Technology,2,132.33,264.66,North
2022-06-19,Braided HDMI 4K Cable (2-Pack),Electronics Accessories,1,20.73,20.73,North
2021-12-22,Braided HDMI 4K Cable (2-Pack),Electronics Accessories,1,20.48,23.55,West
2024-02-11,Smartphone Ultra,Technology,2,880.82,1761.64,East
2022-11-06,Smartphone Ultra,Technology,2,912.05,1824.1,South
2022-07-26,Laptop Pro 15,Technology,1,1255.55,1255.55,North
2024-09-09,Document Filing Cabinet Tray,Office Supplies,3,33.86,101.58,South
2022-04-19,Multipurpose Copy Paper (Carton),Office Supplies,1,42.85,42.85,North
2023-08-06,Braided HDMI 4K Cable (2-Pack),Electronics Accessories,2,19.88,39.76,West
2023-08-05,4K Ultra HD Monitor,Technology,1,361.24,361.24,South
2024-01-28,Smartphone Ultra,Technology,20,879.62,17592.4,East
2024-02-28,Ergonomic Mechanical Keyboard,Technology,1,132.51,132.51,West
2023-01-18,4K Ultra HD Monitor,Technology,8,342.05,2736.4,North
2025-01-16,Self-Adhesive Sticky Notes Bulk,Office Supplies,1,15.71,15.71,Central
2024-04-01,Standing Desk Converter,Furniture,3,184.03,552.09,North
2025-04-12,Document Filing Cabinet Tray,Office Supplies,2,35.22,70.44,Central
2023-11-17,Laptop Pro 15,Technology,1,1150.93,1323.57,West
2023-06-18,Document Filing Cabinet Tray,,5,33.36,166.8,North
2022-06-05,Executive Ergonomic Desk,Furniture,1,554.89,554.89,North
2022-01-30,Conference Room Table,Furniture,3,780.54,2341.62,Central
2024-10-21,Ergonomic Mechanical Keyboard,Technology,1,124.43,124.43,Central
2021-04-12,Gel Pens Pack (24ct),Office Supplies,4,19.12,76.48,Central
2023-06-08,Gel Pens Pack (24ct),Office Supplies,1,18.01,18.01,East
2021-08-30,Wireless Noise-Canceling Headphones,Technology,2,204.04,408.08,South
2022-08-12,Executive Ergonomic Desk,Furniture,1,570.0,570.0,North
2021-05-02,High-Back Mesh Chair,Furniture,1,261.41,,West
2022-09-27,Wireless Noise-Canceling Headphones,Technology,2,192.08,384.16,North
2025-09-10,External SSD 1TB,Electronics Accessories,4,112.29,449.16,East
2021-07-27,Gel Pens Pack (24ct),Office Supplies,3,18.72,56.16,East
2025-09-20,USB-C Fast Charging Hub,Electronics Accessories,1,49.89,49.89,West
2024-08-17,Wireless Noise-Canceling Headphones,Technology,1,194.93,194.93,East
2021-11-05,Wireless Noise-Canceling Headphones,Technology,4,204.88,942.45,East
2021-11-08,High-Back Mesh Chair,Furniture,1,253.32,291.32,East
2024-05-15,4K Ultra HD Monitor,Technology,2,340.21,,South
2022-02-08,Conference Room Table,Furniture,3,817.15,2451.45,East
2023-08-05,Document Filing Cabinet Tray,Office Supplies,2,35.02,70.04,East
2021-12-01,Conference Room Table,Furniture,2,790.65,1818.49,South
2025-07-25,4K Ultra HD Monitor,Technology,1,342.43,342.43,East
2023-01-22,Multipurpose Copy Paper (Carton),Office Supplies,3,40.93,122.79,East
2023-10-02,Heavy-Duty Stapler & Staples,Office Supplies,4,24.19,96.76,South
2024-01-13,Ergonomic Mechanical Keyboard,Technology,2,129.28,258.56,East
2024-04-01,4K Ultra HD Monitor,Technology,1,343.42,343.42,East
2024-08-19,Wireless Noise-Canceling Headphones,Technology,10,192.61,1926.1,North
2024-10-16,USB-C Fast Charging Hub,Electronics Accessories,3,49.73,149.19,South
2023-06-05,4K Ultra HD Monitor,Technology,1,365.69,365.69,North
2021-11-01,Ergonomic Mechanical Keyboard,Technology,2,128.13,294.7,West
2021-11-30,Standing Desk Converter,Furniture,1,180.71,180.71,East
2022-04-30,Braided HDMI 4K Cable (2-Pack),Electronics Accessories,1,20.27,20.27,Central
2021-10-03,Laptop Pro 15,Technology,3,1210.15,3630.45,Central
2025-12-26,Precision Wireless Mouse,Electronics Accessories,1,38.06,43.77,East
2021-05-31,High-Back Mesh Chair,Furniture,2,245.57,491.14,North
2024-09-26,Smartphone Ultra,Technology,3,873.16,2619.48,North
2024-05-01,Self-Adhesive Sticky Notes Bulk,Office Supplies,1,16.22,16.22,West
2025-04-11,USB-C Fast Charging Hub,Electronics Accessories,1,47.58,47.58,Central
2023-03-12,Standing Desk Converter,Furniture,3,173.03,519.09,East
2024-05-28,Braided HDMI 4K Cable (2-Pack),Electronics Accessories,2,20.32,40.64,
2023-02-20,Multipurpose Copy Paper (Carton),Office Supplies,20,44.06,881.2,West
2024-01-31,Executive Ergonomic Desk,Furniture,3,527.54,1582.62,South
2023-05-01,Heavy-Duty Stapler & Staples,Office Supplies,3,25.65,76.95,Central
2022-12-12,Executive Ergonomic Desk,Furniture,2,539.58,1241.03,South
2021-04-12,Executive Ergonomic Desk,Furniture,1,534.59,534.59,North
2021-03-26,Heavy-Duty Stapler & Staples,Office Supplies,2,25.64,51.28,Central
2021-01-12,Standing Desk Converter,Furniture,1,171.45,171.45,North
2021-12-09,Standing Desk Converter,Furniture,1,179.57,206.51,West
2021-12-02,Braided HDMI 4K Cable (2-Pack),Electronics Accessories,2,20.63,47.45,Central
2021-05-21,4K Ultra HD Monitor,Technology,1,345.79,345.79,South
2022-05-09,Ergonomic Mechanical Keyboard,Technology,2,131.52,,South
2022-11-01,Precision Wireless Mouse,Electronics Accessories,1,40.31,46.36,South
2024-02-06,Executive Ergonomic Desk,Furniture,1,550.23,550.23,North
2021-02-05,Executive Ergonomic Desk,Furniture,1,552.7,552.7,South
2022-07-13,Laptop Pro 15,Technology,2,1184.81,2369.62,Central
2022-06-05,Self-Adhesive Sticky Notes Bulk,Office Supplies,1,16.1,16.1,East
2022-12-21,Laptop Pro 15,Technology,5,1240.77,7134.43,South
2023-05-07,4K Ultra HD Monitor,Technology,3,362.28,1086.84,North
2025-05-04,Multipurpose Copy Paper (Carton),Office Supplies,1,42.18,42.18,West
2025-08-06,Braided HDMI 4K Cable (2-Pack),Electronics Accessories,1,19.18,19.18,North
2022-05-24,4K Ultra HD Monitor,Technology,1,340.61,340.61,North
2025-04-27,4K Ultra HD Monitor,Technology,3,353.39,1060.17,South
2021-10-29,Multipurpose Copy Paper (Carton),Office Supplies,1,40.44,40.44,North
2021-02-05,Heavy-Duty Stapler & Staples,Office Supplies,3,26.0,78.0,North
2023-12-30,Precision Wireless Mouse,Electronics Accessories,1,39.59,45.53,North
2021-06-09,High-Back Mesh Chair,Furniture,1,253.73,253.73,East
2021-02-27,USB-C Fast Charging Hub,Electronics Accessories,1,50.89,50.89,South
2021-12-20,Document Filing Cabinet Tray,Office Supplies,2,35.57,81.81,South
2021-10-14,High-Back Mesh Chair,Furniture,1,260.92,260.92,West
2023-07-01,Smartphone Ultra,Technology,2,863.69,1727.38,North
2024-07-26,Wireless Noise-Canceling Headphones,Technology,1,199.49,199.49,South
2021-11-17,Ergonomic Mechanical Keyboard,Technology,3,133.07,459.09,East
2023-10-10,Heavy-Duty Stapler & Staples,Office Supplies,4,25.71,102.84,West
2025-08-14,Heavy-Duty Stapler & Staples,Office Supplies,1,23.9,23.9,South
2022-03-25,Conference Room Table,Furniture,1,786.72,786.72,South
2024-12-13,High-Back Mesh Chair,Furniture,2,252.01,579.62,East
2021-02-11,Standing Desk Converter,Furniture,8,174.74,1397.92,East
2023-10-28,Heavy-Duty Stapler & Staples,Office Supplies,4,25.91,103.64,South
2023-07-20,Ergonomic Mechanical Keyboard,Technology,1,123.79,123.79,South
2023-04-02,USB-C Fast Charging Hub,Electronics Accessories,1,51.6,51.6,South
2022-01-16,Multipurpose Copy Paper (Carton),Office Supplies,3,42.95,128.85,South
2023-07-06,External SSD 1TB,Electronics Accessories,1,111.82,111.82,North
2021-05-08,Wireless Noise-Canceling Headphones,Technology,3,191.59,574.77,South
2022-01-25,Wireless Noise-Canceling Headphones,Technology,1,198.78,198.78,North
2023-10-08,Smartphone Ultra,Technology,1,913.51,913.51,East
2024-06-30,Laptop Pro 15,Technology,20,1146.97,22939.4,East
2024-03-25,4K Ultra HD Monitor,Technology,1,338.46,338.46,South
2025-04-25,Wireless Noise-Canceling Headphones,Technology,2,202.35,404.7,West
2022-02-26,Document Filing Cabinet Tray,Office Supplies,3,33.86,101.58,South
2022-04-28,Wireless Noise-Canceling Headphones,Technology,3,198.09,594.27,South
2024-04-21,Conference Room Table,Furniture,10,789.98,7899.8,South
2024-12-17,Conference Room Table,Furniture,1,819.8,942.77,South
2021-06-22,Braided HDMI 4K Cable (2-Pack),Electronics Accessories,4,20.94,83.76,North
2021-11-04,Executive Ergonomic Desk,Furniture,2,551.63,1103.26,North
2023-01-14,Smartphone Ultra,Technology,3,884.21,2652.63,West
2022-02-01,Self-Adhesive Sticky Notes Bulk,Office Supplies,3,15.44,46.32,North
2025-05-03,Laptop Pro 15,Technology,4,1253.13,5012.52,South
2024-07-31,USB-C Fast Charging Hub,Electronics Accessories,3,48.76,146.28,East
2023-08-14,Gel Pens Pack (24ct),Office Supplies,1,18.66,18.66,East
2021-04-11,Braided HDMI 4K Cable (2-Pack),Electronics Accessories,2,20.46,40.92,North
2025-02-15,4K Ultra HD Monitor,Technology,4,355.56,1422.24,North
2024-06-05,Braided HDMI 4K Cable (2-Pack),Electronics Accessories,2,19.77,39.54,South
2024-07-08,Gel Pens Pack (24ct),Office Supplies,1,18.16,18.16,East
2024-05-28,USB-C Fast Charging Hub,Electronics Accessories,1,47.6,47.6,Central
2023-08-21,Multipurpose Copy Paper (Carton),Office Supplies,3,44.52,133.56,North
2021-07-09,Multipurpose Copy Paper (Carton),Office Supplies,2,43.11,86.22,Central
2022-01-09,Wireless Noise-Canceling Headphones,Technology,10,195.85,1958.5,East
2021-09-30,HD Streaming Webcam 1080p,Electronics Accessories,1,67.59,67.59,Central
2023-09-12,Laptop Pro 15,Technology,2,1185.11,2370.22,North
2022-11-17,Wireless Noise-Canceling Headphones,Technology,1,192.42,192.42,Central
2021-05-29,Multipurpose Copy Paper (Carton),Office Supplies,2,41.47,82.94,West
2022-10-24,Standing Desk Converter,Furniture,1,171.96,171.96,Central
2021-08-01,Braided HDMI 4K Cable (2-Pack),,1,20.45,20.45,West
2021-10-05,Precision Wireless Mouse,Electronics Accessories,1,38.59,38.59,East
2022-02-17,Bookshelf 5-Tier,Furniture,2,145.98,291.96,North
2021-12-28,Executive Ergonomic Desk,Furniture,1,563.34,647.84,West
2024-06-01,Gel Pens Pack (24ct),Office Supplies,1,19.67,19.67,Central
2021-08-19,Multipurpose Copy Paper (Carton),Office Supplies,3,42.73,128.19,East
2021-08-22,Self-Adhesive Sticky Notes Bulk,Office Supplies,2,15.56,31.12,West
2024-12-31,Laptop Pro 15,Technology,3,1141.31,3937.52,South
2024-11-05,4K Ultra HD Monitor,Technology,1,367.36,422.46,West
2023-05-21,Smartphone Ultra,Technology,2,890.23,1780.46,North
2021-09-30,Document Filing Cabinet Tray,Office Supplies,1,33.88,33.88,East
2023-12-15,Bookshelf 5-Tier,Furniture,2,142.52,327.8,North
2023-07-04,High-Back Mesh Chair,Furniture,1,252.05,252.05,East
2024-02-15,Ergonomic Mechanical Keyboard,Technology,15,133.19,1997.85,West
2024-04-21,Conference Room Table,Furniture,1,770.83,770.83,North
2023-08-29,Executive Ergonomic Desk,Furniture,3,554.39,1663.17,West
2025-11-11,Laptop Pro 15,Technology,2,1190.54,2381.08,East
2024-11-24,HD Streaming Webcam 1080p,Electronics Accessories,2,69.18,138.36,East
2021-09-11,Precision Wireless Mouse,Electronics Accessories,1,38.1,38.1,East
2024-12-20,Gel Pens Pack (24ct),Office Supplies,8,18.37,169.0,North
2022-12-05,Conference Room Table,Furniture,2,797.47,1834.18,North
2022-09-04,Smartphone Ultra,Technology,3,936.83,2810.49,
2025-06-08,Wireless Noise-Canceling Headphones,Technology,1,192.62,192.62,East
2023-06-22,HD Streaming Webcam 1080p,Electronics Accessories,1,66.8,66.8,North
2025-06-30,USB-C Fast Charging Hub,Electronics Accessories,3,48.85,146.55,West
2022-08-19,Laptop Pro 15,Technology,1,1198.5,1198.5,East
2025-03-23,Conference Room Table,Furniture,2,801.59,1603.18,North
2021-07-18,4K Ultra HD Monitor,Technology,2,366.21,732.42,South
2025-05-24,External SSD 1TB,Electronics Accessories,10,109.93,1099.3,East
2022-01-19,Laptop Pro 15,Technology,10,1195.66,11956.6,Central
2022-05-05,Laptop Pro 15,Technology,1,1158.14,1158.14,North
2024-10-09,Multipurpose Copy Paper (Carton),Office Supplies,1,42.6,42.6,South
2021-07-17,Executive Ergonomic Desk,Furniture,1,551.39,551.39,West
2023-12-26,Conference Room Table,Furniture,4,834.61,3338.44,Central
2022-07-25,Standing Desk Converter,Furniture,2,172.11,344.22,East
2022-06-16,Laptop Pro 15,Technology,1,1164.15,1164.15,East
2021-08-01,Document Filing Cabinet Tray,Office Supplies,1,35.07,35.07,East
2025-12-25,4K Ultra HD Monitor,Technology,2,365.62,840.93,North
2023-10-09,4K Ultra HD Monitor,Technology,2,364.31,728.62,West
2022-12-10,Executive Ergonomic Desk,Furniture,1,543.37,624.88,North
2025-06-09,Standing Desk Converter,Furniture,2,185.26,370.52,South
2024-07-15,Heavy-Duty Stapler & Staples,Office Supplies,3,24.14,72.42,North
2021-02-09,Self-Adhesive Sticky Notes Bulk,Office Supplies,1,16.13,16.13,East
2022-09-05,Conference Room Table,Furniture,4,817.59,3270.36,South
2023-03-25,Gel Pens Pack (24ct),Office Supplies,4,19.47,77.88,South
2021-09-26,Braided HDMI 4K Cable (2-Pack),Electronics Accessories,3,20.96,62.88,South
2025-12-24,USB-C Fast Charging Hub,Electronics Accessories,1,49.63,57.07,North
2022-10-07,Wireless Noise-Canceling Headphones,Technology,1,207.79,207.79,Central
2021-07-30,Laptop Pro 15,Technology,2,1238.28,2476.56,West
2022-12-26,USB-C Fast Charging Hub,Electronics Accessories,2,51.6,103.2,West
2024-05-26,USB-C Fast Charging Hub,Electronics Accessories,1,48.71,48.71,North
2021-12-04,Wireless Noise-Canceling Headphones,,3,208.1,717.94,East
2025-12-12,Multipurpose Copy Paper (Carton),Office Supplies,2,43.95,87.9,North
2021-06-05,Heavy-Duty Stapler & Staples,Office Supplies,3,24.55,73.65,East
2023-05-05,Wireless Noise-Canceling Headphones,Technology,4,194.53,778.12,North
2024-04-29,Smartphone Ultra,Technology,1,901.13,901.13,North
2022-04-05,Self-Adhesive Sticky Notes Bulk,Office Supplies,8,15.74,125.92,North
2025-10-27,HD Streaming Webcam 1080p,Electronics Accessories,1,71.14,71.14,Central
2022-07-04,4K Ultra HD Monitor,Technology,2,336.38,672.76,North
2025-03-11,Bookshelf 5-Tier,Furniture,4,147.7,590.8,South
2021-03-24,Smartphone Ultra,Technology,1,941.95,941.95,Central
2024-09-12,Precision Wireless Mouse,Electronics Accessories,1,41.21,41.21,East
2023-08-01,Standing Desk Converter,Furniture,1,185.92,185.92,South
2021-10-13,Ergonomic Mechanical Keyboard,Technology,1,130.52,130.52,North
2025-10-29,Standing Desk Converter,Furniture,2,176.41,352.82,North
2025-12-05,Multipurpose Copy Paper (Carton),Office Supplies,5,40.58,233.33,South
2021-09-25,Ergonomic Mechanical Keyboard,Technology,1,134.39,134.39,East
2024-08-20,USB-C Fast Charging Hub,Electronics Accessories,3,50.36,151.08,West
2024-09-09,Executive Ergonomic Desk,Furniture,2,562.04,1124.08,Central
2024-12-18,Laptop Pro 15,Technology,3,1143.01,3943.38,South
2022-02-10,Multipurpose Copy Paper (Carton),Office Supplies,1,41.82,41.82,East
2025-01-18,Document Filing Cabinet Tray,Office Supplies,2,36.01,72.02,North
2021-07-13,Wireless Noise-Canceling Headphones,Technology,3,199.74,599.22,South
2024-07-09,Executive Ergonomic Desk,Furniture,2,549.34,1098.68,Central
2025-07-30,Ergonomic Mechanical Keyboard,Technology,1,129.63,129.63,North
2024-12-18,Executive Ergonomic Desk,Furniture,2,539.74,1241.4,South
2024-08-18,Executive Ergonomic Desk,Furniture,1,549.91,549.91,North
2021-12-07,HD Streaming Webcam 1080p,Electronics Accessories,1,67.25,77.34,North
2022-07-07,Executive Ergonomic Desk,Furniture,1,543.35,543.35,West
2022-02-01,Bookshelf 5-Tier,Furniture,4,149.11,596.44,East
2021-01-01,4K Ultra HD Monitor,Technology,1,337.09,337.09,South
2024-06-17,Self-Adhesive Sticky Notes Bulk,Office Supplies,2,15.83,31.66,South
2023-05-09,Document Filing Cabinet Tray,Office Supplies,1,36.12,36.12,North
2024-09-09,Multipurpose Copy Paper (Carton),Office Supplies,3,42.94,128.82,South
2023-07-25,High-Back Mesh Chair,Furniture,2,239.33,478.66,West
2025-11-29,Smartphone Ultra,Technology,3,883.89,3049.42,East
2022-07-17,Bookshelf 5-Tier,Furniture,2,150.47,300.94,Central
2022-09-21,Document Filing Cabinet Tray,Office Supplies,2,33.85,67.7,Central
2022-02-23,Smartphone Ultra,Technology,2,856.04,1712.08,South
2024-02-25,Smartphone Ultra,Technology,4,936.9,3747.6,South
2024-02-05,Multipurpose Copy Paper (Carton),Office Supplies,1,40.66,40.66,South
2024-04-26,Multipurpose Copy Paper (Carton),Office Supplies,3,41.68,125.04,North
2023-12-23,Bookshelf 5-Tier,Furniture,5,154.33,771.65,Central
2022-11-10,4K Ultra HD Monitor,Technology,3,353.53,1219.68,North
2024-03-17,Self-Adhesive Sticky Notes Bulk,Office Supplies,1,16.1,16.1,South
2025-02-11,High-Back Mesh Chair,Furniture,1,252.92,252.92,West
2023-07-19,Executive Ergonomic Desk,Furniture,2,558.72,1117.44,West
2024-12-28,Executive Ergonomic Desk,Furniture,1,527.33,606.43,North
2024-12-24,Bookshelf 5-Tier,Furniture,1,143.57,143.57,South
2021-09-02,Smartphone Ultra,Technology,1,883.18,883.18,South
2023-11-25,Braided HDMI 4K Cable (2-Pack),Electronics Accessories,1,19.73,22.69,
2022-09-30,External SSD 1TB,Electronics Accessories,2,105.46,210.92,South
2022-11-05,Standing Desk Converter,Furniture,2,188.63,377.26,North
2025-05-06,Precision Wireless Mouse,Electronics Accessories,1,39.2,39.2,North
2023-04-16,Standing Desk Converter,Furniture,4,175.22,700.88,South
2021-05-19,Conference Room Table,Furniture,2,794.53,1589.06,North
2025-11-20,Gel Pens Pack (24ct),Office Supplies,2,19.46,44.76,East
2025-08-10,Document Filing Cabinet Tray,Office Supplies,3,36.23,108.69,North
2024-03-09,High-Back Mesh Chair,Furniture,2,255.04,510.08,North
2022-07-12,Document Filing Cabinet Tray,Office Supplies,3,33.45,100.35,North
2025-11-07,Precision Wireless Mouse,Electronics Accessories,15,39.84,687.24,East
2024-05-24,Wireless Noise-Canceling Headphones,Technology,1,195.71,195.71,South
2023-09-01,Multipurpose Copy Paper (Carton),Office Supplies,3,41.91,125.73,East
2022-05-26,Standing Desk Converter,Furniture,2,185.51,371.02,North
2023-04-20,External SSD 1TB,Electronics Accessories,1,111.53,111.53,North
2025-09-21,Precision Wireless Mouse,Electronics Accessories,10,38.11,381.1,Central
2023-06-25,Ergonomic Mechanical Keyboard,Technology,4,123.89,495.56,North
2022-11-27,Wireless Noise-Canceling Headphones,Technology,1,206.08,236.99,West
2024-09-12,USB-C Fast Charging Hub,Electronics Accessories,4,50.87,203.48,North
2025-04-22,Wireless Noise-Canceling Headphones,Technology,3,206.67,620.01,North
2025-08-27,HD Streaming Webcam 1080p,Electronics Accessories,3,71.1,213.3,West
2024-07-07,Laptop Pro 15,Technology,1,1226.77,1226.77,South
2025-09-05,4K Ultra HD Monitor,Technology,2,351.71,703.42,East
2023-07-25,4K Ultra HD Monitor,Technology,1,350.78,350.78,North
2022-03-26,HD Streaming Webcam 1080p,Electronics Accessories,1,71.44,71.44,West
2024-05-23,Document Filing Cabinet Tray,Office Supplies,2,36.27,72.54,Central
2021-11-17,Bookshelf 5-Tier,Furniture,2,141.88,326.32,North
2022-12-27,4K Ultra HD Monitor,Technology,2,345.01,690.02,West
2025-05-07,USB-C Fast Charging Hub,Electronics Accessories,2,50.42,100.84,East
2022-02-12,High-Back Mesh Chair,Furniture,4,254.84,1019.36,South
2025-01-29,Standing Desk Converter,Furniture,3,173.56,520.68,South
2024-01-04,Smartphone Ultra,Technology,2,867.03,,South
2024-03-23,Executive Ergonomic Desk,Furniture,2,521.56,1043.12,West
2022-01-25,Executive Ergonomic Desk,Furniture,4,524.99,2099.96,North
2025-07-01,Self-Adhesive Sticky Notes Bulk,Office Supplies,4,16.17,64.68,South
2023-03-30,HD Streaming Webcam 1080p,Electronics Accessories,5,70.49,352.45,South
2022-04-16,HD Streaming Webcam 1080p,Electronics Accessories,1,71.22,71.22,East
2021-06-24,Bookshelf 5-Tier,Furniture,3,154.13,462.39,North
2022-06-07,Self-Adhesive Sticky Notes Bulk,Office Supplies,1,15.01,15.01,Central
2025-08-03,Multipurpose Copy Paper (Carton),Office Supplies,3,40.82,122.46,Central
2025-02-28,Wireless Noise-Canceling Headphones,Technology,2,207.31,414.62,North
2023-11-03,Standing Desk Converter,Furniture,4,171.04,786.78,West
2023-08-10,External SSD 1TB,Electronics Accessories,2,111.72,223.44,East
2023-02-15,Self-Adhesive Sticky Notes Bulk,Office Supplies,1,14.78,14.78,East
2022-06-24,Document Filing Cabinet Tray,Office Supplies,1,36.66,36.66,West
2025-03-29,Wireless Noise-Canceling Headphones,Technology,1,191.7,191.7,North
2025-05-29,Smartphone Ultra,Technology,1,903.93,903.93,North
2024-03-07,High-Back Mesh Chair,Furniture,1,237.51,237.51,North
2022-06-25,Multipurpose Copy Paper (Carton),Office Supplies,1,44.23,44.23,East
2021-04-29,HD Streaming Webcam 1080p,Electronics Accessories,3,69.27,207.81,West
2025-09-13,Document Filing Cabinet Tray,Office Supplies,1,36.67,36.67,North
2025-10-26,Executive Ergonomic Desk,Furniture,1,528.15,528.15,South
2021-01-12,Heavy-Duty Stapler & Staples,Office Supplies,2,24.3,48.6,North
2021-11-03,Wireless Noise-Canceling Headphones,Technology,4,200.96,803.84,Central
2023-12-19,Multipurpose Copy Paper (Carton),Office Supplies,1,41.61,47.85,North
2024-02-22,Smartphone Ultra,Technology,2,909.29,1818.58,East
2022-08-31,Smartphone Ultra,Technology,1,944.11,944.11,East
2024-01-19,Document Filing Cabinet Tray,Office Supplies,1,35.97,35.97,North
2024-09-24,Smartphone Ultra,Technology,1,931.24,931.24,North
2022-05-06,HD Streaming Webcam 1080p,Electronics Accessories,3,69.21,207.63,
2022-11-17,HD Streaming Webcam 1080p,Electronics Accessories,1,70.26,70.26,
2025-08-24,Wireless Noise-Canceling Headphones,Technology,1,194.6,194.6,Central
2024-11-14,Conference Room Table,Furniture,10,834.88,8348.8,West
2021-01-03,High-Back Mesh Chair,Furniture,2,241.52,483.04,North
2025-10-11,Standing Desk Converter,Furniture,3,187.15,561.45,Central
2025-09-01,Gel Pens Pack (24ct),Office Supplies,3,18.55,55.65,North
2024-03-08,Precision Wireless Mouse,Electronics Accessories,2,41.91,83.82,East
2023-06-02,USB-C Fast Charging Hub,Electronics Accessories,1,52.4,52.4,West
2022-03-26,Executive Ergonomic Desk,Furniture,2,574.26,1148.52,Central
2022-05-10,High-Back Mesh Chair,Furniture,3,248.92,746.76,North
2021-04-03,Executive Ergonomic Desk,Furniture,2,530.48,1060.96,
2024-03-25,Smartphone Ultra,Technology,1,925.59,925.59,North
2022-04-01,Heavy-Duty Stapler & Staples,Office Supplies,4,24.54,98.16,West
2025-08-04,4K Ultra HD Monitor,Technology,2,333.51,667.02,North
2022-08-24,Precision Wireless Mouse,Electronics Accessories,2,41.81,83.62,West
2025-06-23,Standing Desk Converter,Furniture,1,172.62,172.62,Central
2022-11-24,Executive Ergonomic Desk,Furniture,1,564.79,649.51,East
2024-07-13,Smartphone Ultra,Technology,10,933.95,9339.5,West
2021-12-20,Self-Adhesive Sticky Notes Bulk,Office Supplies,1,14.78,17.0,North
2022-08-11,Bookshelf 5-Tier,Furniture,2,149.94,299.88,West
2021-06-03,Wireless Noise-Canceling Headphones,Technology,5,198.59,992.95,Central
2023-01-24,Standing Desk Converter,Furniture,5,185.81,929.05,North
2025-05-01,Executive Ergonomic Desk,Furniture,2,537.78,1075.56,North
2022-12-08,Wireless Noise-Canceling Headphones,Technology,4,195.9,783.6,West
2023-10-25,Wireless Noise-Canceling Headphones,Technology,3,203.86,611.58,North
2022-08-04,Braided HDMI 4K Cable (2-Pack),Electronics Accessories,2,19.56,39.12,South
2022-07-20,Executive Ergonomic Desk,,2,521.55,1043.1,South
2025-09-11,Self-Adhesive Sticky Notes Bulk,Office Supplies,1,15.2,15.2,North
2023-01-21,Wireless Noise-Canceling Headphones,Technology,3,194.48,583.44,South
2022-06-21,Heavy-Duty Stapler & Staples,Office Supplies,1,24.5,24.5,South
2025-10-30,Laptop Pro 15,Technology,5,1184.5,5922.5,Central
2021-09-29,Self-Adhesive Sticky Notes Bulk,Office Supplies,1,15.57,15.57,North
2021-09-11,High-Back Mesh Chair,Furniture,1,237.54,237.54,East
2025-05-03,USB-C Fast Charging Hub,Electronics Accessories,1,49.9,49.9,South
2024-04-29,Self-Adhesive Sticky Notes Bulk,,3,15.59,46.77,East
2025-12-12,Executive Ergonomic Desk,Furniture,1,546.19,628.12,East
2025-06-05,USB-C Fast Charging Hub,Electronics Accessories,4,51.13,204.52,North
2024-08-24,Laptop Pro 15,Technology,1,1181.43,1181.43,North
2021-07-02,Laptop Pro 15,Technology,2,1227.24,2454.48,East
2024-02-26,Smartphone Ultra,Technology,3,869.66,2608.98,Central
2023-04-06,4K Ultra HD Monitor,Technology,1,361.85,361.85,East
2023-06-21,HD Streaming Webcam 1080p,Electronics Accessories,2,70.4,140.8,East
2024-09-21,Precision Wireless Mouse,Electronics Accessories,1,39.71,39.71,Central
2025-04-28,4K Ultra HD Monitor,Technology,1,365.83,365.83,Central
2023-11-12,Wireless Noise-Canceling Headphones,Technology,1,202.49,232.86,West
2024-04-17,4K Ultra HD Monitor,Technology,15,362.26,5433.9,North
2025-05-08,Document Filing Cabinet Tray,Office Supplies,1,33.9,33.9,South
2023-04-26,Executive Ergonomic Desk,Furniture,2,572.88,1145.76,East
2021-01-19,Laptop Pro 15,Technology,2,1174.28,2348.56,East
2022-01-26,Wireless Noise-Canceling Headphones,Technology,3,209.63,628.89,East
2022-02-08,4K Ultra HD Monitor,Technology,2,359.97,719.94,South
2025-05-17,Smartphone Ultra,Technology,1,937.32,937.32,East
2024-01-11,Smartphone Ultra,Technology,2,865.19,1730.38,West
2022-01-22,Bookshelf 5-Tier,Furniture,1,149.29,149.29,North
2021-01-22,High-Back Mesh Chair,Furniture,3,244.2,732.6,North
2022-07-07,Bookshelf 5-Tier,Furniture,8,142.68,1141.44,North
2024-08-25,Standing Desk Converter,Furniture,2,172.65,345.3,North
2022-07-14,Precision Wireless Mouse,Electronics Accessories,3,40.69,122.07,East
2023-12-25,Bookshelf 5-Tier,Furniture,4,150.46,,South
2023-06-10,Gel Pens Pack (24ct),Office Supplies,5,19.19,95.95,West
2021-10-28,Multipurpose Copy Paper (Carton),Office Supplies,2,40.59,81.18,East
2024-01-02,Wireless Noise-Canceling Headphones,Technology,1,208.78,208.78,West
2022-11-21,Laptop Pro 15,Technology,3,1199.75,3599.25,West
2022-01-14,HD Streaming Webcam 1080p,Electronics Accessories,4,72.52,290.08,West
2021-06-19,Wireless Noise-Canceling Headphones,Technology,2,202.26,404.52,West
2024-12-30,Laptop Pro 15,Technology,1,1238.19,1238.19,North
2021-07-22,Ergonomic Mechanical Keyboard,Technology,5,124.49,622.45,East
2025-06-18,Heavy-Duty Stapler & Staples,Office Supplies,2,25.23,50.46,Central
2022-05-19,Precision Wireless Mouse,Electronics Accessories,1,39.96,39.96,North
2025-12-05,Multipurpose Copy Paper (Carton),Office Supplies,15,41.45,621.75,South
2023-03-07,Precision Wireless Mouse,Electronics Accessories,1,40.14,40.14,Central
2022-03-21,USB-C Fast Charging Hub,Electronics Accessories,2,51.43,102.86,Central
2025-07-01,Heavy-Duty Stapler & Staples,Office Supplies,2,24.99,49.98,Central
2025-09-18,Smartphone Ultra,Technology,3,900.0,2700.0,North
2023-09-15,Ergonomic Mechanical Keyboard,Technology,1,129.59,129.59,North
2024-09-26,Heavy-Duty Stapler & Staples,Office Supplies,5,24.76,123.8,North
2023-08-21,Smartphone Ultra,Technology,3,939.82,2819.46,West
2021-05-20,Gel Pens Pack (24ct),Office Supplies,1,19.32,19.32,North
2021-02-21,Executive Ergonomic Desk,Furniture,1,541.14,541.14,Central
2024-10-17,Braided HDMI 4K Cable (2-Pack),Electronics Accessories,1,19.64,19.64,South
2023-10-08,Laptop Pro 15,Technology,1,1152.3,1152.3,West
2022-04-10,Laptop Pro 15,Technology,3,1243.05,3729.15,South
2024-06-16,Executive Ergonomic Desk,Furniture,1,522.28,522.28,East
2024-11-25,Wireless Noise-Canceling Headphones,Technology,1,194.58,223.77,Central
2021-10-16,Standing Desk Converter,Furniture,1,180.26,180.26,South
2023-10-17,High-Back Mesh Chair,Furniture,1,259.02,259.02,East
2021-09-04,Smartphone Ultra,Technology,1,909.69,909.69,North
2021-05-17,Wireless Noise-Canceling Headphones,Technology,15,201.43,3021.45,South
2023-09-29,Bookshelf 5-Tier,Furniture,2,151.67,303.34,North
2021-04-03,Bookshelf 5-Tier,Furniture,2,149.7,299.4,East
2021-10-22,Laptop Pro 15,Technology,8,1199.47,9595.76,North
2023-10-28,Self-Adhesive Sticky Notes Bulk,Office Supplies,5,15.33,76.65,West
INVALID_DATE,External SSD 1TB,Electronics Accessories,3,104.69,314.07,East
2024-11-04,Conference Room Table,Furniture,3,809.26,2791.95,West
2022-03-01,Multipurpose Copy Paper (Carton),Office Supplies,4,42.35,169.4,East
2022-10-21,Laptop Pro 15,Technology,2,1203.78,2407.56,
2021-02-26,Precision Wireless Mouse,Electronics Accessories,2,38.04,76.08,West
2022-12-17,USB-C Fast Charging Hub,Electronics Accessories,4,47.83,191.32,West
2023-04-14,HD Streaming Webcam 1080p,Electronics Accessories,1,71.03,71.03,East
2025-10-23,HD Streaming Webcam 1080p,Electronics Accessories,2,73.47,146.94,South
2025-05-15,4K Ultra HD Monitor,Technology,1,357.22,357.22,West
2023-06-17,Gel Pens Pack (24ct),Office Supplies,1,19.55,19.55,East
2025-03-08,Standing Desk Converter,Furniture,1,182.37,182.37,East
2024-12-23,Laptop Pro 15,Technology,3,1210.04,4174.64,East
2025-04-14,Gel Pens Pack (24ct),Office Supplies,2,19.07,38.14,South
2024-11-24,Document Filing Cabinet Tray,Office Supplies,1,34.62,39.81,East
2025-05-17,Document Filing Cabinet Tray,Office Supplies,2,36.23,72.46,North
2022-09-08,Conference Room Table,Furniture,1,816.0,816.0,South
2022-10-12,4K Ultra HD Monitor,Technology,4,362.64,1450.56,East
2022-01-06,Laptop Pro 15,Technology,1,1210.15,1210.15,West
2021-08-27,Multipurpose Copy Paper (Carton),Office Supplies,3,41.53,124.59,East
2021-06-05,Self-Adhesive Sticky Notes Bulk,Office Supplies,1,15.23,15.23,East
2023-09-26,4K Ultra HD Monitor,Technology,1,353.33,353.33,West
2021-06-10,HD Streaming Webcam 1080p,Electronics Accessories,3,71.91,215.73,South
2025-03-21,Ergonomic Mechanical Keyboard,Technology,1,134.92,134.92,East
2025-11-03,External SSD 1TB,Electronics Accessories,5,114.37,657.63,South
2024-04-20,Heavy-Duty Stapler & Staples,Office Supplies,1,25.85,25.85,West
2023-03-10,Precision Wireless Mouse,Electronics Accessories,1,41.99,41.99,West
2025-08-06,Gel Pens Pack (24ct),Office Supplies,1,19.68,19.68,South
2022-05-14,4K Ultra HD Monitor,Technology,1,333.28,333.28,South
2021-06-15,Wireless Noise-Canceling Headphones,Technology,1,203.08,203.08,North
2021-07-26,External SSD 1TB,Electronics Accessories,1,112.88,112.88,East
2021-05-18,4K Ultra HD Monitor,Technology,4,354.35,1417.4,South
2021-03-15,Ergonomic Mechanical Keyboard,Technology,2,133.33,266.66,North
2023-09-21,Bookshelf 5-Tier,Furniture,1,154.49,154.49,South
2025-05-05,Bookshelf 5-Tier,Furniture,2,148.54,297.08,East
2021-10-15,HD Streaming Webcam 1080p,Electronics Accessories,2,73.07,146.14,East
2023-07-29,Heavy-Duty Stapler & Staples,Office Supplies,5,24.02,120.1,East
2023-04-13,Multipurpose Copy Paper (Carton),Office Supplies,1,43.13,43.13,East
2022-12-22,Standing Desk Converter,Furniture,2,171.75,395.02,North
2023-02-19,Laptop Pro 15,Technology,3,1213.15,3639.45,East
2021-01-13,Gel Pens Pack (24ct),Office Supplies,8,19.01,152.08,North
2023-05-26,High-Back Mesh Chair,Furniture,2,260.01,520.02,South
2022-10-02,Ergonomic Mechanical Keyboard,Technology,1,128.99,128.99,East
2024-06-16,4K Ultra HD Monitor,Technology,4,339.88,1359.52,East
2024-06-11,Executive Ergonomic Desk,Furniture,1,576.3,576.3,East
2025-10-24,Multipurpose Copy Paper (Carton),Office Supplies,4,42.35,169.4,North
2023-12-24,Ergonomic Mechanical Keyboard,Technology,4,136.17,626.38,South
2025-12-31,High-Back Mesh Chair,Furniture,1,238.8,274.62,North
2025-07-20,HD Streaming Webcam 1080p,Electronics Accessories,2,69.56,139.12,North
2021-04-20,Wireless Noise-Canceling Headphones,Technology,3,195.56,586.68,East
2024-12-14,Wireless Noise-Canceling Headphones,Technology,1,206.52,237.5,North
2022-01-18,Wireless Noise-Canceling Headphones,Technology,1,192.93,192.93,Central
2024-08-18,Smartphone Ultra,Technology,3,929.63,2788.89,West
2024-10-10,Smartphone Ultra,Technology,1,900.49,900.49,North
2025-02-22,Laptop Pro 15,Technology,15,1193.0,17895.0,West
2022-11-19,Smartphone Ultra,Technology,3,896.25,3092.06,Central
2022-11-10,Heavy-Duty Stapler & Staples,Office Supplies,2,24.52,56.4,West
2025-10-10,USB-C Fast Charging Hub,Electronics Accessories,2,48.47,96.94,East
2021-02-17,Bookshelf 5-Tier,Furniture,1,151.36,151.36,South
2022-05-03,Wireless Noise-Canceling Headphones,Technology,2,198.31,396.62,North
2021-07-07,Braided HDMI 4K Cable (2-Pack),Electronics Accessories,3,20.01,60.03,East
2023-04-25,Document Filing Cabinet Tray,Office Supplies,8,36.65,293.2,East
2025-07-25,Wireless Noise-Canceling Headphones,Technology,4,193.3,773.2,North
2021-07-04,Braided HDMI 4K Cable (2-Pack),Electronics Accessories,2,20.14,40.28,West
2024-04-15,Smartphone Ultra,Technology,1,888.06,888.06,West
2021-10-14,Conference Room Table,Furniture,3,773.04,2319.12,North
2025-07-08,HD Streaming Webcam 1080p,Electronics Accessories,4,66.5,266.0,North
2023-06-30,Executive Ergonomic Desk,Furniture,2,529.9,1059.8,North
2021-11-24,Smartphone Ultra,Technology,8,940.35,7522.8,North
2024-07-19,Braided HDMI 4K Cable (2-Pack),Electronics Accessories,3,19.92,59.76,East
2022-05-13,Multipurpose Copy Paper (Carton),Office Supplies,8,43.37,346.96,South
2025-07-06,Braided HDMI 4K Cable (2-Pack),Electronics Accessories,3,20.34,61.02,South
2024-10-19,Standing Desk Converter,Furniture,2,183.05,366.1,East
2022-10-11,Wireless Noise-Canceling Headphones,Technology,4,195.56,782.24,West
2025-12-29,4K Ultra HD Monitor,Technology,1,358.87,358.87,West
2024-07-15,Laptop Pro 15,Technology,5,1162.69,5813.45,South
2021-09-30,Precision Wireless Mouse,Electronics Accessories,1,40.99,40.99,North
2022-01-25,Conference Room Table,Furniture,5,804.26,4021.3,South
2024-06-10,Ergonomic Mechanical Keyboard,Technology,2,134.24,268.48,South
2021-04-14,Executive Ergonomic Desk,Furniture,1,539.79,539.79,Central
2023-11-18,Laptop Pro 15,Technology,1,1218.4,1401.16,Central
2025-08-27,HD Streaming Webcam 1080p,Electronics Accessories,5,68.94,344.7,Central
2025-02-26,Laptop Pro 15,Technology,2,1224.74,2449.48,
2023-03-27,4K Ultra HD Monitor,Technology,1,362.22,362.22,West
2021-05-17,USB-C Fast Charging Hub,Electronics Accessories,1,52.13,52.13,North
2024-06-27,Self-Adhesive Sticky Notes Bulk,Office Supplies,2,15.42,30.84,North
2023-10-31,Laptop Pro 15,Technology,3,1230.13,3690.39,North
2021-09-28,4K Ultra HD Monitor,Technology,1,358.99,358.99,East
2021-12-17,HD Streaming Webcam 1080p,Electronics Accessories,2,69.37,159.55,West
2024-11-02,Laptop Pro 15,Technology,3,1192.8,4115.16,Central
2021-10-21,Braided HDMI 4K Cable (2-Pack),Electronics Accessories,2,20.46,40.92,
2023-09-11,HD Streaming Webcam 1080p,Electronics Accessories,2,71.63,143.26,North
2022-04-16,Executive Ergonomic Desk,Furniture,1,524.03,524.03,East
2021-07-11,HD Streaming Webcam 1080p,Electronics Accessories,2,72.6,145.2,Central
2021-07-22,Executive Ergonomic Desk,Furniture,1,573.3,573.3,West
2022-03-19,Ergonomic Mechanical Keyboard,Technology,1,124.47,124.47,Central
2021-12-26,Laptop Pro 15,Technology,3,1247.47,3742.41,East
2023-08-18,Standing Desk Converter,Furniture,3,186.71,560.13,Central
2022-11-29,USB-C Fast Charging Hub,Electronics Accessories,1,51.46,59.18,South
2021-10-05,Wireless Noise-Canceling Headphones,Technology,2,190.54,381.08,North
2024-12-20,Multipurpose Copy Paper (Carton),Office Supplies,3,40.96,141.31,West
2025-12-14,Conference Room Table,Furniture,1,822.48,945.85,North
2021-06-12,Laptop Pro 15,Technology,5,1182.99,5914.95,North
2021-09-26,Conference Room Table,Furniture,3,805.11,2415.33,East
2022-07-24,4K Ultra HD Monitor,Technology,3,333.08,999.24,East
2022-01-25,High-Back Mesh Chair,Furniture,1,260.41,260.41,North
2025-01-25,Heavy-Duty Stapler & Staples,Office Supplies,5,24.57,122.85,North
2022-02-23,Bookshelf 5-Tier,Furniture,1,153.08,153.08,North
2021-02-13,Standing Desk Converter,Furniture,8,183.25,1466.0,West
2021-12-21,Multipurpose Copy Paper (Carton),Office Supplies,10,44.2,508.3,South
2023-03-19,Self-Adhesive Sticky Notes Bulk,Office Supplies,1,14.83,14.83,North
2021-08-25,HD Streaming Webcam 1080p,Electronics Accessories,1,69.42,69.42,West
2023-08-20,4K Ultra HD Monitor,Technology,1,341.67,341.67,Central
2023-09-03,Precision Wireless Mouse,Electronics Accessories,1,39.51,39.51,South
2022-02-27,Heavy-Duty Stapler & Staples,Office Supplies,3,23.85,71.55,West
2025-07-16,Braided HDMI 4K Cable (2-Pack),Electronics Accessories,1,20.31,20.31,North
2024-03-15,Ergonomic Mechanical Keyboard,Technology,1,135.39,135.39,North
2022-09-16,Executive Ergonomic Desk,Furniture,2,538.48,1076.96,Central
2024-11-12,High-Back Mesh Chair,Furniture,10,237.18,2727.57,North
2023-01-29,4K Ultra HD Monitor,Technology,2,365.63,731.26,South
2024-07-17,Precision Wireless Mouse,Electronics Accessories,1,41.98,41.98,East
2021-05-05,Laptop Pro 15,Technology,1,1163.76,1163.76,North
2022-01-03,Laptop Pro 15,Technology,1,1159.22,1159.22,South
2022-01-10,Heavy-Duty Stapler & Staples,Office Supplies,1,23.95,23.95,West
2021-04-09,4K Ultra HD Monitor,Technology,1,353.58,353.58,North
2023-06-13,Braided HDMI 4K Cable (2-Pack),Electronics Accessories,1,19.6,19.6,Central
2023-02-23,USB-C Fast Charging Hub,Electronics Accessories,1,52.12,52.12,East
2023-08-11,Conference Room Table,Furniture,8,817.47,6539.76,West
2023-09-26,Smartphone Ultra,Technology,1,907.94,907.94,North
2024-07-10,4K Ultra HD Monitor,Technology,1,357.32,357.32,North
2021-01-17,Standing Desk Converter,Furniture,4,178.66,714.64,North
2022-12-21,Wireless Noise-Canceling Headphones,Technology,8,206.34,1650.72,North
2023-08-28,Self-Adhesive Sticky Notes Bulk,Office Supplies,1,14.85,14.85,East
2021-08-16,Braided HDMI 4K Cable (2-Pack),Electronics Accessories,1,19.87,19.87,East
2021-01-27,Conference Room Table,Furniture,4,804.75,3219.0,Central
2023-07-07,Executive Ergonomic Desk,Furniture,1,536.27,536.27,North
2021-02-03,Wireless Noise-Canceling Headphones,Technology,1,201.69,201.69,North
2024-10-22,Self-Adhesive Sticky Notes Bulk,Office Supplies,1,15.26,15.26,South
2024-09-20,4K Ultra HD Monitor,Technology,4,355.17,1420.68,West
2022-09-30,Document Filing Cabinet Tray,Office Supplies,1,33.62,33.62,East
2022-10-11,Wireless Noise-Canceling Headphones,Technology,1,195.4,195.4,North
2021-06-12,Precision Wireless Mouse,Electronics Accessories,1,38.67,38.67,East
2021-07-06,Precision Wireless Mouse,Electronics Accessories,3,41.93,125.79,South
2021-01-16,Standing Desk Converter,Furniture,2,182.97,365.94,North
2021-12-07,Precision Wireless Mouse,Electronics Accessories,1,39.11,44.98,North
2021-11-17,External SSD 1TB,Electronics Accessories,20,114.28,2628.44,West
2022-02-14,Heavy-Duty Stapler & Staples,Office Supplies,1,25.9,25.9,South
2022-05-05,4K Ultra HD Monitor,Technology,1,362.13,362.13,Central
2021-01-30,External SSD 1TB,Electronics Accessories,2,112.0,224.0,
2025-10-27,Ergonomic Mechanical Keyboard,Technology,8,129.52,1036.16,East
2024-06-14,Heavy-Duty Stapler & Staples,Office Supplies,3,24.37,73.11,East
2024-03-29,Precision Wireless Mouse,Electronics Accessories,20,38.44,768.8,East
2022-05-20,External SSD 1TB,Electronics Accessories,1,109.61,109.61,South
2025-08-27,Wireless Noise-Canceling Headphones,Technology,3,205.54,616.62,North
2022-06-08,Laptop Pro 15,Technology,1,1255.83,1255.83,East
2025-08-09,Ergonomic Mechanical Keyboard,Technology,1,124.39,124.39,North
2021-02-05,USB-C Fast Charging Hub,Electronics Accessories,1,49.52,49.52,Central
2023-07-30,Self-Adhesive Sticky Notes Bulk,Office Supplies,3,16.12,48.36,East
2024-11-24,Precision Wireless Mouse,Electronics Accessories,3,39.0,117.0,East
2024-03-11,Document Filing Cabinet Tray,Office Supplies,3,34.38,103.14,North
2022-07-10,Wireless Noise-Canceling Headphones,Technology,2,208.47,416.94,East
2021-07-25,Wireless Noise-Canceling Headphones,Technology,1,202.89,202.89,North
2021-07-09,4K Ultra HD Monitor,Technology,1,344.97,344.97,East
2025-12-26,Precision Wireless Mouse,Electronics Accessories,5,41.28,206.4,East
2021-03-13,Conference Room Table,Furniture,1,838.06,838.06,North
2021-02-23,4K Ultra HD Monitor,Technology,10,361.53,3615.3,Central
2024-02-09,Precision Wireless Mouse,Electronics Accessories,1,41.24,41.24,South
2023-08-05,Standing Desk Converter,Furniture,1,183.27,183.27,South
2025-07-03,Self-Adhesive Sticky Notes Bulk,Office Supplies,3,15.62,46.86,South
2022-11-16,Precision Wireless Mouse,Electronics Accessories,3,39.99,137.97,East
2023-12-03,Document Filing Cabinet Tray,Office Supplies,2,34.8,69.6,North
2023-07-13,Precision Wireless Mouse,Electronics Accessories,2,39.9,79.8,West
2025-12-08,Gel Pens Pack (24ct),Office Supplies,2,18.91,43.49,West
2023-01-12,4K Ultra HD Monitor,Technology,1,342.0,342.0,East
2022-01-11,4K Ultra HD Monitor,Technology,2,360.84,721.68,North
2022-10-14,HD Streaming Webcam 1080p,Electronics Accessories,3,67.82,203.46,South
2022-08-24,Braided HDMI 4K Cable (2-Pack),Electronics Accessories,1,19.62,19.62,West
2021-11-01,Wireless Noise-Canceling Headphones,Technology,1,203.5,234.02,South
2025-04-13,Executive Ergonomic Desk,Furniture,1,535.32,535.32,East
2024-04-02,Laptop Pro 15,Technology,1,1147.43,1147.43,North
2024-12-08,Wireless Noise-Canceling Headphones,Technology,2,209.94,482.86,Central
2025-05-02,Executive Ergonomic Desk,Furniture,1,544.32,544.32,East
2025-02-22,High-Back Mesh Chair,Furniture,4,238.56,954.24,West
2022-01-26,Laptop Pro 15,Technology,2,1158.16,2316.32,East
2023-08-07,4K Ultra HD Monitor,Technology,1,344.32,344.32,East
2025-03-17,Wireless Noise-Canceling Headphones,Technology,1,194.17,194.17,North
2021-10-19,Conference Room Table,Furniture,1,805.15,805.15,East
2024-03-25,4K Ultra HD Monitor,Technology,1,353.24,353.24,South
2025-04-02,4K Ultra HD Monitor,Technology,2,347.64,695.28,East
2024-05-11,Laptop Pro 15,Technology,1,1239.4,1239.4,West
2025-01-18,HD Streaming Webcam 1080p,Electronics Accessories,1,71.97,71.97,East
2022-08-05,Smartphone Ultra,Technology,1,942.37,942.37,East
2024-10-12,Precision Wireless Mouse,Electronics Accessories,2,40.06,80.12,North
2021-06-04,USB-C Fast Charging Hub,Electronics Accessories,8,51.54,412.32,South
2025-09-22,HD Streaming Webcam 1080p,Electronics Accessories,1,72.19,72.19,South
2024-03-04,Self-Adhesive Sticky Notes Bulk,Office Supplies,1,14.91,14.91,Central
2025-06-19,Conference Room Table,Furniture,4,831.4,3325.6,West
2021-01-22,USB-C Fast Charging Hub,Electronics Accessories,2,48.81,97.62,North
2025-05-10,USB-C Fast Charging Hub,Electronics Accessories,2,51.41,102.82,North
2022-03-09,HD Streaming Webcam 1080p,Electronics Accessories,1,69.4,69.4,East
2022-04-25,Ergonomic Mechanical Keyboard,Technology,3,131.35,394.05,West
2024-11-11,High-Back Mesh Chair,Furniture,2,239.02,478.04,North
2024-03-16,Standing Desk Converter,Furniture,2,178.15,356.3,Central
2022-08-20,Smartphone Ultra,Technology,2,868.07,1736.14,North
2021-11-30,Conference Room Table,Furniture,1,838.52,964.3,North
2024-12-22,Smartphone Ultra,Technology,2,871.67,1743.34,Central
2025-01-28,External SSD 1TB,Electronics Accessories,1,105.34,105.34,West
2021-05-14,Multipurpose Copy Paper (Carton),Office Supplies,1,41.08,41.08,East
2025-12-25,USB-C Fast Charging Hub,Electronics Accessories,1,52.13,52.13,North
2021-05-17,Gel Pens Pack (24ct),Office Supplies,3,18.43,55.29,South
2021-11-19,Laptop Pro 15,Technology,15,1142.66,19710.88,East
2024-02-16,Braided HDMI 4K Cable (2-Pack),Electronics Accessories,1,19.46,19.46,East
2022-08-11,Smartphone Ultra,Technology,2,904.21,1808.42,North
2023-09-26,Laptop Pro 15,Technology,4,1217.68,4870.72,North
2022-07-17,Braided HDMI 4K Cable (2-Pack),Electronics Accessories,1,19.44,19.44,West
2022-11-30,Gel Pens Pack (24ct),Office Supplies,3,18.44,63.62,East
2021-05-07,Laptop Pro 15,Technology,5,1254.85,6274.25,South
2022-10-24,Conference Room Table,Furniture,2,808.48,1616.96,North
2025-01-02,Document Filing Cabinet Tray,Office Supplies,1,36.73,36.73,Central
2022-10-25,Braided HDMI 4K Cable (2-Pack),Electronics Accessories,1,20.97,20.97,South
2022-05-06,Gel Pens Pack (24ct),Office Supplies,1,18.6,18.6,
2023-03-24,Ergonomic Mechanical Keyboard,Technology,2,129.62,259.24,North
2021-12-06,4K Ultra HD Monitor,Technology,3,344.91,1189.94,South
2021-04-22,Multipurpose Copy Paper (Carton),Office Supplies,3,43.76,131.28,North
2024-11-25,Standing Desk Converter,Furniture,2,175.69,404.09,North
2022-07-04,Laptop Pro 15,Technology,1,1199.54,1199.54,North
2024-10-10,Smartphone Ultra,Technology,1,939.72,939.72,North
2023-11-25,Laptop Pro 15,Technology,1,1183.39,1360.9,North
2025-10-28,Wireless Noise-Canceling Headphones,Technology,2,192.42,384.84,East
2025-07-23,External SSD 1TB,Electronics Accessories,5,112.74,563.7,South
2021-12-11,Wireless Noise-Canceling Headphones,Technology,1,205.8,236.67,East
2023-09-29,Executive Ergonomic Desk,Furniture,1,526.03,526.03,West
2024-09-14,Heavy-Duty Stapler & Staples,Office Supplies,2,24.45,48.9,East
2024-05-17,Executive Ergonomic Desk,Furniture,1,538.5,538.5,North
2021-03-20,Wireless Noise-Canceling Headphones,Technology,3,204.13,612.39,East
2024-04-27,Self-Adhesive Sticky Notes Bulk,Office Supplies,3,14.75,44.25,South
2022-04-30,External SSD 1TB,Electronics Accessories,1,106.0,106.0,North
2021-03-14,Braided HDMI 4K Cable (2-Pack),Electronics Accessories,1,20.34,20.34,West
2025-02-19,Wireless Noise-Canceling Headphones,Technology,10,194.18,1941.8,North
2021-03-30,High-Back Mesh Chair,Furniture,3,256.53,769.59,North
2025-07-16,Laptop Pro 15,Technology,10,1161.89,11618.9,East
2023-06-05,4K Ultra HD Monitor,Technology,2,343.42,686.84,South
2024-09-03,Gel Pens Pack (24ct),Office Supplies,2,17.83,35.66,West
INVALID_DATE,HD Streaming Webcam 1080p,Electronics Accessories,1,72.06,72.06,West
2024-03-13,Wireless Noise-Canceling Headphones,Technology,1,197.52,197.52,East
2025-04-27,Smartphone Ultra,Technology,4,883.52,3534.08,East
2022-06-02,Precision Wireless Mouse,Electronics Accessories,1,41.13,41.13,East
2022-11-17,Braided HDMI 4K Cable (2-Pack),Electronics Accessories,1,19.65,22.6,East
2024-04-27,Smartphone Ultra,Technology,1,860.72,860.72,North
2023-04-07,Braided HDMI 4K Cable (2-Pack),Electronics Accessories,1,20.36,20.36,West
2022-10-31,Precision Wireless Mouse,Electronics Accessories,15,41.2,618.0,West
2021-08-25,Document Filing Cabinet Tray,Office Supplies,2,35.44,70.88,North
2024-01-16,Gel Pens Pack (24ct),Office Supplies,1,18.22,18.22,North
2021-06-14,Braided HDMI 4K Cable (2-Pack),Electronics Accessories,2,20.26,40.52,East
2021-01-03,Gel Pens Pack (24ct),Office Supplies,15,19.3,289.5,West
2024-09-02,Wireless Noise-Canceling Headphones,Technology,3,199.37,598.11,South
2022-12-19,HD Streaming Webcam 1080p,Electronics Accessories,2,67.28,154.74,North
2022-01-22,Smartphone Ultra,Technology,1,911.81,,East
2024-07-03,USB-C Fast Charging Hub,Electronics Accessories,1,51.37,51.37,North
2021-11-30,Executive Ergonomic Desk,Furniture,1,524.63,603.32,East
2023-07-10,Conference Room Table,Furniture,1,761.71,761.71,North
2025-05-11,USB-C Fast Charging Hub,Electronics Accessories,3,47.86,143.58,East
2025-12-13,Conference Room Table,Furniture,1,821.78,945.05,East
2025-02-14,Smartphone Ultra,Technology,8,859.14,6873.12,West
2025-04-01,Laptop Pro 15,Technology,5,1192.22,5961.1,South
2021-09-22,Executive Ergonomic Desk,Furniture,1,544.54,544.54,East
2023-05-28,High-Back Mesh Chair,Furniture,1,241.21,241.21,Central
2021-05-05,Multipurpose Copy Paper (Carton),Office Supplies,1,43.37,43.37,South
2021-08-16,Executive Ergonomic Desk,Furniture,1,561.01,561.01,Central
2023-12-16,Smartphone Ultra,Technology,1,859.84,988.82,North
2022-03-02,Executive Ergonomic Desk,Furniture,3,545.94,1637.82,Central
2025-09-28,Gel Pens Pack (24ct),Office Supplies,2,17.87,35.74,Central
2025-03-10,High-Back Mesh Chair,Furniture,1,251.06,251.06,East
2022-04-19,HD Streaming Webcam 1080p,Electronics Accessories,1,72.53,72.53,South
2024-05-06,Wireless Noise-Canceling Headphones,Technology,1,209.07,209.07,South
2024-11-08,External SSD 1TB,Electronics Accessories,1,114.95,114.95,North
2025-04-07,Standing Desk Converter,Furniture,1,178.5,178.5,Central
2025-04-16,Precision Wireless Mouse,Electronics Accessories,1,39.31,39.31,South
2023-09-12,Heavy-Duty Stapler & Staples,Office Supplies,1,24.49,24.49,West
2025-02-14,Precision Wireless Mouse,Electronics Accessories,1,40.53,40.53,Central
2021-11-17,Wireless Noise-Canceling Headphones,Technology,1,207.28,238.37,North
2022-06-22,HD Streaming Webcam 1080p,Electronics Accessories,2,69.57,139.14,East
2025-09-19,Heavy-Duty Stapler & Staples,Office Supplies,1,25.0,25.0,Central
2022-03-28,Wireless Noise-Canceling Headphones,Technology,1,195.77,195.77,West
2024-01-10,Bookshelf 5-Tier,Furniture,1,151.99,151.99,East
2022-05-16,Multipurpose Copy Paper (Carton),Office Supplies,1,43.12,43.12,South
2022-04-06,Self-Adhesive Sticky Notes Bulk,Office Supplies,8,15.01,120.08,Central
2022-07-21,USB-C Fast Charging Hub,Electronics Accessories,3,51.16,153.48,South
2023-04-28,Braided HDMI 4K Cable (2-Pack),Electronics Accessories,4,20.0,80.0,Central
2022-02-17,Conference Room Table,Furniture,2,786.42,1572.84,North
2023-12-03,Precision Wireless Mouse,Electronics Accessories,3,41.29,123.87,South
2025-10-30,Smartphone Ultra,Technology,2,868.36,1736.72,East
2025-09-02,Laptop Pro 15,Technology,1,1163.59,1163.59,East
2021-10-11,External SSD 1TB,Electronics Accessories,3,110.28,330.84,North
2021-04-24,High-Back Mesh Chair,Furniture,1,248.81,248.81,Central
2023-09-20,Wireless Noise-Canceling Headphones,Technology,3,190.5,571.5,Central
2021-12-10,Gel Pens Pack (24ct),Office Supplies,1,17.98,17.98,South
2024-09-03,Ergonomic Mechanical Keyboard,Technology,1,134.53,134.53,West
2021-06-17,Laptop Pro 15,Technology,10,1159.39,11593.9,West
2023-07-02,Smartphone Ultra,Technology,2,934.59,1869.18,North
2023-11-04,Ergonomic Mechanical Keyboard,Technology,1,131.28,150.97,South
2025-07-02,HD Streaming Webcam 1080p,Electronics Accessories,2,70.57,141.14,North
2022-06-22,Wireless Noise-Canceling Headphones,Technology,3,194.53,583.59,South
2024-02-29,Wireless Noise-Canceling Headphones,Technology,4,202.47,809.88,South
2025-09-16,External SSD 1TB,Electronics Accessories,2,107.78,215.56,South
2025-07-12,High-Back Mesh Chair,Furniture,3,246.09,738.27,East
2025-04-10,Self-Adhesive Sticky Notes Bulk,Office Supplies,2,15.88,31.76,South
2024-03-03,Heavy-Duty Stapler & Staples,Office Supplies,2,25.2,50.4,East
2024-09-19,Laptop Pro 15,Technology,1,1166.29,1166.29,South
2021-03-09,Self-Adhesive Sticky Notes Bulk,Office Supplies,1,15.31,15.31,West
2022-07-10,HD Streaming Webcam 1080p,Electronics Accessories,5,69.82,349.1,East
2023-09-23,Heavy-Duty Stapler & Staples,Office Supplies,2,25.41,50.82,North
2024-11-04,Ergonomic Mechanical Keyboard,Technology,4,132.11,607.71,Central
2021-03-19,HD Streaming Webcam 1080p,Electronics Accessories,4,71.4,285.6,East
2024-10-11,Ergonomic Mechanical Keyboard,Technology,2,130.19,260.38,North
2023-12-31,4K Ultra HD Monitor,Technology,1,353.98,407.08,East
2022-03-19,Ergonomic Mechanical Keyboard,Technology,3,124.64,373.92,East
2024-08-09,4K Ultra HD Monitor,Technology,3,338.28,1014.84,North
2023-06-08,Laptop Pro 15,Technology,3,1202.16,3606.48,East
2023-11-04,Braided HDMI 4K Cable (2-Pack),Electronics Accessories,8,19.86,182.71,North
2025-08-08,Smartphone Ultra,Technology,3,859.74,2579.22,West
2024-11-21,External SSD 1TB,Electronics Accessories,2,110.7,254.61,West
2024-01-10,USB-C Fast Charging Hub,,5,51.13,255.65,West
2023-06-14,Ergonomic Mechanical Keyboard,Technology,2,132.16,264.32,North
2025-03-26,High-Back Mesh Chair,Furniture,2,245.37,490.74,West
2025-03-30,Wireless Noise-Canceling Headphones,Technology,2,191.69,383.38,Central
2023-11-10,Self-Adhesive Sticky Notes Bulk,Office Supplies,1,14.94,17.18,East
2024-10-30,Ergonomic Mechanical Keyboard,Technology,1,129.66,129.66,North
2021-09-23,4K Ultra HD Monitor,Technology,2,358.41,716.82,East
2023-03-12,Ergonomic Mechanical Keyboard,Technology,2,127.15,254.3,South
2024-08-14,Laptop Pro 15,Technology,4,1194.81,4779.24,North
2021-01-25,Standing Desk Converter,Furniture,15,177.79,2666.85,North
2025-12-28,Wireless Noise-Canceling Headphones,Technology,1,198.49,198.49,South
INVALID_DATE,USB-C Fast Charging Hub,Electronics Accessories,1,47.99,47.99,South
2025-04-15,High-Back Mesh Chair,Furniture,1,245.32,245.32,South
2024-05-26,Wireless Noise-Canceling Headphones,Technology,4,209.85,839.4,Central
2023-01-11,Multipurpose Copy Paper (Carton),Office Supplies,2,41.59,83.18,South
2023-03-03,4K Ultra HD Monitor,Technology,1,342.36,342.36,South
2024-12-08,Smartphone Ultra,Technology,2,937.14,1874.28,South
2023-06-17,4K Ultra HD Monitor,Technology,3,336.07,1008.21,North
2022-10-01,Braided HDMI 4K Cable (2-Pack),Electronics Accessories,3,20.71,62.13,East
2024-04-26,HD Streaming Webcam 1080p,Electronics Accessories,2,67.37,134.74,West
2023-04-25,Ergonomic Mechanical Keyboard,Technology,5,131.92,659.6,South
2023-07-13,Smartphone Ultra,Technology,3,897.86,2693.58,East
2021-01-11,Wireless Noise-Canceling Headphones,Technology,2,205.12,410.24,East
2023-10-06,Braided HDMI 4K Cable (2-Pack),Electronics Accessories,1,19.89,19.89,Central
2021-03-09,4K Ultra HD Monitor,Technology,3,339.61,1018.83,West
2021-12-23,USB-C Fast Charging Hub,Electronics Accessories,2,47.66,109.62,North
2024-08-28,Conference Room Table,Furniture,1,832.02,832.02,North
2022-01-03,USB-C Fast Charging Hub,Electronics Accessories,8,51.25,410.0,West
2024-02-03,Wireless Noise-Canceling Headphones,Technology,1,202.56,202.56,West
2022-02-03,USB-C Fast Charging Hub,Electronics Accessories,1,47.65,47.65,North
2023-05-13,Bookshelf 5-Tier,Furniture,8,144.58,1156.64,East
2021-04-11,Multipurpose Copy Paper (Carton),Office Supplies,1,42.1,42.1,South
2025-07-15,USB-C Fast Charging Hub,Electronics Accessories,2,51.19,102.38,South
2022-03-10,Document Filing Cabinet Tray,Office Supplies,1,34.96,34.96,West
2025-03-17,Wireless Noise-Canceling Headphones,Technology,1,194.6,194.6,North
2024-04-08,Bookshelf 5-Tier,Furniture,2,142.41,284.82,East
2021-07-18,Wireless Noise-Canceling Headphones,Technology,2,204.01,408.02,South
2022-11-20,Precision Wireless Mouse,Electronics Accessories,4,40.05,184.23,East
2023-10-01,Gel Pens Pack (24ct),Office Supplies,2,18.67,37.34,East
2022-05-18,Multipurpose Copy Paper (Carton),Office Supplies,4,40.73,162.92,South
2024-12-09,Ergonomic Mechanical Keyboard,Technology,4,128.91,515.64,North
2024-03-14,Wireless Noise-Canceling Headphones,Technology,2,196.22,392.44,East
2023-05-18,Braided HDMI 4K Cable (2-Pack),Electronics Accessories,1,19.38,19.38,West
2022-08-03,HD Streaming Webcam 1080p,Electronics Accessories,1,68.08,68.08,South
2021-08-19,USB-C Fast Charging Hub,Electronics Accessories,1,49.77,49.77,Central
2022-01-27,Bookshelf 5-Tier,Furniture,1,156.21,156.21,North
2024-03-14,Braided HDMI 4K Cable (2-Pack),Electronics Accessories,1,20.52,20.52,West
2025-05-18,Wireless Noise-Canceling Headphones,Technology,2,202.11,404.22,South
2021-08-09,Conference Room Table,Furniture,5,819.93,4099.65,West
2023-06-16,HD Streaming Webcam 1080p,Electronics Accessories,5,69.21,346.05,West
2023-09-10,Standing Desk Converter,Furniture,10,187.67,1876.7,North
2025-04-03,Executive Ergonomic Desk,Furniture,1,574.19,574.19,South
2024-11-11,Precision Wireless Mouse,Electronics Accessories,20,39.61,911.03,South
2021-02-24,Executive Ergonomic Desk,Furniture,2,545.68,1091.36,North
2024-05-06,Smartphone Ultra,Technology,10,882.28,8822.8,South
2021-07-30,Executive Ergonomic Desk,Furniture,4,521.89,2087.56,East
2023-11-07,High-Back Mesh Chair,Furniture,2,261.0,522.0,East
2024-10-28,Gel Pens Pack (24ct),Office Supplies,20,19.19,383.8,Central
2025-09-29,Wireless Noise-Canceling Headphones,Technology,1,191.93,191.93,North
2021-01-14,Braided HDMI 4K Cable (2-Pack),Electronics Accessories,2,19.44,38.88,South
2021-12-10,4K Ultra HD Monitor,Technology,1,353.89,406.97,North
2025-09-20,HD Streaming Webcam 1080p,Electronics Accessories,1,68.17,68.17,West
2022-12-26,Bookshelf 5-Tier,Furniture,3,146.59,439.77,East
2023-05-04,4K Ultra HD Monitor,Technology,1,338.98,338.98,South
2023-09-16,Precision Wireless Mouse,Electronics Accessories,3,40.82,122.46,North
2023-11-28,High-Back Mesh Chair,Furniture,1,246.31,246.31,East
2025-10-22,Gel Pens Pack (24ct),Office Supplies,1,19.61,19.61,East
2022-12-19,External SSD 1TB,Electronics Accessories,1,114.27,131.41,South
2024-03-04,Document Filing Cabinet Tray,Office Supplies,1,36.13,36.13,South
2022-01-15,Conference Room Table,Furniture,1,815.87,815.87,Central
2021-01-17,High-Back Mesh Chair,Furniture,2,250.06,500.12,North
2021-04-29,Gel Pens Pack (24ct),Office Supplies,1,18.95,18.95,North
2022-07-10,Conference Room Table,Furniture,1,818.14,818.14,East
2021-08-02,Braided HDMI 4K Cable (2-Pack),Electronics Accessories,1,19.91,19.91,East
2025-03-23,Ergonomic Mechanical Keyboard,Technology,1,126.08,126.08,South
2025-07-28,USB-C Fast Charging Hub,Electronics Accessories,1,48.94,48.94,West
2022-06-20,Multipurpose Copy Paper (Carton),Office Supplies,1,41.3,41.3,Central
2024-04-06,Precision Wireless Mouse,Electronics Accessories,1,41.19,41.19,West
2023-03-25,Standing Desk Converter,Furniture,1,178.77,178.77,West
2023-02-09,Executive Ergonomic Desk,Furniture,1,531.59,531.59,North
2022-06-18,Standing Desk Converter,,4,174.16,696.64,South
2025-05-24,Precision Wireless Mouse,Electronics Accessories,15,41.25,618.75,East
2025-03-29,External SSD 1TB,Electronics Accessories,2,105.64,211.28,Central
2022-12-31,Ergonomic Mechanical Keyboard,Technology,1,123.52,142.05,Central
2022-06-27,High-Back Mesh Chair,Furniture,2,254.85,509.7,North
2022-06-16,High-Back Mesh Chair,Furniture,1,260.22,260.22,South
2025-04-30,Laptop Pro 15,Technology,1,1206.47,1206.47,Central
2021-08-02,Gel Pens Pack (24ct),Office Supplies,1,18.98,18.98,East
2023-12-12,Executive Ergonomic Desk,Furniture,2,567.35,1134.7,West
2025-02-10,Smartphone Ultra,Technology,1,912.5,912.5,East
2021-03-28,Smartphone Ultra,Technology,20,893.87,17877.4,North
2022-11-12,4K Ultra HD Monitor,Technology,2,349.59,699.18,Central
2024-08-30,Conference Room Table,Furniture,2,818.36,1636.72,East
2022-03-29,Smartphone Ultra,Technology,1,935.94,935.94,Central
2025-05-19,Heavy-Duty Stapler & Staples,Office Supplies,2,25.01,50.02,South
2023-10-13,Gel Pens Pack (24ct),Office Supplies,2,18.63,37.26,South
INVALID_DATE,External SSD 1TB,Electronics Accessories,1,115.47,115.47,West
2021-12-04,USB-C Fast Charging Hub,Electronics Accessories,4,47.82,219.97,East
2025-02-18,Standing Desk Converter,Furniture,5,188.67,943.35,East
2023-08-18,Smartphone Ultra,Technology,3,929.36,2788.08,West
2021-01-10,USB-C Fast Charging Hub,Electronics Accessories,5,49.84,249.2,South
2022-11-20,Conference Room Table,Furniture,10,764.33,8789.8,East
2021-08-24,Braided HDMI 4K Cable (2-Pack),Electronics Accessories,3,20.31,60.93,North
2021-09-16,4K Ultra HD Monitor,Technology,1,336.08,336.08,Central
2025-08-29,Precision Wireless Mouse,Electronics Accessories,3,38.3,114.9,East
2022-09-21,Executive Ergonomic Desk,Furniture,1,569.7,569.7,East
2021-09-05,4K Ultra HD Monitor,Technology,1,354.58,354.58,North
2024-07-18,USB-C Fast Charging Hub,Electronics Accessories,2,49.2,98.4,East
2024-09-27,Document Filing Cabinet Tray,Office Supplies,1,33.91,33.91,Central
2022-11-09,Conference Room Table,Furniture,1,760.45,760.45,Central
2025-06-14,Executive Ergonomic Desk,Furniture,1,554.29,554.29,South
2024-11-13,Wireless Noise-Canceling Headphones,Technology,3,201.61,695.55,East
2023-07-12,Smartphone Ultra,Technology,3,866.68,2600.04,Central
2021-01-06,Document Filing Cabinet Tray,Office Supplies,1,34.45,34.45,East
2023-10-23,Heavy-Duty Stapler & Staples,Office Supplies,3,23.92,71.76,North
2021-04-27,Document Filing Cabinet Tray,Office Supplies,1,35.49,35.49,North
2023-09-09,Bookshelf 5-Tier,Furniture,1,152.16,152.16,East
2025-04-20,Ergonomic Mechanical Keyboard,Technology,1,126.24,126.24,Central
2023-07-01,4K Ultra HD Monitor,Technology,1,355.1,355.1,East
2024-08-15,Executive Ergonomic Desk,Furniture,1,562.99,562.99,Central
2023-09-29,4K Ultra HD Monitor,Technology,1,342.72,342.72,North
2021-06-10,Precision Wireless Mouse,Electronics Accessories,4,39.03,156.12,North
2021-10-03,Multipurpose Copy Paper (Carton),Office Supplies,1,42.98,42.98,East
2022-07-01,HD Streaming Webcam 1080p,Electronics Accessories,2,70.14,140.28,South
2022-08-18,Laptop Pro 15,Technology,2,1208.94,2417.88,West
2024-10-11,4K Ultra HD Monitor,Technology,4,358.17,1432.68,North
2023-07-03,Braided HDMI 4K Cable (2-Pack),Electronics Accessories,1,19.32,19.32,East
2023-04-02,Document Filing Cabinet Tray,Office Supplies,1,35.45,35.45,North
2022-07-15,Standing Desk Converter,Furniture,4,181.24,724.96,North
2022-05-10,Gel Pens Pack (24ct),Office Supplies,1,19.1,19.1,Central
2025-08-07,Laptop Pro 15,Technology,5,1233.67,6168.35,South
2024-02-04,Standing Desk Converter,Furniture,3,176.58,529.74,South
2023-07-18,Braided HDMI 4K Cable (2-Pack),Electronics Accessories,3,20.74,62.22,East
2023-07-10,External SSD 1TB,,1,104.53,104.53,South
2023-01-24,Self-Adhesive Sticky Notes Bulk,Office Supplies,1,15.78,15.78,North
2021-03-03,Precision Wireless Mouse,Electronics Accessories,2,40.6,81.2,North
2022-07-24,Smartphone Ultra,Technology,1,936.85,936.85,North
2024-01-21,Braided HDMI 4K Cable (2-Pack),Electronics Accessories,3,19.52,58.56,North
2023-07-16,Smartphone Ultra,Technology,1,926.55,926.55,South
2021-07-23,Laptop Pro 15,Technology,1,1175.92,1175.92,West
2021-03-03,Ergonomic Mechanical Keyboard,Technology,1,124.64,124.64,South
2021-11-07,Bookshelf 5-Tier,Furniture,15,144.03,2160.45,North
2021-05-10,Wireless Noise-Canceling Headphones,Technology,2,192.4,384.8,North
2023-02-07,Ergonomic Mechanical Keyboard,Technology,3,129.29,,Central
2025-01-17,High-Back Mesh Chair,Furniture,1,252.93,252.93,East
2025-05-08,4K Ultra HD Monitor,Technology,4,349.1,1396.4,South
2022-03-26,Executive Ergonomic Desk,Furniture,2,570.22,1140.44,North
2025-05-01,USB-C Fast Charging Hub,Electronics Accessories,1,48.21,48.21,East
2022-06-26,Smartphone Ultra,Technology,1,886.06,886.06,East
2024-07-22,Laptop Pro 15,Technology,3,1163.07,3489.21,South
2021-01-26,Gel Pens Pack (24ct),Office Supplies,1,17.83,17.83,South
2021-06-18,High-Back Mesh Chair,Furniture,2,237.21,474.42,North
2025-04-11,External SSD 1TB,Electronics Accessories,4,107.05,428.2,North
2024-07-29,High-Back Mesh Chair,Furniture,4,252.69,1010.76,East
2025-11-06,Document Filing Cabinet Tray,Office Supplies,2,35.59,81.86,North
2023-01-23,Braided HDMI 4K Cable (2-Pack),Electronics Accessories,2,20.98,41.96,East
2024-12-19,USB-C Fast Charging Hub,Electronics Accessories,3,49.75,171.64,North
2024-06-23,Conference Room Table,Furniture,4,779.05,3116.2,Central
2023-08-02,Bookshelf 5-Tier,Furniture,5,151.04,755.2,South
2025-09-15,Ergonomic Mechanical Keyboard,Technology,1,129.45,129.45,North
2024-04-24,Smartphone Ultra,Technology,8,931.77,7454.16,South
2024-12-26,High-Back Mesh Chair,Furniture,3,261.59,902.49,West
2022-10-13,Executive Ergonomic Desk,Furniture,2,531.15,1062.3,South
2022-12-23,Executive Ergonomic Desk,Furniture,2,558.52,1117.04,East
2024-04-12,4K Ultra HD Monitor,Technology,20,351.16,7023.2,West
2025-10-10,Document Filing Cabinet Tray,Office Supplies,5,33.97,169.85,Central
2021-06-15,Precision Wireless Mouse,Electronics Accessories,1,39.34,39.34,Central
2023-03-04,Conference Room Table,Furniture,3,771.81,2315.43,North
2024-03-18,Smartphone Ultra,Technology,2,935.9,1871.8,West
2022-07-10,High-Back Mesh Chair,Furniture,2,240.5,,East
2021-03-17,Precision Wireless Mouse,Electronics Accessories,8,38.34,306.72,West
2022-09-03,Ergonomic Mechanical Keyboard,Technology,8,127.25,1018.0,East
2021-04-25,Executive Ergonomic Desk,Furniture,1,536.57,536.57,Central
2023-01-09,Laptop Pro 15,Technology,2,1141.67,2283.34,North
2023-05-11,High-Back Mesh Chair,Furniture,2,237.36,474.72,West
2023-07-17,HD Streaming Webcam 1080p,Electronics Accessories,2,71.28,142.56,North
2021-01-13,4K Ultra HD Monitor,Technology,1,355.18,355.18,North
2021-09-18,Multipurpose Copy Paper (Carton),Office Supplies,2,44.46,88.92,East
2023-04-01,Laptop Pro 15,Technology,4,1236.43,4945.72,Central
2022-05-23,Laptop Pro 15,Technology,2,1155.89,2311.78,West
2023-07-31,Ergonomic Mechanical Keyboard,Technology,4,134.58,538.32,Central
2024-11-08,Document Filing Cabinet Tray,Office Supplies,3,33.7,116.26,Central
2024-05-16,HD Streaming Webcam 1080p,Electronics Accessories,1,67.17,67.17,West
2022-03-29,External SSD 1TB,Electronics Accessories,2,108.73,217.46,North
2023-02-21,High-Back Mesh Chair,Furniture,3,254.5,763.5,East
2021-07-05,Ergonomic Mechanical Keyboard,Technology,2,135.66,271.32,East
2022-04-11,Bookshelf 5-Tier,Furniture,1,153.42,153.42,East
2021-01-17,USB-C Fast Charging Hub,Electronics Accessories,8,50.43,403.44,Central
2023-04-22,Braided HDMI 4K Cable (2-Pack),Electronics Accessories,2,20.05,40.1,North
2021-08-10,Precision Wireless Mouse,Electronics Accessories,1,41.1,41.1,South
2022-06-08,4K Ultra HD Monitor,Technology,2,351.53,703.06,South
2023-03-20,Gel Pens Pack (24ct),Office Supplies,1,18.52,18.52,East
2023-04-09,Laptop Pro 15,Technology,3,1164.71,3494.13,North
2023-03-24,Executive Ergonomic Desk,Furniture,8,561.23,4489.84,West
2025-10-01,Smartphone Ultra,,3,928.64,2785.92,South
2021-09-30,Gel Pens Pack (24ct),Office Supplies,1,19.51,19.51,East
2022-05-17,Smartphone Ultra,Technology,8,872.63,6981.04,West
2025-12-23,Wireless Noise-Canceling Headphones,Technology,1,200.89,231.02,East
2023-05-10,Smartphone Ultra,Technology,1,902.52,902.52,North
2022-08-22,External SSD 1TB,Electronics Accessories,2,113.14,226.28,North
2025-07-08,Bookshelf 5-Tier,Furniture,3,147.15,441.45,North
2023-03-29,Wireless Noise-Canceling Headphones,Technology,2,192.04,384.08,North
2021-05-03,Precision Wireless Mouse,Electronics Accessories,1,39.86,39.86,West
2021-04-28,Smartphone Ultra,Technology,2,870.12,1740.24,South
2025-09-13,Precision Wireless Mouse,Electronics Accessories,2,40.31,80.62,West
2024-04-09,Bookshelf 5-Tier,Furniture,3,142.03,426.09,Central
2023-03-29,Self-Adhesive Sticky Notes Bulk,Office Supplies,1,14.96,14.96,West
2022-01-06,HD Streaming Webcam 1080p,Electronics Accessories,2,69.91,139.82,East
2022-05-27,Heavy-Duty Stapler & Staples,Office Supplies,2,23.87,47.74,South
2023-02-09,4K Ultra HD Monitor,Technology,2,363.37,726.74,West
2024-12-10,Standing Desk Converter,Furniture,1,178.0,204.7,South
2024-08-06,Smartphone Ultra,Technology,1,863.32,863.32,Central
2024-10-18,Laptop Pro 15,Technology,1,1250.46,1250.46,North
2022-11-06,Self-Adhesive Sticky Notes Bulk,Office Supplies,3,16.15,55.72,Central
2021-04-28,High-Back Mesh Chair,Furniture,3,256.71,770.13,North
2024-10-09,Bookshelf 5-Tier,Furniture,1,155.43,155.43,North
2022-10-01,High-Back Mesh Chair,Furniture,3,240.8,722.4,South
2022-05-01,HD Streaming Webcam 1080p,Electronics Accessories,1,66.82,66.82,Central
2023-04-15,Multipurpose Copy Paper (Carton),Office Supplies,5,42.83,214.15,East
2023-05-22,High-Back Mesh Chair,Furniture,2,258.06,516.12,Central
2022-02-07,Braided HDMI 4K Cable (2-Pack),Electronics Accessories,1,19.42,19.42,West
2023-03-04,Heavy-Duty Stapler & Staples,Office Supplies,1,24.16,24.16,West
2025-04-12,4K Ultra HD Monitor,Technology,1,363.71,363.71,North
2025-07-17,Bookshelf 5-Tier,Furniture,5,142.1,710.5,West
2021-04-15,Smartphone Ultra,Technology,2,897.56,1795.12,East
2024-05-29,HD Streaming Webcam 1080p,Electronics Accessories,1,73.36,73.36,Central
2021-08-24,Heavy-Duty Stapler & Staples,Office Supplies,4,24.87,99.48,East
2024-02-25,Wireless Noise-Canceling Headphones,Technology,4,202.13,808.52,West
2022-05-25,Bookshelf 5-Tier,Furniture,1,142.48,142.48,East
2021-03-28,External SSD 1TB,Electronics Accessories,1,105.43,105.43,South
2024-09-08,Braided HDMI 4K Cable (2-Pack),Electronics Accessories,3,20.97,62.91,South
2023-10-29,Smartphone Ultra,Technology,3,883.03,2649.09,North
2024-01-08,Self-Adhesive Sticky Notes Bulk,Office Supplies,1,15.31,15.31,West
2025-12-30,Standing Desk Converter,Furniture,1,184.1,211.71,West
2021-04-25,Conference Room Table,Furniture,3,765.79,2297.37,East
2023-08-27,Executive Ergonomic Desk,Furniture,2,544.95,1089.9,Central
2021-08-05,Standing Desk Converter,Furniture,1,186.68,186.68,West
2024-10-15,Conference Room Table,Furniture,3,778.48,2335.44,South
2023-04-25,Self-Adhesive Sticky Notes Bulk,Office Supplies,1,15.17,15.17,East
2025-02-09,Document Filing Cabinet Tray,Office Supplies,4,36.14,144.56,Central
2023-10-28,Conference Room Table,Furniture,1,838.9,838.9,North
2022-04-02,High-Back Mesh Chair,Furniture,2,248.17,496.34,East
2021-05-10,HD Streaming Webcam 1080p,Electronics Accessories,5,72.43,362.15,East
2023-01-14,Standing Desk Converter,Furniture,2,185.4,370.8,East
2025-10-26,HD Streaming Webcam 1080p,Electronics Accessories,1,70.8,70.8,Central
2025-10-31,Ergonomic Mechanical Keyboard,Technology,2,132.83,265.66,Central
2024-10-26,Braided HDMI 4K Cable (2-Pack),Electronics Accessories,3,19.34,58.02,North
2024-02-17,Bookshelf 5-Tier,Furniture,1,156.33,156.33,East
2021-12-03,Laptop Pro 15,Technology,2,1227.26,2822.7,South
2022-09-27,Standing Desk Converter,Furniture,3,186.41,559.23,West
2021-06-15,Executive Ergonomic Desk,Furniture,2,557.8,1115.6,South
2024-09-17,Wireless Noise-Canceling Headphones,Technology,1,190.95,190.95,North
2024-02-01,Smartphone Ultra,Technology,3,934.72,2804.16,West
2021-08-14,High-Back Mesh Chair,Furniture,1,259.17,259.17,South
2021-04-06,Conference Room Table,Furniture,3,834.76,2504.28,East
2025-03-05,4K Ultra HD Monitor,Technology,2,341.32,682.64,West
2021-08-09,Conference Room Table,Furniture,8,789.31,6314.48,East
2024-08-09,4K Ultra HD Monitor,Technology,1,355.48,355.48,East
2023-11-24,External SSD 1TB,Electronics Accessories,2,105.19,210.38,North
2024-05-20,Laptop Pro 15,Technology,1,1226.54,1226.54,South
2023-05-02,Wireless Noise-Canceling Headphones,Technology,8,207.65,1661.2,West
2021-08-16,Precision Wireless Mouse,Electronics Accessories,8,38.27,306.16,West
2022-12-03,4K Ultra HD Monitor,Technology,10,355.15,4084.22,West
2022-08-17,Document Filing Cabinet Tray,Office Supplies,2,33.69,67.38,South
2025-03-16,High-Back Mesh Chair,Furniture,4,249.31,997.24,West
2021-02-18,Heavy-Duty Stapler & Staples,Office Supplies,1,25.5,25.5,Central
2022-08-28,Laptop Pro 15,Technology,2,1157.42,2314.84,North
2021-02-04,Smartphone Ultra,Technology,1,930.69,930.69,West
2021-08-17,Multipurpose Copy Paper (Carton),Office Supplies,1,41.56,41.56,North
2023-09-16,Document Filing Cabinet Tray,Office Supplies,1,33.36,33.36,North
2025-04-19,USB-C Fast Charging Hub,Electronics Accessories,2,48.54,97.08,North
2023-03-16,Smartphone Ultra,Technology,3,941.37,2824.11,Central
2021-08-17,4K Ultra HD Monitor,Technology,1,335.29,335.29,East
2021-11-22,Braided HDMI 4K Cable (2-Pack),Electronics Accessories,5,19.43,111.72,North
2021-06-14,Document Filing Cabinet Tray,Office Supplies,4,33.91,135.64,South
2022-09-19,Executive Ergonomic Desk,Furniture,2,526.28,1052.56,North
2021-12-06,Gel Pens Pack (24ct),Office Supplies,2,18.44,36.88,South
2023-07-21,4K Ultra HD Monitor,Technology,1,351.88,351.88,Central
2025-12-01,Ergonomic Mechanical Keyboard,Technology,2,125.88,289.52,East
2025-08-30,Conference Room Table,Furniture,3,786.31,2358.93,North
2025-11-09,Wireless Noise-Canceling Headphones,Technology,10,202.73,2331.39,South
2024-01-08,Bookshelf 5-Tier,Furniture,8,154.69,1237.52,Central
2022-12-31,Executive Ergonomic Desk,Furniture,1,547.39,547.39,South
2025-06-18,4K Ultra HD Monitor,Technology,4,345.93,1383.72,South
2022-02-05,HD Streaming Webcam 1080p,Electronics Accessories,5,68.25,341.25,South
2023-01-08,Standing Desk Converter,Furniture,2,174.81,349.62,North
2021-01-23,Wireless Noise-Canceling Headphones,Technology,1,208.72,208.72,North
2023-11-12,Self-Adhesive Sticky Notes Bulk,Office Supplies,1,14.78,17.0,East
2023-08-24,Bookshelf 5-Tier,Furniture,2,146.1,292.2,East
2023-02-18,Standing Desk Converter,Furniture,1,188.5,188.5,South
2024-03-10,Gel Pens Pack (24ct),Office Supplies,2,19.35,38.7,East
2025-12-07,Multipurpose Copy Paper (Carton),Office Supplies,2,44.23,101.73,West
2025-07-03,Gel Pens Pack (24ct),Office Supplies,2,17.98,35.96,Central
2022-08-17,External SSD 1TB,Electronics Accessories,1,113.94,113.94,South
2022-08-29,Wireless Noise-Canceling Headphones,Technology,1,198.35,198.35,North
2024-05-21,Smartphone Ultra,Technology,4,887.3,3549.2,West
2024-01-11,HD Streaming Webcam 1080p,Electronics Accessories,3,68.81,206.43,West
2021-11-07,Wireless Noise-Canceling Headphones,Technology,1,194.92,224.16,East
2021-11-17,Smartphone Ultra,Technology,1,858.9,858.9,Central
2021-02-11,Ergonomic Mechanical Keyboard,Technology,2,130.37,260.74,South
2022-12-17,Standing Desk Converter,Furniture,4,185.37,852.7,West
2022-09-26,High-Back Mesh Chair,Furniture,1,253.54,253.54,South
2021-04-20,Wireless Noise-Canceling Headphones,Technology,2,194.53,389.06,West
2022-07-11,Braided HDMI 4K Cable (2-Pack),Electronics Accessories,1,19.48,19.48,North
2025-10-03,Smartphone Ultra,Technology,4,929.13,3716.52,North
2022-05-02,Self-Adhesive Sticky Notes Bulk,Office Supplies,5,15.64,78.2,West
2024-09-13,Executive Ergonomic Desk,Furniture,3,553.12,1659.36,North
2021-07-21,HD Streaming Webcam 1080p,Electronics Accessories,1,66.52,66.52,South
2023-02-04,Wireless Noise-Canceling Headphones,Technology,1,204.17,204.17,North
2025-04-20,External SSD 1TB,Electronics Accessories,3,112.9,338.7,Central
2025-07-05,Executive Ergonomic Desk,Furniture,2,569.98,1139.96,Central
2024-05-23,Executive Ergonomic Desk,Furniture,2,527.82,1055.64,North
2024-03-31,Laptop Pro 15,Technology,1,1161.06,1161.06,Central
2024-08-03,Laptop Pro 15,Technology,2,1211.77,2423.54,Central
2025-03-24,High-Back Mesh Chair,Furniture,1,261.35,261.35,South
2022-12-17,Wireless Noise-Canceling Headphones,Technology,1,206.12,237.04,South
2025-08-30,Self-Adhesive Sticky Notes Bulk,Office Supplies,2,15.21,30.42,South
2024-03-07,Executive Ergonomic Desk,Furniture,1,554.43,554.43,West
2025-09-14,External SSD 1TB,Electronics Accessories,4,110.55,442.2,North
2023-01-05,Ergonomic Mechanical Keyboard,Technology,1,129.57,129.57,Central
2025-08-02,Laptop Pro 15,Technology,1,1203.21,1203.21,East
2025-02-27,Conference Room Table,Furniture,3,793.67,2381.01,Central
2025-04-15,Braided HDMI 4K Cable (2-Pack),Electronics Accessories,3,19.62,58.86,North
2021-12-22,Multipurpose Copy Paper (Carton),Office Supplies,1,42.54,,Central
2023-05-12,Document Filing Cabinet Tray,Office Supplies,10,35.07,350.7,West
2021-01-01,Smartphone Ultra,Technology,1,901.57,901.57,South
2024-09-15,Braided HDMI 4K Cable (2-Pack),Electronics Accessories,1,19.77,19.77,Central
2023-02-28,4K Ultra HD Monitor,Technology,1,355.96,355.96,East
2024-02-13,Heavy-Duty Stapler & Staples,Office Supplies,5,23.95,119.75,West
2022-08-25,Ergonomic Mechanical Keyboard,Technology,1,131.28,131.28,South
2022-04-22,Bookshelf 5-Tier,Furniture,1,153.19,153.19,East
2025-12-19,4K Ultra HD Monitor,Technology,1,354.68,407.88,West
2025-09-26,Wireless Noise-Canceling Headphones,Technology,1,196.06,196.06,East
2022-02-20,Precision Wireless Mouse,Electronics Accessories,3,39.7,119.1,South
2023-08-08,External SSD 1TB,Electronics Accessories,1,109.75,109.75,West
2024-03-01,Laptop Pro 15,Technology,1,1141.16,1141.16,East
2023-07-02,Precision Wireless Mouse,Electronics Accessories,1,41.74,41.74,North
2021-01-20,Conference Room Table,,2,799.85,1599.7,South
2024-05-18,High-Back Mesh Chair,Furniture,4,239.9,959.6,
2021-01-03,4K Ultra HD Monitor,Technology,2,362.55,725.1,South
2022-06-05,Laptop Pro 15,Technology,4,1172.88,4691.52,East
2023-12-13,Conference Room Table,Furniture,5,763.7,3818.5,North
2021-04-04,Bookshelf 5-Tier,Furniture,1,149.46,149.46,Central
2022-10-13,Ergonomic Mechanical Keyboard,Technology,4,134.55,538.2,North
2022-02-14,Standing Desk Converter,Furniture,3,176.06,528.18,South
2023-05-31,Wireless Noise-Canceling Headphones,Technology,1,193.17,193.17,East
2022-12-18,Ergonomic Mechanical Keyboard,Technology,3,128.47,443.22,Central
2021-06-01,Document Filing Cabinet Tray,Office Supplies,1,33.5,33.5,North
2022-12-22,4K Ultra HD Monitor,Technology,3,366.56,1264.63,South
2023-12-19,Wireless Noise-Canceling Headphones,Technology,2,207.74,477.8,West
2024-09-17,Precision Wireless Mouse,Electronics Accessories,10,39.27,392.7,East
2024-07-18,Laptop Pro 15,Technology,2,1242.04,2484.08,North
2023-01-05,Multipurpose Copy Paper (Carton),Office Supplies,2,42.7,85.4,South
2021-02-02,Executive Ergonomic Desk,Furniture,2,558.46,1116.92,Central
2021-03-02,USB-C Fast Charging Hub,Electronics Accessories,4,49.85,199.4,East
2022-10-24,Ergonomic Mechanical Keyboard,Technology,1,135.8,135.8,East
2022-08-02,Wireless Noise-Canceling Headphones,Technology,3,201.58,604.74,West
2025-07-07,External SSD 1TB,Electronics Accessories,1,104.92,104.92,South
2023-06-06,Self-Adhesive Sticky Notes Bulk,Office Supplies,4,15.26,61.04,North
2023-07-11,4K Ultra HD Monitor,Technology,1,333.03,333.03,North
2023-07-12,Conference Room Table,Furniture,5,761.96,3809.8,South
2024-11-17,Document Filing Cabinet Tray,Office Supplies,8,36.11,332.21,South
2024-12-14,Wireless Noise-Canceling Headphones,Technology,1,209.68,209.68,West
2025-09-22,Laptop Pro 15,Technology,4,1194.5,4778.0,South
2024-11-29,Conference Room Table,Furniture,1,828.0,952.2,East
2023-11-04,Laptop Pro 15,Technology,3,1222.58,3667.74,East
2022-06-05,Braided HDMI 4K Cable (2-Pack),Electronics Accessories,2,19.6,39.2,East
2024-10-01,Laptop Pro 15,Technology,2,1194.6,2389.2,Central
2024-05-29,USB-C Fast Charging Hub,Electronics Accessories,2,48.91,97.82,North
2021-03-15,Gel Pens Pack (24ct),Office Supplies,1,18.54,18.54,North
2022-01-08,Standing Desk Converter,Furniture,10,171.34,1713.4,East
2024-05-23,Laptop Pro 15,Technology,3,1206.8,3620.4,South
2022-10-26,Conference Room Table,Furniture,2,797.74,1595.48,East
2023-12-12,High-Back Mesh Chair,Furniture,1,239.17,275.05,East
2024-05-18,Smartphone Ultra,Technology,4,908.31,3633.24,East
2023-12-14,Wireless Noise-Canceling Headphones,Technology,8,194.02,1552.16,North
2022-10-30,Smartphone Ultra,Technology,10,902.51,9025.1,West
2021-04-11,USB-C Fast Charging Hub,Electronics Accessories,1,50.93,50.93,Central
2025-12-20,External SSD 1TB,Electronics Accessories,3,104.61,360.9,North
2025-04-01,Bookshelf 5-Tier,Furniture,2,147.66,295.32,North
2025-06-14,High-Back Mesh Chair,Furniture,1,260.61,260.61,East
2025-12-28,High-Back Mesh Chair,Furniture,1,259.92,298.91,North
2025-12-31,External SSD 1TB,Electronics Accessories,2,109.68,252.26,West
2024-01-12,Self-Adhesive Sticky Notes Bulk,Office Supplies,1,14.84,14.84,North
2021-04-17,USB-C Fast Charging Hub,Electronics Accessories,4,48.84,195.36,South
2025-04-11,Multipurpose Copy Paper (Carton),Office Supplies,3,42.84,128.52,Central
2025-09-16,Bookshelf 5-Tier,Furniture,1,152.15,152.15,North
2024-01-05,Heavy-Duty Stapler & Staples,Office Supplies,2,24.34,48.68,South
2024-03-25,USB-C Fast Charging Hub,Electronics Accessories,2,47.97,95.94,East
2023-12-04,Standing Desk Converter,Furniture,1,180.02,180.02,South
2024-01-18,Executive Ergonomic Desk,Furniture,2,572.18,1144.36,East
2021-09-14,Gel Pens Pack (24ct),Office Supplies,3,18.02,54.06,North
2025-03-24,HD Streaming Webcam 1080p,Electronics Accessories,3,67.41,202.23,South
2025-09-09,Heavy-Duty Stapler & Staples,Office Supplies,1,25.93,25.93,Central
2025-02-04,4K Ultra HD Monitor,Technology,3,345.9,1037.7,Central
2023-03-06,Braided HDMI 4K Cable (2-Pack),Electronics Accessories,1,20.01,20.01,East
2025-06-03,Document Filing Cabinet Tray,Office Supplies,2,33.29,66.58,North
2024-05-29,Ergonomic Mechanical Keyboard,Technology,1,136.07,136.07,Central
2025-06-27,Smartphone Ultra,Technology,1,905.53,905.53,North
2023-02-21,Standing Desk Converter,Furniture,2,179.51,359.02,East
2023-09-25,Standing Desk Converter,Furniture,1,180.56,180.56,North
2025-11-20,High-Back Mesh Chair,Furniture,1,241.24,277.43,South
2025-05-11,USB-C Fast Charging Hub,Electronics Accessories,1,49.46,49.46,North
2022-01-20,Self-Adhesive Sticky Notes Bulk,Office Supplies,1,15.94,15.94,East
2023-09-01,Ergonomic Mechanical Keyboard,Technology,1,125.98,125.98,South
2023-08-25,USB-C Fast Charging Hub,Electronics Accessories,2,52.31,104.62,North
2021-09-14,Laptop Pro 15,Technology,1,1176.16,1176.16,Central
2024-12-11,Multipurpose Copy Paper (Carton),Office Supplies,1,40.6,46.69,West
2021-03-10,External SSD 1TB,Electronics Accessories,4,114.92,459.68,Central
2023-01-16,Executive Ergonomic Desk,Furniture,1,548.6,548.6,Central
2024-03-14,Gel Pens Pack (24ct),Office Supplies,2,18.5,37.0,South
2022-03-10,Laptop Pro 15,Technology,1,1220.39,1220.39,West
2024-04-08,Wireless Noise-Canceling Headphones,Technology,1,198.04,198.04,East
2022-01-09,Wireless Noise-Canceling Headphones,,15,191.32,2869.8,East
2022-08-24,Laptop Pro 15,Technology,2,1169.51,2339.02,South
2022-11-29,4K Ultra HD Monitor,Technology,1,339.27,339.27,North
2022-07-12,Executive Ergonomic Desk,Furniture,1,531.89,531.89,Central
2025-08-22,Document Filing Cabinet Tray,Office Supplies,3,34.19,102.57,North
2025-02-18,Executive Ergonomic Desk,Furniture,1,549.69,549.69,East
2025-04-20,Gel Pens Pack (24ct),Office Supplies,2,18.86,37.72,East
2021-03-22,High-Back Mesh Chair,Furniture,3,238.92,716.76,Central
2024-12-22,Smartphone Ultra,Technology,1,876.07,1007.48,West
2024-04-27,Conference Room Table,Furniture,2,798.46,1596.92,North
2024-04-08,Heavy-Duty Stapler & Staples,Office Supplies,1,25.32,25.32,South
2021-01-07,4K Ultra HD Monitor,Technology,1,345.19,345.19,North
2021-08-30,High-Back Mesh Chair,Furniture,2,258.02,516.04,South
2023-06-15,4K Ultra HD Monitor,Technology,2,342.51,685.02,North
2021-05-03,Wireless Noise-Canceling Headphones,Technology,4,204.77,819.08,North
2021-01-23,Multipurpose Copy Paper (Carton),Office Supplies,3,40.65,121.95,East
2023-04-06,Bookshelf 5-Tier,Furniture,3,144.78,434.34,South
2021-09-14,Smartphone Ultra,Technology,1,894.03,894.03,West
2025-07-07,High-Back Mesh Chair,Furniture,1,258.58,258.58,North
2025-07-10,Self-Adhesive Sticky Notes Bulk,Office Supplies,3,15.02,45.06,East
2023-09-29,Executive Ergonomic Desk,Furniture,1,561.86,561.86,East
2025-05-14,4K Ultra HD Monitor,Technology,2,338.91,677.82,North
2024-01-29,Braided HDMI 4K Cable (2-Pack),Electronics Accessories,1,20.71,20.71,North
2022-02-21,Document Filing Cabinet Tray,Office Supplies,3,34.83,104.49,South
2024-06-06,Self-Adhesive Sticky Notes Bulk,Office Supplies,1,15.9,15.9,North
2024-07-14,Executive Ergonomic Desk,Furniture,3,546.73,1640.19,Central
2025-03-06,HD Streaming Webcam 1080p,Electronics Accessories,10,73.38,733.8,South
2021-05-24,Executive Ergonomic Desk,Furniture,1,571.72,571.72,East
2024-12-11,HD Streaming Webcam 1080p,Electronics Accessories,2,71.05,142.1,South
2025-05-07,Laptop Pro 15,Technology,3,1209.9,3629.7,East
2024-12-27,Ergonomic Mechanical Keyboard,Technology,1,129.3,148.69,East
2024-02-18,Executive Ergonomic Desk,Furniture,4,569.74,2278.96,East
2025-06-20,Braided HDMI 4K Cable (2-Pack),Electronics Accessories,2,19.66,39.32,North
2025-01-26,Ergonomic Mechanical Keyboard,Technology,8,134.76,1078.08,East
2022-09-26,External SSD 1TB,Electronics Accessories,3,107.53,322.59,Central
2022-06-12,High-Back Mesh Chair,Furniture,1,251.03,251.03,Central
2025-03-04,Smartphone Ultra,Technology,4,909.84,3639.36,East
2025-07-31,Multipurpose Copy Paper (Carton),Office Supplies,1,40.61,40.61,East
2022-04-26,USB-C Fast Charging Hub,Electronics Accessories,2,49.26,98.52,South
2025-08-10,USB-C Fast Charging Hub,Electronics Accessories,1,48.79,48.79,West
2021-06-16,Laptop Pro 15,Technology,3,1240.84,3722.52,North
2024-07-05,Braided HDMI 4K Cable (2-Pack),Electronics Accessories,1,19.78,19.78,West
2023-06-11,Executive Ergonomic Desk,Furniture,1,530.71,530.71,North
2024-03-23,HD Streaming Webcam 1080p,Electronics Accessories,8,71.42,571.36,East
2023-09-20,External SSD 1TB,Electronics Accessories,2,111.43,222.86,East
2023-11-27,Smartphone Ultra,Technology,1,928.93,928.93,West
2025-05-12,Standing Desk Converter,Furniture,4,177.15,708.6,West
2022-06-29,4K Ultra HD Monitor,Technology,2,365.79,731.58,West
2023-12-19,Wireless Noise-Canceling Headphones,Technology,3,201.61,695.55,East
2023-07-29,Executive Ergonomic Desk,Furniture,3,558.66,1675.98,East
2021-07-23,High-Back Mesh Chair,Furniture,2,257.6,,North
2023-04-13,Precision Wireless Mouse,Electronics Accessories,20,41.39,827.8,Central
2025-09-15,4K Ultra HD Monitor,Technology,3,340.59,1021.77,East
2023-06-12,Ergonomic Mechanical Keyboard,Technology,5,127.55,637.75,East
2024-10-23,Laptop Pro 15,Technology,1,1165.34,1165.34,Central
2022-08-11,Bookshelf 5-Tier,Furniture,2,142.13,284.26,West
2021-09-25,External SSD 1TB,Electronics Accessories,3,106.57,319.71,North
2022-01-28,Multipurpose Copy Paper (Carton),Office Supplies,1,43.27,43.27,South
2021-08-14,Precision Wireless Mouse,Electronics Accessories,2,39.94,79.88,Central
2021-08-25,Precision Wireless Mouse,Electronics Accessories,1,38.17,38.17,North
2025-06-22,High-Back Mesh Chair,Furniture,1,248.25,248.25,South
2024-05-09,Laptop Pro 15,Technology,1,1201.74,1201.74,East
2025-07-30,Heavy-Duty Stapler & Staples,Office Supplies,1,24.11,24.11,West
2021-02-10,Document Filing Cabinet Tray,Office Supplies,3,33.64,100.92,East
2024-07-09,Ergonomic Mechanical Keyboard,Technology,1,127.38,127.38,South
2021-11-29,Heavy-Duty Stapler & Staples,Office Supplies,2,25.83,59.41,East
2025-03-26,Precision Wireless Mouse,Electronics Accessories,2,41.93,83.86,West
2022-08-02,Braided HDMI 4K Cable (2-Pack),Electronics Accessories,5,19.52,97.6,East
2024-09-16,Gel Pens Pack (24ct),Office Supplies,3,17.99,53.97,North
2023-09-18,Multipurpose Copy Paper (Carton),Office Supplies,3,42.8,128.4,South
2021-03-31,Executive Ergonomic Desk,Furniture,2,558.78,1117.56,Central
2025-06-15,Ergonomic Mechanical Keyboard,Technology,3,136.45,409.35,East
2025-02-10,Document Filing Cabinet Tray,Office Supplies,1,34.44,34.44,East
2023-04-02,Braided HDMI 4K Cable (2-Pack),Electronics Accessories,2,19.64,39.28,East
2025-09-21,4K Ultra HD Monitor,Technology,1,356.82,356.82,Central
2023-09-16,Bookshelf 5-Tier,Furniture,1,144.19,144.19,Central
2024-04-26,4K Ultra HD Monitor,Technology,2,357.25,714.5,East
2023-04-18,Laptop Pro 15,Technology,1,1237.21,1237.21,East
2022-09-16,Bookshelf 5-Tier,Furniture,1,151.46,151.46,East
2023-03-04,4K Ultra HD Monitor,Technology,2,348.71,697.42,North
2022-10-11,Smartphone Ultra,Technology,1,914.6,914.6,West
2021-12-11,External SSD 1TB,Electronics Accessories,3,110.71,381.95,Central
2025-05-12,Ergonomic Mechanical Keyboard,Technology,3,128.58,385.74,Central
2023-04-10,Bookshelf 5-Tier,Furniture,3,143.08,429.24,East
2025-03-07,Braided HDMI 4K Cable (2-Pack),Electronics Accessories,1,19.64,19.64,West
2022-12-11,Gel Pens Pack (24ct),Office Supplies,8,18.63,149.04,Central
2022-06-17,4K Ultra HD Monitor,Technology,2,362.32,724.64,East
2024-08-24,Standing Desk Converter,Furniture,2,188.17,376.34,North
2024-03-13,Laptop Pro 15,Technology,1,1168.02,1168.02,West
2025-08-22,High-Back Mesh Chair,Furniture,1,244.89,244.89,West
2023-01-13,HD Streaming Webcam 1080p,Electronics Accessories,1,72.4,72.4,North
2023-12-19,Laptop Pro 15,Technology,1,1195.13,1195.13,Central
2023-01-08,Precision Wireless Mouse,Electronics Accessories,8,40.51,324.08,South
2021-09-24,Self-Adhesive Sticky Notes Bulk,Office Supplies,5,16.05,80.25,South
2025-10-25,Executive Ergonomic Desk,Furniture,1,543.8,543.8,North
2021-11-16,External SSD 1TB,Electronics Accessories,5,106.77,613.93,Central
2025-07-05,High-Back Mesh Chair,Furniture,1,255.24,255.24,West
2023-09-17,Smartphone Ultra,Technology,1,865.65,865.65,East
2022-12-07,Wireless Noise-Canceling Headphones,Technology,2,195.91,450.59,South
2022-08-15,Gel Pens Pack (24ct),Office Supplies,1,18.18,18.18,North
2021-07-21,Executive Ergonomic Desk,Furniture,10,538.92,5389.2,South
2022-05-06,External SSD 1TB,Electronics Accessories,4,104.58,418.32,West
2024-10-25,Laptop Pro 15,Technology,2,1204.25,2408.5,South
2024-11-19,Laptop Pro 15,Technology,1,1145.36,1145.36,East
2022-09-11,Conference Room Table,Furniture,1,824.78,824.78,Central
2024-04-11,Executive Ergonomic Desk,Furniture,4,549.2,2196.8,East
2025-04-06,Braided HDMI 4K Cable (2-Pack),Electronics Accessories,1,20.95,20.95,Central
2021-05-07,Bookshelf 5-Tier,Furniture,3,153.2,459.6,North
2025-01-27,External SSD 1TB,Electronics Accessories,1,113.41,113.41,Central
2022-07-15,Bookshelf 5-Tier,Furniture,3,147.99,443.97,North
2025-02-13,Self-Adhesive Sticky Notes Bulk,Office Supplies,2,14.9,29.8,South
2023-12-27,HD Streaming Webcam 1080p,Electronics Accessories,1,68.7,79.0,Central
2025-02-03,Multipurpose Copy Paper (Carton),Office Supplies,3,40.78,122.34,East
2021-01-29,Laptop Pro 15,Technology,2,1154.62,2309.24,Central
2023-07-02,USB-C Fast Charging Hub,Electronics Accessories,1,50.73,50.73,South
2025-08-20,Wireless Noise-Canceling Headphones,Technology,8,204.57,1636.56,South
2022-10-05,Smartphone Ultra,Technology,1,909.26,909.26,West
2021-07-09,HD Streaming Webcam 1080p,Electronics Accessories,1,73.49,73.49,Central
2021-05-13,Wireless Noise-Canceling Headphones,Technology,5,209.63,1048.15,North
2023-09-14,Self-Adhesive Sticky Notes Bulk,Office Supplies,5,15.38,76.9,North
2024-11-05,4K Ultra HD Monitor,Technology,2,364.19,837.64,
2021-08-09,Ergonomic Mechanical Keyboard,Technology,1,132.71,132.71,West
2025-08-26,Standing Desk Converter,Furniture,1,179.68,179.68,South
2023-02-18,Multipurpose Copy Paper (Carton),Office Supplies,5,43.29,216.45,South
2023-05-05,Smartphone Ultra,Technology,1,911.46,911.46,Central
2024-03-23,Smartphone Ultra,Technology,1,916.85,916.85,North
2024-01-17,Standing Desk Converter,Furniture,1,184.61,184.61,East
2024-06-13,Wireless Noise-Canceling Headphones,Technology,1,206.85,206.85,East
2022-05-07,Heavy-Duty Stapler & Staples,Office Supplies,1,25.75,25.75,Central
2024-10-16,Bookshelf 5-Tier,Furniture,2,146.56,293.12,North
2023-12-31,Conference Room Table,Furniture,3,759.9,2621.65,South
2022-06-17,Heavy-Duty Stapler & Staples,Office Supplies,4,25.72,102.88,North
2022-03-25,Smartphone Ultra,Technology,1,903.0,903.0,South
2022-08-30,4K Ultra HD Monitor,Technology,1,348.27,348.27,North
2025-05-12,Precision Wireless Mouse,Electronics Accessories,1,39.75,39.75,Central
2024-03-05,Self-Adhesive Sticky Notes Bulk,Office Supplies,1,15.92,15.92,North
2022-05-31,Standing Desk Converter,Furniture,1,186.47,186.47,Central
2025-12-04,Ergonomic Mechanical Keyboard,Technology,1,125.48,144.3,South
2025-05-21,High-Back Mesh Chair,Furniture,3,240.27,720.81,East
2023-02-22,USB-C Fast Charging Hub,Electronics Accessories,2,50.54,101.08,Central
2021-10-19,Precision Wireless Mouse,Electronics Accessories,1,38.56,38.56,Central
2021-03-15,Bookshelf 5-Tier,Furniture,3,155.71,467.13,North
2024-07-09,Ergonomic Mechanical Keyboard,Technology,2,129.25,258.5,North
2021-09-11,4K Ultra HD Monitor,Technology,1,335.4,335.4,North
2025-05-27,Smartphone Ultra,Technology,1,943.93,943.93,Central
2023-04-14,USB-C Fast Charging Hub,Electronics Accessories,2,48.48,96.96,East
2022-04-10,Heavy-Duty Stapler & Staples,Office Supplies,10,24.5,245.0,East
2022-02-13,Smartphone Ultra,Technology,1,920.79,920.79,West
2025-12-22,Braided HDMI 4K Cable (2-Pack),Electronics Accessories,3,19.23,66.34,North
2022-01-28,Laptop Pro 15,Technology,1,1244.07,1244.07,East
2022-03-19,Conference Room Table,Furniture,1,822.22,822.22,South
2025-11-05,Precision Wireless Mouse,Electronics Accessories,1,39.14,45.01,North
2025-01-03,Conference Room Table,Furniture,1,760.82,760.82,West
2023-05-22,Bookshelf 5-Tier,Furniture,4,149.51,598.04,Central
2022-08-05,4K Ultra HD Monitor,,3,338.83,1016.49,South
2023-05-31,Self-Adhesive Sticky Notes Bulk,Office Supplies,2,15.47,30.94,East
2023-04-13,Bookshelf 5-Tier,Furniture,15,143.16,2147.4,West
2025-07-28,Precision Wireless Mouse,Electronics Accessories,2,39.18,78.36,Central
2025-09-15,4K Ultra HD Monitor,Technology,1,333.9,333.9,South
2024-12-11,Ergonomic Mechanical Keyboard,Technology,1,136.43,156.89,North
2024-07-20,Wireless Noise-Canceling Headphones,Technology,4,197.29,789.16,East
2022-12-29,Smartphone Ultra,Technology,1,888.99,1022.34,East
2025-03-29,Bookshelf 5-Tier,Furniture,8,147.62,1180.96,South
2023-11-24,Multipurpose Copy Paper (Carton),Office Supplies,1,40.91,47.05,West
2022-12-25,Braided HDMI 4K Cable (2-Pack),,3,20.79,62.37,East
2022-06-30,Braided HDMI 4K Cable (2-Pack),Electronics Accessories,4,20.46,81.84,North
2021-02-28,External SSD 1TB,Electronics Accessories,2,106.34,212.68,North
2021-05-01,Standing Desk Converter,Furniture,2,174.64,349.28,South
2022-01-23,Ergonomic Mechanical Keyboard,Technology,3,132.63,397.89,North
2023-06-28,Smartphone Ultra,Technology,1,915.95,915.95,East
2025-01-10,Gel Pens Pack (24ct),Office Supplies,2,18.22,36.44,South
2021-09-01,Document Filing Cabinet Tray,Office Supplies,1,36.67,36.67,North
2024-02-26,External SSD 1TB,Electronics Accessories,2,115.28,230.56,North
2022-09-12,Bookshelf 5-Tier,Furniture,1,152.85,152.85,South
2024-09-12,Standing Desk Converter,Furniture,2,177.56,355.12,North
2023-04-21,Precision Wireless Mouse,Electronics Accessories,2,38.27,76.54,East
2023-07-30,Laptop Pro 15,Technology,1,1187.76,1187.76,North
2021-05-19,4K Ultra HD Monitor,Technology,2,344.02,688.04,North
2025-01-21,USB-C Fast Charging Hub,Electronics Accessories,2,47.86,95.72,South
2023-05-17,Self-Adhesive Sticky Notes Bulk,Office Supplies,4,15.53,62.12,Central
2021-05-17,Heavy-Duty Stapler & Staples,Office Supplies,3,25.81,77.43,East
2021-08-31,Ergonomic Mechanical Keyboard,Technology,1,124.01,124.01,South
2025-08-17,Bookshelf 5-Tier,Furniture,15,150.74,2261.1,North
2022-08-24,Heavy-Duty Stapler & Staples,Office Supplies,1,26.06,26.06,West
2024-07-27,Precision Wireless Mouse,Electronics Accessories,1,38.41,38.41,North
2025-02-24,Conference Room Table,Furniture,1,824.99,824.99,East
2025-09-10,Braided HDMI 4K Cable (2-Pack),Electronics Accessories,2,20.6,41.2,South
2021-08-06,4K Ultra HD Monitor,Technology,2,344.23,688.46,West
2022-02-21,Bookshelf 5-Tier,Furniture,1,141.95,141.95,West
2023-04-01,HD Streaming Webcam 1080p,Electronics Accessories,1,72.59,72.59,West
2024-02-26,Laptop Pro 15,Technology,3,1198.75,3596.25,South
2025-11-20,Ergonomic Mechanical Keyboard,Technology,2,129.61,298.1,North
2021-06-15,Ergonomic Mechanical Keyboard,Technology,3,130.21,390.63,Central
2023-03-09,Precision Wireless Mouse,Electronics Accessories,2,38.62,77.24,East
2025-12-24,High-Back Mesh Chair,Furniture,1,246.71,283.72,North
2022-10-14,Ergonomic Mechanical Keyboard,Technology,3,125.71,377.13,West
2024-10-19,Standing Desk Converter,Furniture,1,183.65,183.65,North
2024-02-10,Gel Pens Pack (24ct),Office Supplies,1,19.21,19.21,West
2024-09-10,Bookshelf 5-Tier,Furniture,4,145.65,582.6,East
2022-10-31,Braided HDMI 4K Cable (2-Pack),Electronics Accessories,1,20.68,20.68,North
2025-09-19,Ergonomic Mechanical Keyboard,Technology,1,124.35,124.35,South
2024-08-24,Precision Wireless Mouse,Electronics Accessories,1,39.8,39.8,Central
2025-09-29,4K Ultra HD Monitor,Technology,1,359.11,359.11,East
2022-04-29,Heavy-Duty Stapler & Staples,Office Supplies,1,23.77,23.77,South
2025-11-26,Self-Adhesive Sticky Notes Bulk,Office Supplies,1,15.2,17.48,North
2022-10-02,Wireless Noise-Canceling Headphones,Technology,2,194.93,389.86,West
2023-03-04,Gel Pens Pack (24ct),Office Supplies,3,18.2,54.6,South
2025-08-05,Executive Ergonomic Desk,Furniture,4,552.57,2210.28,North
2025-01-20,Laptop Pro 15,Technology,2,1223.37,2446.74,Central
2023-10-29,Heavy-Duty Stapler & Staples,Office Supplies,8,24.7,197.6,West
2021-09-02,Multipurpose Copy Paper (Carton),Office Supplies,2,42.64,85.28,South
2021-11-07,Bookshelf 5-Tier,Furniture,10,150.66,1506.6,South
2022-12-31,Conference Room Table,Furniture,3,831.58,2868.95,
2025-03-25,Ergonomic Mechanical Keyboard,Technology,1,123.53,123.53,South
2025-02-17,4K Ultra HD Monitor,Technology,1,359.29,359.29,North
2024-12-18,HD Streaming Webcam 1080p,Electronics Accessories,1,72.16,82.98,Central
2022-01-26,Smartphone Ultra,Technology,2,944.48,1888.96,North
2023-08-28,Precision Wireless Mouse,Electronics Accessories,1,39.23,39.23,East
2022-02-12,Self-Adhesive Sticky Notes Bulk,Office Supplies,1,14.91,14.91,South
2023-11-29,Smartphone Ultra,Technology,4,895.68,4120.13,South
2022-04-06,USB-C Fast Charging Hub,Electronics Accessories,1,48.81,48.81,East
2025-02-22,Conference Room Table,Furniture,1,811.89,811.89,North
2023-11-15,Standing Desk Converter,Furniture,2,178.04,409.49,North
2022-08-27,Executive Ergonomic Desk,Furniture,1,553.23,553.23,North
2023-07-05,HD Streaming Webcam 1080p,Electronics Accessories,3,71.63,214.89,East
2023-09-03,Precision Wireless Mouse,Electronics Accessories,1,40.37,40.37,West
2021-12-29,Standing Desk Converter,,10,173.07,1990.3,South
2025-09-28,Standing Desk Converter,Furniture,1,181.12,181.12,West
2025-05-12,Braided HDMI 4K Cable (2-Pack),Electronics Accessories,10,19.83,198.3,Central
2023-08-29,Conference Room Table,Furniture,5,832.48,4162.4,North
2022-05-29,External SSD 1TB,Electronics Accessories,1,108.76,108.76,South
2024-11-17,Precision Wireless Mouse,Electronics Accessories,3,39.31,117.93,South
2021-03-04,Multipurpose Copy Paper (Carton),Office Supplies,1,40.83,40.83,North
2022-12-24,Multipurpose Copy Paper (Carton),Office Supplies,3,42.56,127.68,West
2021-06-14,Self-Adhesive Sticky Notes Bulk,Office Supplies,2,15.87,31.74,North
2024-12-09,Executive Ergonomic Desk,Furniture,2,557.53,1282.32,West
2021-04-15,External SSD 1TB,Electronics Accessories,3,108.98,326.94,East
2022-10-03,Laptop Pro 15,Technology,5,1190.17,5950.85,East
2022-11-17,HD Streaming Webcam 1080p,Electronics Accessories,2,71.8,143.6,Central
2025-05-15,Laptop Pro 15,Technology,2,1258.32,2516.64,East
2021-09-03,Wireless Noise-Canceling Headphones,Technology,2,195.18,390.36,East
2023-03-14,Laptop Pro 15,Technology,10,1205.1,12051.0,West
2021-03-31,USB-C Fast Charging Hub,Electronics Accessories,5,50.01,250.05,West
2021-04-08,Conference Room Table,Furniture,2,802.73,1605.46,South
2024-11-19,External SSD 1TB,Electronics Accessories,1,112.39,129.25,Central
2025-01-11,High-Back Mesh Chair,Furniture,2,246.29,492.58,Central
2021-10-02,High-Back Mesh Chair,Furniture,2,258.99,517.98,North
2024-01-16,High-Back Mesh Chair,Furniture,1,237.35,237.35,South
2024-08-27,HD Streaming Webcam 1080p,Electronics Accessories,2,68.04,136.08,North
2021-05-27,Smartphone Ultra,Technology,1,908.44,908.44,North
2022-02-05,Ergonomic Mechanical Keyboard,Technology,5,136.32,681.6,South
2022-07-05,Standing Desk Converter,Furniture,1,182.66,182.66,North
2024-01-03,Executive Ergonomic Desk,Furniture,1,536.03,536.03,North
2023-09-04,Standing Desk Converter,Furniture,2,187.43,374.86,Central
2023-08-31,External SSD 1TB,Electronics Accessories,3,111.62,334.86,West
2021-03-01,Bookshelf 5-Tier,Furniture,4,152.33,609.32,West
2025-04-18,Precision Wireless Mouse,Electronics Accessories,4,41.55,166.2,North
2023-06-17,Laptop Pro 15,Technology,3,1238.83,3716.49,North
2023-08-03,Standing Desk Converter,Furniture,2,185.97,371.94,North
2022-08-09,Standing Desk Converter,Furniture,1,178.63,178.63,South
2023-06-08,Executive Ergonomic Desk,Furniture,1,575.47,575.47,North
2022-06-11,Standing Desk Converter,Furniture,1,173.88,173.88,North
2022-08-02,Executive Ergonomic Desk,Furniture,1,529.76,529.76,Central
2021-11-30,Document Filing Cabinet Tray,Office Supplies,1,33.94,39.03,South
2021-08-10,Laptop Pro 15,Technology,3,1190.11,3570.33,East
2022-02-09,Executive Ergonomic Desk,Furniture,2,535.22,1070.44,West
2022-05-02,Laptop Pro 15,Technology,1,1160.41,1160.41,East
2022-11-17,Ergonomic Mechanical Keyboard,Technology,1,127.9,147.09,South
2022-06-25,Wireless Noise-Canceling Headphones,Technology,1,196.38,196.38,East
2025-10-29,Conference Room Table,Furniture,1,768.4,768.4,East
2024-07-03,External SSD 1TB,Electronics Accessories,2,110.09,220.18,South
2021-02-27,High-Back Mesh Chair,Furniture,2,249.51,499.02,East
2025-01-19,Document Filing Cabinet Tray,Office Supplies,2,33.76,67.52,West
2024-05-16,Conference Room Table,Furniture,1,800.75,800.75,North
2025-04-18,Bookshelf 5-Tier,Furniture,2,142.09,284.18,West
2024-12-17,Standing Desk Converter,Furniture,2,176.64,353.28,
2023-04-09,Smartphone Ultra,Technology,1,892.49,892.49,South
2021-11-14,4K Ultra HD Monitor,Technology,3,346.86,1196.67,East
2024-04-07,Ergonomic Mechanical Keyboard,Technology,5,131.08,655.4,East
2024-11-26,Braided HDMI 4K Cable (2-Pack),Electronics Accessories,1,20.74,20.74,East
2023-11-03,Braided HDMI 4K Cable (2-Pack),Electronics Accessories,2,19.11,38.22,East
2023-01-15,Conference Room Table,Furniture,2,764.2,1528.4,East
2022-07-12,Smartphone Ultra,Technology,2,932.48,1864.96,West
2022-05-26,Precision Wireless Mouse,Electronics Accessories,3,39.8,119.4,North
2022-12-16,Self-Adhesive Sticky Notes Bulk,Office Supplies,2,16.15,32.3,South
2023-03-12,Conference Room Table,Furniture,8,824.36,6594.88,Central
2022-09-12,Standing Desk Converter,Furniture,3,183.4,550.2,South
2022-07-22,Standing Desk Converter,Furniture,1,178.11,178.11,East
2022-11-04,Laptop Pro 15,Technology,1,1200.33,1200.33,Central
2024-12-28,Conference Room Table,Furniture,1,786.1,904.01,East
2024-07-05,Document Filing Cabinet Tray,Office Supplies,15,35.19,527.85,North
2022-12-30,Smartphone Ultra,Technology,4,856.75,3941.05,East
2021-10-20,Document Filing Cabinet Tray,Office Supplies,1,35.09,35.09,East
2025-07-28,Bookshelf 5-Tier,Furniture,2,150.41,300.82,West
2024-06-03,Bookshelf 5-Tier,Furniture,1,147.42,147.42,North
2025-09-21,Smartphone Ultra,Technology,1,912.91,912.91,East
2022-04-28,Standing Desk Converter,Furniture,1,179.31,179.31,South
2021-12-17,Braided HDMI 4K Cable (2-Pack),Electronics Accessories,3,20.72,71.48,East
2024-04-04,Ergonomic Mechanical Keyboard,Technology,3,125.7,377.1,South
2023-09-29,Smartphone Ultra,Technology,1,905.57,905.57,Central
2024-12-03,4K Ultra HD Monitor,Technology,1,348.26,400.5,West
2023-02-22,Bookshelf 5-Tier,Furniture,3,149.74,449.22,South
2021-09-09,Wireless Noise-Canceling Headphones,Technology,3,193.35,580.05,West
2022-01-11,Document Filing Cabinet Tray,Office Supplies,3,34.17,102.51,East
2025-09-04,Standing Desk Converter,Furniture,1,183.53,183.53,East
2025-03-13,Bookshelf 5-Tier,Furniture,1,145.31,145.31,East
2024-04-06,Document Filing Cabinet Tray,Office Supplies,3,36.58,109.74,North
2022-01-04,Braided HDMI 4K Cable (2-Pack),Electronics Accessories,1,19.07,19.07,South
2023-08-27,Multipurpose Copy Paper (Carton),Office Supplies,2,42.64,85.28,
2021-09-26,Executive Ergonomic Desk,Furniture,1,526.16,526.16,North
2022-10-12,Multipurpose Copy Paper (Carton),Office Supplies,1,42.92,42.92,South
2021-02-26,HD Streaming Webcam 1080p,Electronics Accessories,2,68.63,137.26,East
2022-02-14,Braided HDMI 4K Cable (2-Pack),Electronics Accessories,1,19.07,19.07,South
2021-09-03,HD Streaming Webcam 1080p,Electronics Accessories,1,70.13,70.13,West
2025-08-12,Heavy-Duty Stapler & Staples,Office Supplies,1,26.2,26.2,Central
2025-02-01,Wireless Noise-Canceling Headphones,Technology,2,203.27,406.54,East
2023-05-25,USB-C Fast Charging Hub,Electronics Accessories,1,52.13,52.13,North
2024-12-01,Laptop Pro 15,Technology,8,1182.92,9463.36,North
2022-08-15,Braided HDMI 4K Cable (2-Pack),Electronics Accessories,3,20.61,61.83,East
2023-10-16,High-Back Mesh Chair,Furniture,8,243.91,1951.28,North
2024-10-26,Precision Wireless Mouse,Electronics Accessories,1,40.05,40.05,South
2024-11-01,Document Filing Cabinet Tray,Office Supplies,3,35.92,123.92,West
2024-11-13,Gel Pens Pack (24ct),Office Supplies,1,19.23,22.11,Central
2022-10-20,Precision Wireless Mouse,Electronics Accessories,2,40.44,80.88,North
2024-06-28,Self-Adhesive Sticky Notes Bulk,Office Supplies,1,16.08,16.08,West
2021-04-09,High-Back Mesh Chair,Furniture,3,251.41,754.23,North
2024-09-11,Smartphone Ultra,Technology,3,938.74,2816.22,North
2023-08-21,Heavy-Duty Stapler & Staples,Office Supplies,2,25.06,50.12,North
2025-07-02,Document Filing Cabinet Tray,Office Supplies,8,36.7,293.6,South
2024-04-04,Executive Ergonomic Desk,Furniture,10,569.88,5698.8,Central
2022-12-22,Bookshelf 5-Tier,Furniture,8,151.82,1214.56,West
2025-09-03,Standing Desk Converter,Furniture,2,175.53,351.06,East
2021-07-21,Ergonomic Mechanical Keyboard,Technology,8,128.17,1025.36,North
2022-08-30,USB-C Fast Charging Hub,Electronics Accessories,2,48.34,96.68,East
2021-08-24,Smartphone Ultra,Technology,2,903.97,1807.94,East
2025-09-02,HD Streaming Webcam 1080p,Electronics Accessories,1,67.67,67.67,North
2022-02-06,Wireless Noise-Canceling Headphones,Technology,5,198.03,990.15,Central
2025-01-28,Laptop Pro 15,Technology,4,1255.19,5020.76,East
2023-11-14,Ergonomic Mechanical Keyboard,Technology,1,127.2,127.2,North
2022-03-08,4K Ultra HD Monitor,Technology,2,351.6,703.2,East
2022-10-28,Laptop Pro 15,Technology,1,1162.97,1162.97,East
2023-02-08,Gel Pens Pack (24ct),Office Supplies,1,18.24,18.24,West
2024-11-01,HD Streaming Webcam 1080p,Electronics Accessories,4,70.37,323.7,North
2022-08-09,Document Filing Cabinet Tray,Office Supplies,2,33.79,67.58,Central
2025-05-22,Bookshelf 5-Tier,Furniture,1,147.58,147.58,East
2022-02-01,Document Filing Cabinet Tray,Office Supplies,2,34.1,68.2,North
2023-05-01,Gel Pens Pack (24ct),Office Supplies,2,18.43,36.86,North
2022-06-29,Document Filing Cabinet Tray,Office Supplies,2,33.58,67.16,South
2025-05-25,Precision Wireless Mouse,Electronics Accessories,2,41.7,83.4,South
2021-06-05,Laptop Pro 15,Technology,1,1197.1,1197.1,North
2023-05-14,4K Ultra HD Monitor,Technology,2,337.88,675.76,East
2024-05-22,Heavy-Duty Stapler & Staples,Office Supplies,3,25.48,76.44,North
2025-03-30,Wireless Noise-Canceling Headphones,Technology,1,193.77,193.77,South
2022-03-07,Wireless Noise-Canceling Headphones,Technology,4,204.33,817.32,West
2022-01-07,Gel Pens Pack (24ct),Office Supplies,1,19.67,19.67,East
2023-07-02,Bookshelf 5-Tier,Furniture,1,146.48,146.48,North
2023-12-10,Ergonomic Mechanical Keyboard,Technology,1,135.93,156.32,East
2025-05-03,Self-Adhesive Sticky Notes Bulk,Office Supplies,10,15.98,159.8,East
2024-09-03,Ergonomic Mechanical Keyboard,Technology,4,130.16,520.64,North
2022-07-22,HD Streaming Webcam 1080p,Electronics Accessories,2,71.0,142.0,South
2024-07-24,Ergonomic Mechanical Keyboard,Technology,2,136.09,272.18,South
2021-10-31,Self-Adhesive Sticky Notes Bulk,Office Supplies,4,16.08,64.32,North
2022-08-07,Laptop Pro 15,Technology,4,1199.4,4797.6,North
2021-09-20,Smartphone Ultra,Technology,5,899.41,4497.05,South
2023-07-09,4K Ultra HD Monitor,Technology,5,351.92,1759.6,North
2023-03-31,External SSD 1TB,Electronics Accessories,1,114.91,114.91,North
2024-02-16,USB-C Fast Charging Hub,Electronics Accessories,2,52.44,104.88,Central
2025-07-05,Heavy-Duty Stapler & Staples,Office Supplies,4,24.58,98.32,
2023-06-20,Precision Wireless Mouse,Electronics Accessories,1,40.86,40.86,West
2022-07-22,Smartphone Ultra,Technology,1,917.56,917.56,East
2022-09-04,Precision Wireless Mouse,Electronics Accessories,20,38.22,764.4,Central
2025-05-10,4K Ultra HD Monitor,Technology,1,336.42,336.42,North
2025-08-13,Smartphone Ultra,Technology,2,901.18,1802.36,Central
2025-08-15,Gel Pens Pack (24ct),Office Supplies,2,18.03,36.06,North
2021-04-16,Smartphone Ultra,Technology,4,902.81,3611.24,East
2022-06-04,Heavy-Duty Stapler & Staples,Office Supplies,4,23.87,95.48,East
2023-04-11,Bookshelf 5-Tier,Furniture,4,147.65,590.6,North
INVALID_DATE,Laptop Pro 15,Technology,1,1213.75,1213.75,Central
2025-11-25,Smartphone Ultra,Technology,1,885.51,1018.34,North
2025-03-20,Multipurpose Copy Paper (Carton),Office Supplies,2,43.62,87.24,East
2022-12-04,Smartphone Ultra,Technology,4,871.22,4007.61,North
2024-06-07,Executive Ergonomic Desk,Furniture,1,550.91,550.91,North
2025-04-14,Document Filing Cabinet Tray,Office Supplies,1,35.89,35.89,Central
2023-03-24,Heavy-Duty Stapler & Staples,Office Supplies,2,24.4,48.8,North
2022-02-18,Smartphone Ultra,Technology,2,907.46,1814.92,North
2022-01-24,Braided HDMI 4K Cable (2-Pack),,2,20.68,41.36,West
2022-01-03,Laptop Pro 15,Technology,20,1219.39,24387.8,South
2023-05-28,Document Filing Cabinet Tray,Office Supplies,3,33.25,99.75,South
2021-06-09,Document Filing Cabinet Tray,Office Supplies,2,33.3,66.6,West
2024-05-22,Wireless Noise-Canceling Headphones,Technology,5,205.84,1029.2,North
2021-01-31,Wireless Noise-Canceling Headphones,Technology,3,191.44,574.32,Central
2023-08-19,Heavy-Duty Stapler & Staples,Office Supplies,1,25.45,25.45,South
2021-01-04,Executive Ergonomic Desk,Furniture,5,573.96,2869.8,South
2025-03-07,Braided HDMI 4K Cable (2-Pack),Electronics Accessories,5,20.37,101.85,South
2021-09-22,Conference Room Table,Furniture,5,837.26,4186.3,South
2024-04-01,Gel Pens Pack (24ct),Office Supplies,2,18.36,36.72,North
2022-05-26,Wireless Noise-Canceling Headphones,Technology,1,191.98,191.98,South
2025-01-16,Self-Adhesive Sticky Notes Bulk,Office Supplies,2,15.0,30.0,East
2023-09-24,4K Ultra HD Monitor,Technology,1,365.95,365.95,North
2025-03-23,HD Streaming Webcam 1080p,Electronics Accessories,8,70.31,562.48,North
2024-01-06,4K Ultra HD Monitor,Technology,2,338.1,676.2,North
2022-06-06,Laptop Pro 15,Technology,1,1214.84,1214.84,East
2024-10-14,Wireless Noise-Canceling Headphones,Technology,2,196.44,392.88,West
2021-06-05,Smartphone Ultra,Technology,5,896.45,4482.25,North
2022-05-08,High-Back Mesh Chair,Furniture,8,238.98,1911.84,North
2025-11-26,Laptop Pro 15,Technology,2,1192.89,2743.65,North
2025-09-04,Wireless Noise-Canceling Headphones,Technology,1,196.91,196.91,North
2025-06-30,Ergonomic Mechanical Keyboard,Technology,1,125.38,125.38,West
2025-12-27,Laptop Pro 15,Technology,3,1253.54,,North
2024-09-26,Document Filing Cabinet Tray,Office Supplies,3,35.02,105.06,Central
2025-06-15,External SSD 1TB,Electronics Accessories,2,112.09,224.18,South
2024-07-18,Heavy-Duty Stapler & Staples,Office Supplies,2,25.85,51.7,South
2025-03-06,Smartphone Ultra,Technology,3,873.57,2620.71,South
2025-05-17,Multipurpose Copy Paper (Carton),Office Supplies,1,41.45,41.45,South
2025-03-06,Executive Ergonomic Desk,Furniture,1,522.33,522.33,North
2021-03-15,Standing Desk Converter,Furniture,3,177.39,532.17,South
2024-10-21,Smartphone Ultra,Technology,1,890.71,890.71,Central
2023-10-30,Smartphone Ultra,Technology,1,876.76,876.76,East
2023-04-27,Heavy-Duty Stapler & Staples,Office Supplies,1,24.97,24.97,West
2023-12-05,High-Back Mesh Chair,Furniture,4,240.83,963.32,Central
2023-12-22,Laptop Pro 15,Technology,3,1242.02,4284.97,West
2024-02-19,Ergonomic Mechanical Keyboard,Technology,2,127.11,254.22,West
2024-09-22,Bookshelf 5-Tier,Furniture,2,153.51,307.02,North
2021-03-07,Bookshelf 5-Tier,Furniture,3,154.12,462.36,East
2024-12-20,4K Ultra HD Monitor,Technology,5,360.52,2072.99,North
2025-12-03,Executive Ergonomic Desk,Furniture,1,558.22,558.22,South
2023-03-02,Braided HDMI 4K Cable (2-Pack),Electronics Accessories,1,20.17,20.17,East
2024-04-13,USB-C Fast Charging Hub,Electronics Accessories,5,50.99,254.95,Central
2024-01-02,Smartphone Ultra,Technology,1,938.75,938.75,South
2022-03-02,Laptop Pro 15,Technology,1,1212.02,1212.02,North
2022-03-30,Wireless Noise-Canceling Headphones,Technology,2,197.84,395.68,East
2024-02-28,High-Back Mesh Chair,Furniture,2,247.61,495.22,Central
2021-12-03,Wireless Noise-Canceling Headphones,Technology,2,196.57,393.14,Central
2023-09-01,4K Ultra HD Monitor,Technology,1,348.26,348.26,South
2024-12-25,Laptop Pro 15,Technology,3,1153.12,3978.26,South
2023-05-22,Standing Desk Converter,Furniture,2,184.37,368.74,North
2023-10-18,Wireless Noise-Canceling Headphones,Technology,4,204.3,817.2,East
2022-07-27,HD Streaming Webcam 1080p,Electronics Accessories,1,69.65,69.65,North
2023-06-28,Laptop Pro 15,Technology,1,1170.92,1170.92,East
2022-01-30,4K Ultra HD Monitor,Technology,1,342.01,342.01,West
2025-07-04,Smartphone Ultra,Technology,3,919.26,2757.78,North
2023-05-18,Laptop Pro 15,Technology,1,1209.02,1209.02,North
2021-10-02,Document Filing Cabinet Tray,Office Supplies,4,34.35,137.4,East
2023-02-06,Self-Adhesive Sticky Notes Bulk,Office Supplies,1,15.69,15.69,North
2025-09-23,Wireless Noise-Canceling Headphones,Technology,4,200.34,801.36,East
2024-06-19,Self-Adhesive Sticky Notes Bulk,Office Supplies,4,16.17,64.68,North
2022-04-03,Standing Desk Converter,Furniture,15,181.34,2720.1,
2023-06-06,Laptop Pro 15,,5,1209.05,6045.25,West
2022-04-25,Heavy-Duty Stapler & Staples,Office Supplies,4,24.63,98.52,West
2021-10-17,Precision Wireless Mouse,Electronics Accessories,4,39.9,159.6,North
2024-11-22,Bookshelf 5-Tier,Furniture,2,149.5,343.85,South
2023-07-05,Multipurpose Copy Paper (Carton),Office Supplies,1,44.23,44.23,Central
2023-08-26,Standing Desk Converter,Furniture,2,182.85,365.7,East
2025-04-17,Laptop Pro 15,Technology,2,1231.55,2463.1,South
2021-03-04,Standing Desk Converter,Furniture,2,187.65,375.3,North
2025-01-25,Laptop Pro 15,Technology,1,1163.99,1163.99,South
2022-12-09,Bookshelf 5-Tier,Furniture,2,152.56,305.12,South
2021-04-16,Heavy-Duty Stapler & Staples,Office Supplies,3,24.37,73.11,Central
2024-06-05,Multipurpose Copy Paper (Carton),Office Supplies,1,42.33,42.33,East
2022-02-07,Self-Adhesive Sticky Notes Bulk,Office Supplies,1,15.78,15.78,Central
2025-11-11,USB-C Fast Charging Hub,Electronics Accessories,3,50.17,150.51,North
2023-01-20,Self-Adhesive Sticky Notes Bulk,Office Supplies,1,16.27,16.27,North
2021-02-20,Multipurpose Copy Paper (Carton),Office Supplies,4,43.48,173.92,West
2024-10-28,High-Back Mesh Chair,Furniture,1,254.75,254.75,West
2023-08-27,Bookshelf 5-Tier,Furniture,1,141.65,141.65,Central
2023-05-27,Ergonomic Mechanical Keyboard,Technology,2,124.51,249.02,North
2021-09-01,Executive Ergonomic Desk,,8,550.19,4401.52,Central
2024-09-18,Self-Adhesive Sticky Notes Bulk,Office Supplies,1,15.39,15.39,South
2021-10-15,Heavy-Duty Stapler & Staples,Office Supplies,1,25.03,25.03,North
2021-12-10,Laptop Pro 15,Technology,3,1190.2,4106.19,South
2021-05-21,Conference Room Table,Furniture,3,776.41,2329.23,Central
2022-02-15,Braided HDMI 4K Cable (2-Pack),Electronics Accessories,20,19.39,387.8,West
2025-04-13,Self-Adhesive Sticky Notes Bulk,Office Supplies,3,15.84,47.52,Central
2021-09-02,Multipurpose Copy Paper (Carton),Office Supplies,1,41.96,41.96,Central
2025-08-07,4K Ultra HD Monitor,Technology,1,362.06,362.06,East
2022-11-01,Executive Ergonomic Desk,Furniture,3,528.56,1823.53,Central
2024-08-20,Laptop Pro 15,Technology,5,1184.05,5920.25,South
2021-08-15,External SSD 1TB,Electronics Accessories,2,111.24,222.48,East
2025-07-02,Multipurpose Copy Paper (Carton),Office Supplies,5,43.92,219.6,East
2022-04-08,USB-C Fast Charging Hub,Electronics Accessories,1,47.51,47.51,West
2025-12-29,Self-Adhesive Sticky Notes Bulk,Office Supplies,1,15.77,15.77,East
2022-01-21,Ergonomic Mechanical Keyboard,Technology,5,125.24,626.2,East
2025-06-16,Precision Wireless Mouse,Electronics Accessories,1,39.54,39.54,South
2024-08-24,Smartphone Ultra,,3,923.09,2769.27,Central
2024-12-16,Gel Pens Pack (24ct),Office Supplies,2,18.72,43.06,West
2021-03-16,High-Back Mesh Chair,Furniture,1,255.73,255.73,East
2021-02-04,External SSD 1TB,Electronics Accessories,1,109.37,109.37,South
2021-12-14,Bookshelf 5-Tier,Furniture,2,146.82,337.69,Central
2024-07-03,Gel Pens Pack (24ct),Office Supplies,1,18.42,18.42,South
2021-01-29,4K Ultra HD Monitor,Technology,2,343.87,687.74,Central
2023-05-22,External SSD 1TB,Electronics Accessories,1,114.9,114.9,East
2022-09-27,Heavy-Duty Stapler & Staples,Office Supplies,2,24.18,48.36,Central
2025-05-12,Laptop Pro 15,Technology,1,1184.21,1184.21,Central
2024-02-18,Gel Pens Pack (24ct),Office Supplies,2,17.87,35.74,North
2023-09-14,Ergonomic Mechanical Keyboard,Technology,2,136.05,272.1,North
2025-06-11,USB-C Fast Charging Hub,Electronics Accessories,3,47.66,142.98,East
2025-11-29,Laptop Pro 15,Technology,10,1200.55,13806.32,East
2025-11-08,4K Ultra HD Monitor,Technology,3,343.38,1030.14,Central
2022-07-09,4K Ultra HD Monitor,Technology,2,342.98,685.96,East
2025-07-15,4K Ultra HD Monitor,Technology,2,333.38,666.76,West
2024-04-02,Conference Room Table,Furniture,2,796.27,1592.54,East
2025-08-09,High-Back Mesh Chair,Furniture,2,259.85,519.7,North
2022-12-27,Bookshelf 5-Tier,Furniture,3,143.76,495.97,West
2022-06-02,Precision Wireless Mouse,Electronics Accessories,1,41.95,41.95,South
2024-06-02,HD Streaming Webcam 1080p,Electronics Accessories,2,70.92,141.84,Central
2021-05-22,Wireless Noise-Canceling Headphones,Technology,2,203.11,406.22,South
2022-04-10,Laptop Pro 15,Technology,3,1190.0,3570.0,East
2021-06-29,Wireless Noise-Canceling Headphones,Technology,10,199.73,1997.3,South
2022-12-23,Executive Ergonomic Desk,Furniture,1,538.16,618.88,East
2022-05-10,External SSD 1TB,Electronics Accessories,2,106.81,213.62,South
2023-07-30,Bookshelf 5-Tier,Furniture,2,150.99,301.98,North
2024-06-18,Gel Pens Pack (24ct),Office Supplies,1,18.98,18.98,North
2022-04-09,Self-Adhesive Sticky Notes Bulk,Office Supplies,1,15.89,15.89,Central
2021-02-25,Self-Adhesive Sticky Notes Bulk,Office Supplies,4,14.95,59.8,East
2021-02-10,Heavy-Duty Stapler & Staples,Office Supplies,2,24.32,48.64,North
2025-03-23,Wireless Noise-Canceling Headphones,Technology,1,203.56,203.56,North
2022-08-13,Conference Room Table,Furniture,2,790.82,1581.64,Central
2021-10-22,External SSD 1TB,Electronics Accessories,2,113.79,227.58,North
2023-02-03,Wireless Noise-Canceling Headphones,Technology,2,199.79,399.58,South
2025-01-29,Executive Ergonomic Desk,Furniture,2,567.33,1134.66,East
2021-03-20,Bookshelf 5-Tier,Furniture,3,142.05,426.15,South
2025-01-20,Executive Ergonomic Desk,Furniture,1,550.04,550.04,East
2024-11-02,Bookshelf 5-Tier,Furniture,3,142.52,491.69,South
2024-06-09,High-Back Mesh Chair,Furniture,1,246.7,246.7,South
2025-03-29,Wireless Noise-Canceling Headphones,Technology,2,190.26,380.52,East
2025-04-28,Wireless Noise-Canceling Headphones,Technology,1,203.59,203.59,West
2024-12-29,Precision Wireless Mouse,Electronics Accessories,1,38.8,44.62,North
2021-08-19,Braided HDMI 4K Cable (2-Pack),Electronics Accessories,3,20.91,62.73,West
2021-03-13,Standing Desk Converter,Furniture,1,188.56,188.56,Central
2021-06-10,Braided HDMI 4K Cable (2-Pack),Electronics Accessories,1,20.23,20.23,West
2025-09-05,Smartphone Ultra,Technology,10,920.25,9202.5,Central
2024-02-06,Heavy-Duty Stapler & Staples,Office Supplies,3,25.51,76.53,South
2022-03-20,Bookshelf 5-Tier,Furniture,2,151.2,302.4,East
2024-11-15,Heavy-Duty Stapler & Staples,Office Supplies,1,24.79,28.51,North
2021-09-22,Standing Desk Converter,Furniture,2,184.06,368.12,North
2025-06-09,Self-Adhesive Sticky Notes Bulk,Office Supplies,8,16.03,128.24,South
2023-01-29,Smartphone Ultra,Technology,3,938.01,2814.03,
2025-03-29,Bookshelf 5-Tier,Furniture,1,144.72,144.72,East
2024-06-13,Multipurpose Copy Paper (Carton),Office Supplies,1,44.31,44.31,East
2023-05-01,High-Back Mesh Chair,,4,246.02,984.08,Central
2024-08-21,4K Ultra HD Monitor,Technology,2,333.93,667.86,West
2022-11-26,Standing Desk Converter,Furniture,20,181.52,4174.96,West
2025-11-15,Laptop Pro 15,Technology,1,1225.58,1409.42,North
2022-03-26,Bookshelf 5-Tier,Furniture,3,146.27,438.81,West
2025-12-04,Multipurpose Copy Paper (Carton),Office Supplies,1,41.9,48.18,West
2021-12-04,Smartphone Ultra,Technology,3,878.26,2634.78,North
2025-10-15,Document Filing Cabinet Tray,Office Supplies,1,36.67,36.67,North
2024-06-22,Bookshelf 5-Tier,Furniture,2,147.91,295.82,West
2024-10-13,Ergonomic Mechanical Keyboard,Technology,8,126.78,1014.24,North
2023-01-26,Smartphone Ultra,Technology,1,928.11,928.11,Central
2023-05-01,Heavy-Duty Stapler & Staples,Office Supplies,1,24.62,24.62,North
2024-09-28,Heavy-Duty Stapler & Staples,Office Supplies,3,26.24,78.72,Central
2023-04-12,Laptop Pro 15,Technology,3,1157.04,3471.12,Central
2023-05-30,USB-C Fast Charging Hub,Electronics Accessories,2,47.53,95.06,East
2025-04-10,Gel Pens Pack (24ct),Office Supplies,2,19.25,38.5,North
2023-02-14,Heavy-Duty Stapler & Staples,Office Supplies,1,25.66,25.66,Central
2023-11-28,Precision Wireless Mouse,Electronics Accessories,1,41.46,47.68,South
2021-01-06,Wireless Noise-Canceling Headphones,Technology,10,192.48,1924.8,East
2021-07-13,Bookshelf 5-Tier,Furniture,2,150.36,300.72,East
2025-03-26,HD Streaming Webcam 1080p,Electronics Accessories,4,66.84,267.36,South
2023-05-03,Braided HDMI 4K Cable (2-Pack),Electronics Accessories,4,19.03,76.12,Central
2024-03-18,Braided HDMI 4K Cable (2-Pack),Electronics Accessories,4,19.98,79.92,East
2023-09-27,Smartphone Ultra,Technology,1,884.96,884.96,East
2024-06-18,Executive Ergonomic Desk,Furniture,2,574.76,1149.52,Central
2021-10-30,Wireless Noise-Canceling Headphones,Technology,2,201.8,403.6,Central
2021-10-07,Conference Room Table,Furniture,1,778.01,778.01,North
2021-04-01,Standing Desk Converter,Furniture,2,172.47,344.94,East
2025-11-25,4K Ultra HD Monitor,Technology,1,353.53,406.56,South
2021-05-03,USB-C Fast Charging Hub,Electronics Accessories,1,49.37,49.37,North
2024-10-31,Gel Pens Pack (24ct),Office Supplies,3,19.67,59.01,South
2022-09-26,Bookshelf 5-Tier,Furniture,4,143.7,574.8,West
2023-08-25,USB-C Fast Charging Hub,Electronics Accessories,1,48.26,48.26,South
2025-03-28,Multipurpose Copy Paper (Carton),Office Supplies,1,40.58,40.58,Central
2025-02-26,External SSD 1TB,Electronics Accessories,1,108.09,108.09,South
2023-07-22,Executive Ergonomic Desk,Furniture,2,530.78,1061.56,East
2022-11-04,Precision Wireless Mouse,Electronics Accessories,2,39.47,78.94,North
2025-03-11,Executive Ergonomic Desk,Furniture,3,528.81,1586.43,Central
2021-05-27,4K Ultra HD Monitor,Technology,1,349.54,349.54,West
2021-07-05,4K Ultra HD Monitor,Technology,2,335.37,670.74,West
2022-05-15,Braided HDMI 4K Cable (2-Pack),Electronics Accessories,1,19.63,19.63,West
2021-09-13,Gel Pens Pack (24ct),Office Supplies,1,18.96,18.96,West
2025-05-12,Bookshelf 5-Tier,Furniture,1,153.32,153.32,East
2025-05-10,Laptop Pro 15,Technology,2,1191.8,2383.6,East
2024-01-02,Laptop Pro 15,Technology,1,1206.72,1206.72,West
2023-07-13,Ergonomic Mechanical Keyboard,Technology,2,131.55,263.1,North
2023-11-20,Precision Wireless Mouse,Electronics Accessories,2,41.48,95.4,East
2022-07-26,Ergonomic Mechanical Keyboard,Technology,1,134.77,134.77,West
2023-11-11,HD Streaming Webcam 1080p,Electronics Accessories,3,68.61,236.7,North
2025-02-28,Conference Room Table,Furniture,4,824.53,3298.12,
2023-07-06,Multipurpose Copy Paper (Carton),,3,41.74,125.22,Central
2023-07-04,Ergonomic Mechanical Keyboard,Technology,2,128.46,256.92,East
2023-03-13,Standing Desk Converter,Furniture,1,180.17,180.17,North
2024-04-24,High-Back Mesh Chair,Furniture,8,239.97,1919.76,Central
2021-03-20,Executive Ergonomic Desk,Furniture,4,560.26,2241.04,South
2022-09-02,Smartphone Ultra,,2,885.9,1771.8,South
2023-12-08,Precision Wireless Mouse,Electronics Accessories,5,41.9,209.5,North
2021-10-20,Executive Ergonomic Desk,Furniture,3,522.09,1566.27,South
2021-09-19,4K Ultra HD Monitor,Technology,1,360.58,360.58,East
2022-03-19,High-Back Mesh Chair,Furniture,4,243.36,973.44,South
2025-02-22,Wireless Noise-Canceling Headphones,Technology,2,191.81,383.62,North
2021-02-12,Self-Adhesive Sticky Notes Bulk,Office Supplies,5,15.23,76.15,East
2025-06-25,Braided HDMI 4K Cable (2-Pack),Electronics Accessories,1,20.77,20.77,East
2023-04-12,External SSD 1TB,Electronics Accessories,4,114.71,458.84,Central
2024-07-18,High-Back Mesh Chair,,5,252.36,1261.8,South
2023-02-07,Wireless Noise-Canceling Headphones,Technology,2,200.48,400.96,South
2021-04-15,Smartphone Ultra,Technology,8,887.75,7102.0,Central
2021-08-09,Document Filing Cabinet Tray,Office Supplies,2,34.18,68.36,East
2022-07-07,Smartphone Ultra,Technology,1,874.29,874.29,East
2025-07-17,Bookshelf 5-Tier,Furniture,8,151.67,1213.36,South
2023-03-31,HD Streaming Webcam 1080p,Electronics Accessories,8,69.17,553.36,East
2022-06-06,Ergonomic Mechanical Keyboard,Technology,2,130.83,261.66,West
2024-05-10,Conference Room Table,Furniture,3,792.82,2378.46,North
2025-06-08,Multipurpose Copy Paper (Carton),Office Supplies,1,41.29,41.29,North
2021-10-23,Document Filing Cabinet Tray,Office Supplies,2,36.31,72.62,South
2023-01-23,Bookshelf 5-Tier,Furniture,1,146.81,146.81,South
2023-04-08,Laptop Pro 15,Technology,1,1241.6,1241.6,West
2021-09-02,Smartphone Ultra,Technology,4,875.21,3500.84,West
2022-05-31,HD Streaming Webcam 1080p,Electronics Accessories,1,71.7,71.7,North
2023-12-22,Executive Ergonomic Desk,Furniture,1,536.03,616.43,East
2023-05-09,Executive Ergonomic Desk,Furniture,3,526.71,1580.13,West
2024-05-14,Laptop Pro 15,Technology,1,1256.69,1256.69,Central
INVALID_DATE,High-Back Mesh Chair,Furniture,1,253.96,253.96,Central
2021-07-12,Smartphone Ultra,Technology,3,869.89,2609.67,North
2024-12-01,Multipurpose Copy Paper (Carton),Office Supplies,2,40.48,93.1,South
2021-01-13,4K Ultra HD Monitor,Technology,2,337.57,675.14,North
2024-02-02,Heavy-Duty Stapler & Staples,Office Supplies,1,25.62,25.62,East
2021-02-11,External SSD 1TB,Electronics Accessories,1,110.16,110.16,East
2023-03-05,Conference Room Table,Furniture,3,781.81,2345.43,North
2021-08-01,Self-Adhesive Sticky Notes Bulk,Office Supplies,1,14.79,14.79,South
2024-01-10,Self-Adhesive Sticky Notes Bulk,Office Supplies,1,15.12,15.12,East
2021-08-28,High-Back Mesh Chair,Furniture,20,242.63,4852.6,East
2025-12-12,Standing Desk Converter,Furniture,1,186.99,215.04,West
2022-02-17,Heavy-Duty Stapler & Staples,Office Supplies,1,24.97,24.97,Central
2024-01-02,Multipurpose Copy Paper (Carton),Office Supplies,2,43.22,86.44,North
2023-04-17,Self-Adhesive Sticky Notes Bulk,Office Supplies,1,15.94,15.94,West
2025-06-27,Heavy-Duty Stapler & Staples,Office Supplies,2,24.59,49.18,North
2025-03-27,Heavy-Duty Stapler & Staples,Office Supplies,2,24.77,49.54,Central
2024-09-21,USB-C Fast Charging Hub,Electronics Accessories,1,47.81,47.81,West
2022-11-06,Conference Room Table,Furniture,1,784.72,902.43,West
2021-07-11,Bookshelf 5-Tier,Furniture,3,143.87,431.61,South
2022-10-11,High-Back Mesh Chair,Furniture,1,247.2,247.2,East
2025-04-23,Standing Desk Converter,Furniture,1,177.16,177.16,East
2022-05-13,Ergonomic Mechanical Keyboard,Technology,10,124.27,1242.7,East
2021-12-26,Braided HDMI 4K Cable (2-Pack),Electronics Accessories,1,20.53,23.61,Central
2023-01-24,Wireless Noise-Canceling Headphones,Technology,3,192.64,577.92,Central
2025-01-22,Smartphone Ultra,Technology,4,899.38,3597.52,West
2023-11-26,4K Ultra HD Monitor,Technology,3,336.15,,East
2025-10-04,External SSD 1TB,Electronics Accessories,3,105.77,317.31,North
2025-05-11,Precision Wireless Mouse,Electronics Accessories,2,38.81,77.62,South
2022-08-04,Laptop Pro 15,Technology,3,1258.82,3776.46,South
2022-05-08,Standing Desk Converter,Furniture,10,178.28,1782.8,South
2021-06-21,Wireless Noise-Canceling Headphones,Technology,1,198.09,198.09,West
2021-07-08,Multipurpose Copy Paper (Carton),Office Supplies,1,43.86,43.86,North
2023-11-23,Gel Pens Pack (24ct),Office Supplies,2,18.49,42.53,East
2023-03-21,Laptop Pro 15,Technology,3,1236.03,3708.09,West
2021-12-26,Document Filing Cabinet Tray,Office Supplies,2,34.69,79.79,North
2025-03-15,Ergonomic Mechanical Keyboard,Technology,1,131.96,131.96,South
2023-12-10,Document Filing Cabinet Tray,Office Supplies,2,33.62,77.33,East
2022-10-22,USB-C Fast Charging Hub,Electronics Accessories,2,47.54,95.08,North
2024-01-29,USB-C Fast Charging Hub,Electronics Accessories,1,51.51,51.51,Central
2024-07-05,Bookshelf 5-Tier,Furniture,10,147.82,1478.2,Central
2024-08-25,Smartphone Ultra,Technology,1,898.26,898.26,
2021-01-11,Smartphone Ultra,Technology,8,937.05,7496.4,North
2022-02-16,Precision Wireless Mouse,Electronics Accessories,1,41.99,41.99,East
2023-08-13,Laptop Pro 15,Technology,4,1244.98,4979.92,North
2024-06-20,High-Back Mesh Chair,Furniture,1,258.31,258.31,
2022-11-29,Precision Wireless Mouse,Electronics Accessories,1,41.56,47.79,North
2022-02-24,Multipurpose Copy Paper (Carton),Office Supplies,1,44.4,44.4,West
2023-08-12,Bookshelf 5-Tier,Furniture,2,152.53,305.06,South
2024-01-24,Self-Adhesive Sticky Notes Bulk,Office Supplies,1,16.09,16.09,North
2023-04-18,4K Ultra HD Monitor,Technology,1,352.49,352.49,East
2023-02-14,Multipurpose Copy Paper (Carton),Office Supplies,2,41.12,82.24,South
2021-07-30,Braided HDMI 4K Cable (2-Pack),Electronics Accessories,2,19.5,39.0,Central
2021-12-01,Bookshelf 5-Tier,Furniture,1,146.24,,Central
2024-10-04,Heavy-Duty Stapler & Staples,Office Supplies,2,24.63,49.26,Central
2022-06-25,High-Back Mesh Chair,Furniture,2,258.5,517.0,Central
2024-02-11,High-Back Mesh Chair,Furniture,3,238.29,714.87,East
2021-04-07,High-Back Mesh Chair,Furniture,2,258.04,516.08,West
2022-11-15,Laptop Pro 15,Technology,2,1140.29,2280.58,North
2025-09-19,Wireless Noise-Canceling Headphones,Technology,3,208.47,625.41,Central
2023-12-01,Ergonomic Mechanical Keyboard,Technology,1,132.75,152.66,East
2025-04-18,Multipurpose Copy Paper (Carton),Office Supplies,1,40.47,40.47,Central
2023-07-08,Smartphone Ultra,Technology,2,886.16,1772.32,South
2025-11-01,Executive Ergonomic Desk,Furniture,1,563.0,647.45,North
2023-05-20,Heavy-Duty Stapler & Staples,Office Supplies,1,23.86,23.86,North
2024-05-26,Conference Room Table,Furniture,1,831.89,831.89,South
2025-08-21,Heavy-Duty Stapler & Staples,Office Supplies,1,24.76,24.76,North
2024-07-12,4K Ultra HD Monitor,Technology,1,344.02,344.02,South
2023-07-13,Conference Room Table,Furniture,2,831.35,1662.7,West
2022-10-17,Multipurpose Copy Paper (Carton),Office Supplies,2,43.5,87.0,East
2025-09-11,Wireless Noise-Canceling Headphones,Technology,1,201.76,201.76,Central
2023-11-21,Wireless Noise-Canceling Headphones,Technology,1,190.91,219.55,North
2024-09-21,Gel Pens Pack (24ct),Office Supplies,5,17.86,89.3,East
2023-11-03,Precision Wireless Mouse,Electronics Accessories,2,39.72,91.36,South
2025-10-06,Braided HDMI 4K Cable (2-Pack),Electronics Accessories,3,19.87,59.61,South
2024-01-02,Self-Adhesive Sticky Notes Bulk,Office Supplies,2,16.1,32.2,South
2021-09-16,Executive Ergonomic Desk,Furniture,1,564.13,564.13,
2021-03-31,HD Streaming Webcam 1080p,Electronics Accessories,1,69.62,69.62,East
2021-01-30,USB-C Fast Charging Hub,Electronics Accessories,1,48.1,48.1,West
2021-01-22,Laptop Pro 15,Technology,1,1196.3,1196.3,West
2025-12-16,HD Streaming Webcam 1080p,Electronics Accessories,2,71.67,164.84,South
2022-11-07,Braided HDMI 4K Cable (2-Pack),Electronics Accessories,8,19.09,152.72,South
2023-04-29,USB-C Fast Charging Hub,Electronics Accessories,2,49.14,98.28,North
2022-05-18,High-Back Mesh Chair,Furniture,3,258.07,774.21,South
2025-07-12,High-Back Mesh Chair,Furniture,2,250.86,501.72,
2021-09-03,4K Ultra HD Monitor,Technology,2,339.47,678.94,South
2021-03-27,4K Ultra HD Monitor,Technology,3,335.66,1006.98,East
2023-06-23,Document Filing Cabinet Tray,Office Supplies,1,34.48,34.48,North
2023-11-14,Wireless Noise-Canceling Headphones,Technology,3,204.78,706.49,North
2021-01-31,Executive Ergonomic Desk,Furniture,5,563.02,2815.1,South
2023-08-07,Ergonomic Mechanical Keyboard,Technology,1,123.81,123.81,North
2021-04-23,Ergonomic Mechanical Keyboard,Technology,1,134.34,134.34,South
2022-08-25,Gel Pens Pack (24ct),Office Supplies,2,17.94,35.88,East
2023-03-08,Heavy-Duty Stapler & Staples,Office Supplies,8,25.5,204.0,East
2021-10-28,Bookshelf 5-Tier,Furniture,1,150.63,150.63,North
2024-07-09,Bookshelf 5-Tier,Furniture,3,149.65,448.95,North
2022-12-18,HD Streaming Webcam 1080p,Electronics Accessories,3,68.89,237.67,East
2025-10-11,Executive Ergonomic Desk,Furniture,15,574.86,8622.9,Central
2023-01-31,Ergonomic Mechanical Keyboard,Technology,1,123.81,123.81,South
2023-07-15,Laptop Pro 15,Technology,1,1205.49,1205.49,West
2024-12-26,Precision Wireless Mouse,Electronics Accessories,2,39.29,78.58,North
2023-07-12,Wireless Noise-Canceling Headphones,Technology,1,203.28,203.28,South
2025-07-04,Wireless Noise-Canceling Headphones,Technology,3,206.32,618.96,North
2022-02-27,Self-Adhesive Sticky Notes Bulk,Office Supplies,1,16.09,16.09,East
2021-08-01,Wireless Noise-Canceling Headphones,Technology,2,204.13,408.26,East
2024-03-06,Smartphone Ultra,Technology,1,858.8,858.8,North
2023-05-18,Multipurpose Copy Paper (Carton),Office Supplies,1,41.85,41.85,East
2023-09-15,Wireless Noise-Canceling Headphones,Technology,8,195.9,1567.2,West
2024-02-02,Ergonomic Mechanical Keyboard,Technology,8,129.53,1036.24,West
2024-01-10,Document Filing Cabinet Tray,Office Supplies,1,34.84,34.84,West
2025-06-22,Braided HDMI 4K Cable (2-Pack),Electronics Accessories,1,20.36,20.36,South
2025-08-29,Bookshelf 5-Tier,Furniture,1,152.97,152.97,West
2022-10-30,Ergonomic Mechanical Keyboard,Technology,1,135.5,135.5,East
2025-12-13,4K Ultra HD Monitor,Technology,3,353.15,1218.37,North
2021-10-10,Standing Desk Converter,Furniture,2,185.4,370.8,Central
2022-03-02,Ergonomic Mechanical Keyboard,Technology,3,131.25,393.75,North
2025-10-17,4K Ultra HD Monitor,Technology,1,355.37,355.37,North
2024-06-12,USB-C Fast Charging Hub,Electronics Accessories,2,51.34,102.68,South
2021-08-29,Laptop Pro 15,Technology,1,1206.94,1206.94,Central
2025-08-03,USB-C Fast Charging Hub,,2,51.48,102.96,South
2023-12-04,4K Ultra HD Monitor,Technology,1,348.83,401.15,South
2024-09-02,Bookshelf 5-Tier,Furniture,1,152.35,152.35,North
2021-04-05,USB-C Fast Charging Hub,Electronics Accessories,1,47.55,47.55,Central
2023-05-05,Standing Desk Converter,Furniture,3,173.27,519.81,South
2021-06-18,Executive Ergonomic Desk,Furniture,2,574.83,1149.66,South
2021-11-25,Braided HDMI 4K Cable (2-Pack),Electronics Accessories,2,20.25,,South
2021-07-12,Wireless Noise-Canceling Headphones,Technology,4,191.98,767.92,South
2024-09-26,Laptop Pro 15,Technology,3,1185.07,3555.21,South
2023-03-08,Multipurpose Copy Paper (Carton),Office Supplies,2,44.38,88.76,South
2025-09-22,Wireless Noise-Canceling Headphones,,1,203.67,203.67,North
2024-06-23,Self-Adhesive Sticky Notes Bulk,Office Supplies,4,15.44,61.76,Central
2024-09-27,Standing Desk Converter,Furniture,1,187.2,187.2,East
2023-06-18,4K Ultra HD Monitor,Technology,2,354.65,709.3,Central
2023-04-22,Bookshelf 5-Tier,Furniture,4,147.41,589.64,East
2021-07-11,Ergonomic Mechanical Keyboard,Technology,2,129.09,258.18,South
2024-04-05,Smartphone Ultra,Technology,1,905.48,905.48,North
2021-04-27,Multipurpose Copy Paper (Carton),Office Supplies,8,41.56,332.48,North
2024-06-30,Gel Pens Pack (24ct),Office Supplies,1,17.92,17.92,West
2025-05-26,High-Back Mesh Chair,Furniture,2,241.58,483.16,West
2025-11-09,Executive Ergonomic Desk,Furniture,1,554.68,554.68,East
2024-04-11,USB-C Fast Charging Hub,Electronics Accessories,2,49.21,98.42,Central
2021-04-22,Self-Adhesive Sticky Notes Bulk,Office Supplies,2,15.18,30.36,North
2021-10-05,Ergonomic Mechanical Keyboard,Technology,1,129.86,129.86,Central
2021-10-30,4K Ultra HD Monitor,Technology,2,343.83,687.66,East
2021-10-06,External SSD 1TB,Electronics Accessories,2,109.86,219.72,North
2023-04-15,Bookshelf 5-Tier,Furniture,1,147.46,147.46,South
INVALID_DATE,Ergonomic Mechanical Keyboard,Technology,3,134.6,403.8,North
2022-03-03,Laptop Pro 15,Technology,1,1184.14,1184.14,West
2022-08-05,Executive Ergonomic Desk,Furniture,1,532.53,532.53,Central
2023-01-24,4K Ultra HD Monitor,Technology,5,362.29,1811.45,East
2021-07-05,Heavy-Duty Stapler & Staples,Office Supplies,1,24.87,24.87,East
2024-05-04,High-Back Mesh Chair,Furniture,1,252.31,252.31,East
2022-07-21,External SSD 1TB,Electronics Accessories,3,113.42,340.26,East
2024-03-18,Ergonomic Mechanical Keyboard,Technology,1,129.86,129.86,South
2021-10-26,Smartphone Ultra,Technology,1,862.61,862.61,South
2025-09-06,Wireless Noise-Canceling Headphones,Technology,5,193.75,968.75,South
2023-02-01,Bookshelf 5-Tier,Furniture,3,145.82,437.46,East
2025-04-15,HD Streaming Webcam 1080p,Electronics Accessories,2,68.63,137.26,North
2023-12-12,Conference Room Table,Furniture,3,810.15,2795.02,Central
2024-07-18,Conference Room Table,Furniture,1,835.87,835.87,South
2021-01-30,HD Streaming Webcam 1080p,Electronics Accessories,1,68.35,68.35,North
2021-09-26,Multipurpose Copy Paper (Carton),Office Supplies,4,44.41,177.64,Central
2024-03-18,Gel Pens Pack (24ct),Office Supplies,1,18.13,18.13,West
2023-05-17,USB-C Fast Charging Hub,Electronics Accessories,10,48.52,485.2,North
2024-03-30,USB-C Fast Charging Hub,Electronics Accessories,1,50.99,50.99,South
2025-01-29,Smartphone Ultra,Technology,1,865.39,865.39,East
2024-06-25,Smartphone Ultra,Technology,1,880.33,880.33,Central
2022-04-21,Ergonomic Mechanical Keyboard,Technology,3,134.62,403.86,East
2024-02-01,Bookshelf 5-Tier,Furniture,1,154.76,154.76,South
2021-12-05,Standing Desk Converter,Furniture,1,176.14,202.56,North
2022-08-16,Wireless Noise-Canceling Headphones,Technology,1,198.58,198.58,Central
2023-02-02,Standing Desk Converter,Furniture,20,186.44,3728.8,Central
2021-02-21,Wireless Noise-Canceling Headphones,Technology,2,197.1,394.2,Central
2021-07-04,Laptop Pro 15,Technology,3,1246.09,3738.27,Central
2022-08-24,4K Ultra HD Monitor,Technology,2,354.08,708.16,North
2025-12-22,External SSD 1TB,Electronics Accessories,1,112.72,112.72,West
2021-11-28,Wireless Noise-Canceling Headphones,Technology,1,204.67,235.37,Central
2022-05-06,Ergonomic Mechanical Keyboard,Technology,5,129.53,647.65,Central
2024-07-02,Bookshelf 5-Tier,Furniture,1,148.93,148.93,East
2024-12-01,Ergonomic Mechanical Keyboard,Technology,20,135.83,2716.6,North
2025-09-17,Wireless Noise-Canceling Headphones,Technology,2,203.78,407.56,South
2025-10-06,Heavy-Duty Stapler & Staples,Office Supplies,1,25.48,25.48,North
2024-04-19,Precision Wireless Mouse,Electronics Accessories,1,38.23,38.23,South
2021-06-11,4K Ultra HD Monitor,Technology,1,336.94,336.94,East
2021-09-17,Conference Room Table,Furniture,2,797.02,1594.04,South
2025-10-13,External SSD 1TB,Electronics Accessories,1,112.34,112.34,East
2025-06-10,Wireless Noise-Canceling Headphones,Technology,1,206.27,206.27,Central
2022-01-23,Laptop Pro 15,Technology,4,1203.99,4815.96,West
2024-02-25,Executive Ergonomic Desk,Furniture,4,549.43,2197.72,North
2025-11-08,HD Streaming Webcam 1080p,Electronics Accessories,1,71.35,82.05,East
2022-05-23,Bookshelf 5-Tier,Furniture,1,145.38,145.38,North
2023-06-23,Smartphone Ultra,Technology,1,876.54,876.54,Central
2024-10-19,Wireless Noise-Canceling Headphones,Technology,4,200.9,803.6,North
2023-08-11,Laptop Pro 15,Technology,3,1225.77,3677.31,North
2023-05-26,Document Filing Cabinet Tray,Office Supplies,2,35.28,70.56,South
2024-05-03,HD Streaming Webcam 1080p,Electronics Accessories,1,73.43,73.43,South
2021-07-15,Gel Pens Pack (24ct),Office Supplies,1,18.71,18.71,West
2025-12-16,Ergonomic Mechanical Keyboard,Technology,1,136.42,136.42,West
2025-09-04,Gel Pens Pack (24ct),Office Supplies,3,18.38,55.14,North
2025-08-22,Smartphone Ultra,Technology,1,874.97,874.97,West
2024-01-16,Wireless Noise-Canceling Headphones,Technology,2,203.12,406.24,North
2022-06-18,USB-C Fast Charging Hub,Electronics Accessories,1,48.7,48.7,North
2023-04-22,High-Back Mesh Chair,Furniture,20,248.55,4971.0,East
2025-08-16,Ergonomic Mechanical Keyboard,Technology,1,133.61,133.61,North
2022-11-19,Multipurpose Copy Paper (Carton),Office Supplies,3,44.14,152.28,East
2022-01-03,Laptop Pro 15,Technology,1,1256.81,1256.81,East
2024-04-06,HD Streaming Webcam 1080p,Electronics Accessories,1,70.43,70.43,East
2023-06-13,Multipurpose Copy Paper (Carton),Office Supplies,1,44.25,44.25,East
2022-09-02,Bookshelf 5-Tier,Furniture,1,142.76,142.76,West
2025-12-22,Gel Pens Pack (24ct),Office Supplies,2,18.7,37.4,North
2021-06-18,External SSD 1TB,Electronics Accessories,1,106.01,106.01,North
2021-12-06,4K Ultra HD Monitor,Technology,8,362.23,2897.84,East
2024-03-22,Conference Room Table,Furniture,2,787.02,1574.04,East
2025-02-23,Wireless Noise-Canceling Headphones,Technology,2,199.2,398.4,East
2025-09-04,4K Ultra HD Monitor,Technology,3,366.61,1099.83,South
2023-09-24,Precision Wireless Mouse,Electronics Accessories,2,41.11,82.22,North
2021-10-31,Conference Room Table,Furniture,1,807.25,807.25,East
2021-09-25,4K Ultra HD Monitor,Technology,20,363.08,7261.6,North
2023-09-17,Self-Adhesive Sticky Notes Bulk,Office Supplies,10,14.88,148.8,West
2023-10-13,High-Back Mesh Chair,Furniture,2,254.24,508.48,East
2023-12-02,Bookshelf 5-Tier,Furniture,3,144.32,497.9,Central
2022-05-16,HD Streaming Webcam 1080p,Electronics Accessories,1,67.39,67.39,West
2025-06-28,Executive Ergonomic Desk,Furniture,1,539.89,539.89,West
2025-05-08,Braided HDMI 4K Cable (2-Pack),Electronics Accessories,1,19.03,19.03,West
2025-12-28,Braided HDMI 4K Cable (2-Pack),Electronics Accessories,3,19.17,66.14,Central
2025-06-12,External SSD 1TB,Electronics Accessories,2,106.65,213.3,East
2022-09-18,Executive Ergonomic Desk,Furniture,1,545.92,545.92,South
2023-08-20,Standing Desk Converter,Furniture,2,186.14,372.28,South
2021-03-13,Braided HDMI 4K Cable (2-Pack),Electronics Accessories,3,20.6,61.8,North
2025-11-30,Conference Room Table,Furniture,10,793.33,7933.3,West
2022-06-09,Braided HDMI 4K Cable (2-Pack),Electronics Accessories,4,20.36,81.44,South
2025-07-12,Smartphone Ultra,Technology,1,939.46,939.46,Central
2022-01-12,Multipurpose Copy Paper (Carton),Office Supplies,2,43.66,87.32,North
2024-04-09,HD Streaming Webcam 1080p,Electronics Accessories,10,69.63,696.3,Central
2025-11-06,USB-C Fast Charging Hub,Electronics Accessories,1,51.73,51.73,South
2023-04-30,USB-C Fast Charging Hub,,2,47.84,95.68,East
2022-05-23,HD Streaming Webcam 1080p,Electronics Accessories,1,69.57,69.57,North
2023-07-29,Bookshelf 5-Tier,Furniture,8,145.31,1162.48,East
2021-04-06,Precision Wireless Mouse,Electronics Accessories,4,38.94,155.76,North
2021-07-25,Ergonomic Mechanical Keyboard,Technology,3,129.45,388.35,West
2024-01-03,Wireless Noise-Canceling Headphones,Technology,3,209.86,629.58,North
2023-08-06,Smartphone Ultra,Technology,5,902.08,4510.4,West
2022-02-15,Bookshelf 5-Tier,Furniture,1,147.58,147.58,East
2024-02-13,Braided HDMI 4K Cable (2-Pack),Electronics Accessories,1,19.41,19.41,Central
2023-09-20,Standing Desk Converter,Furniture,2,178.22,356.44,Central
2022-10-25,4K Ultra HD Monitor,Technology,2,341.1,682.2,Central
2021-07-01,Smartphone Ultra,Technology,3,894.7,2684.1,East
2021-04-02,Heavy-Duty Stapler & Staples,Office Supplies,4,24.24,96.96,East
2023-02-13,High-Back Mesh Chair,Furniture,3,243.33,729.99,West
2021-01-25,4K Ultra HD Monitor,Technology,1,354.07,354.07,South
2024-04-26,USB-C Fast Charging Hub,Electronics Accessories,2,50.79,101.58,North
2024-08-08,Smartphone Ultra,Technology,4,882.15,3528.6,West
2025-09-07,High-Back Mesh Chair,Furniture,1,241.66,241.66,Central
2025-05-27,Multipurpose Copy Paper (Carton),Office Supplies,1,41.38,41.38,West
2023-11-11,Gel Pens Pack (24ct),Office Supplies,1,19.46,22.38,Central
2024-01-12,4K Ultra HD Monitor,Technology,2,340.42,680.84,East
2025-05-21,High-Back Mesh Chair,Furniture,1,252.78,252.78,North
2021-10-28,4K Ultra HD Monitor,Technology,1,340.53,340.53,North
2025-05-13,Braided HDMI 4K Cable (2-Pack),Electronics Accessories,2,20.16,40.32,North
2022-08-07,Conference Room Table,Furniture,8,771.53,6172.24,North
2021-04-21,Laptop Pro 15,Technology,5,1190.79,5953.95,East
2023-12-07,Executive Ergonomic Desk,Furniture,2,539.34,1240.48,North
2023-03-25,Executive Ergonomic Desk,Furniture,1,573.51,573.51,South
2024-12-28,Self-Adhesive Sticky Notes Bulk,Office Supplies,1,15.42,17.73,Central
2022-05-14,Laptop Pro 15,Technology,3,1219.71,3659.13,South
2025-03-14,Executive Ergonomic Desk,Furniture,1,527.36,527.36,East
2021-01-29,Self-Adhesive Sticky Notes Bulk,Office Supplies,3,14.84,44.52,East
2025-03-10,External SSD 1TB,Electronics Accessories,2,109.26,218.52,South
2023-08-18,Ergonomic Mechanical Keyboard,Technology,2,127.54,255.08,West
2023-09-20,Conference Room Table,Furniture,1,813.34,813.34,North
2022-05-08,Self-Adhesive Sticky Notes Bulk,Office Supplies,1,14.83,14.83,Central
2023-08-12,Precision Wireless Mouse,Electronics Accessories,2,38.92,77.84,Central
2021-05-02,External SSD 1TB,Electronics Accessories,1,109.9,109.9,East
2024-09-23,Laptop Pro 15,Technology,1,1179.71,1179.71,North
2025-03-01,Laptop Pro 15,Technology,1,1198.25,1198.25,South
2021-04-10,External SSD 1TB,Electronics Accessories,10,111.25,1112.5,South
2021-10-21,4K Ultra HD Monitor,Technology,3,366.39,1099.17,East
2025-03-30,Document Filing Cabinet Tray,Office Supplies,1,33.61,33.61,East
2022-05-26,Ergonomic Mechanical Keyboard,Technology,1,124.96,124.96,East
2024-07-24,Laptop Pro 15,Technology,1,1218.06,1218.06,East
2022-01-31,Document Filing Cabinet Tray,Office Supplies,4,35.12,140.48,East
2025-01-23,4K Ultra HD Monitor,Technology,3,335.98,1007.94,North
2025-04-11,Smartphone Ultra,Technology,2,913.34,1826.68,North
2025-03-30,HD Streaming Webcam 1080p,Electronics Accessories,1,66.78,66.78,West
2024-03-12,Gel Pens Pack (24ct),Office Supplies,2,19.58,39.16,West
2024-05-10,Document Filing Cabinet Tray,Office Supplies,3,34.27,102.81,West
2025-03-13,4K Ultra HD Monitor,Technology,2,363.57,727.14,Central
2024-05-27,Bookshelf 5-Tier,Furniture,3,156.18,468.54,East
2025-03-31,Ergonomic Mechanical Keyboard,Technology,2,135.76,271.52,South
2021-02-10,Standing Desk Converter,Furniture,2,175.92,351.84,South
2023-03-25,Heavy-Duty Stapler & Staples,Office Supplies,3,25.28,75.84,South
2023-10-26,Self-Adhesive Sticky Notes Bulk,Office Supplies,1,15.38,15.38,Central
2021-08-12,Braided HDMI 4K Cable (2-Pack),Electronics Accessories,2,19.27,38.54,North
2025-10-23,4K Ultra HD Monitor,Technology,5,336.43,1682.15,East
2024-02-13,USB-C Fast Charging Hub,Electronics Accessories,1,47.95,47.95,North
2022-09-25,Smartphone Ultra,Technology,1,926.38,926.38,South
2022-05-19,External SSD 1TB,Electronics Accessories,2,111.77,223.54,East
2024-10-30,Ergonomic Mechanical Keyboard,Technology,1,124.33,124.33,Central
2022-11-23,Laptop Pro 15,Technology,2,1179.25,2712.27,East
2022-05-23,Heavy-Duty Stapler & Staples,Office Supplies,1,25.68,25.68,South
2024-02-03,Wireless Noise-Canceling Headphones,Technology,4,193.04,772.16,South
2024-09-26,Gel Pens Pack (24ct),Office Supplies,1,17.91,17.91,East
2022-02-23,Laptop Pro 15,Technology,1,1230.1,1230.1,East
2024-07-09,Heavy-Duty Stapler & Staples,Office Supplies,2,25.18,50.36,East
2022-10-22,Standing Desk Converter,Furniture,2,184.59,369.18,East
2025-01-23,Bookshelf 5-Tier,Furniture,3,155.57,466.71,North
2022-01-18,Standing Desk Converter,Furniture,1,181.79,181.79,
2023-01-24,Executive Ergonomic Desk,Furniture,2,550.54,1101.08,East
2024-02-05,4K Ultra HD Monitor,Technology,1,334.02,334.02,North
2021-03-04,4K Ultra HD Monitor,Technology,1,363.29,363.29,South
2022-10-20,4K Ultra HD Monitor,Technology,3,362.35,1087.05,South
2021-11-11,Braided HDMI 4K Cable (2-Pack),Electronics Accessories,3,20.86,71.97,South
2022-03-31,High-Back Mesh Chair,Furniture,3,258.45,775.35,North
2023-06-30,USB-C Fast Charging Hub,Electronics Accessories,1,47.57,47.57,
2025-12-20,Braided HDMI 4K Cable (2-Pack),Electronics Accessories,2,20.66,41.32,East
2025-07-13,Wireless Noise-Canceling Headphones,Technology,20,200.15,4003.0,South
2024-04-27,Standing Desk Converter,Furniture,1,185.06,185.06,West
2024-06-19,Standing Desk Converter,Furniture,2,175.06,350.12,Central
2021-12-08,Precision Wireless Mouse,Electronics Accessories,20,41.04,943.92,South
2024-05-20,Executive Ergonomic Desk,Furniture,2,529.05,1058.1,East
2024-03-16,Ergonomic Mechanical Keyboard,Technology,1,127.29,127.29,East
2022-02-03,Bookshelf 5-Tier,Furniture,1,147.13,147.13,West
2023-07-01,High-Back Mesh Chair,Furniture,1,242.51,242.51,North
2024-05-05,High-Back Mesh Chair,Furniture,1,238.63,238.63,South
2024-07-23,High-Back Mesh Chair,Furniture,2,239.37,478.74,Central
2022-03-03,Self-Adhesive Sticky Notes Bulk,Office Supplies,2,16.0,32.0,West
2023-08-09,Ergonomic Mechanical Keyboard,Technology,1,132.0,132.0,North
2022-01-06,Conference Room Table,Furniture,2,765.45,1530.9,Central
2023-07-08,Ergonomic Mechanical Keyboard,Technology,15,128.18,1922.7,East
2024-09-19,HD Streaming Webcam 1080p,Electronics Accessories,1,72.72,72.72,East
2021-12-16,Conference Room Table,Furniture,1,806.32,927.27,North
2021-07-27,Ergonomic Mechanical Keyboard,Technology,1,131.98,131.98,South
2024-09-20,Conference Room Table,Furniture,3,811.93,2435.79,North
2025-12-29,Precision Wireless Mouse,Electronics Accessories,8,39.69,317.52,South
2021-01-20,Self-Adhesive Sticky Notes Bulk,Office Supplies,2,15.78,31.56,West
2021-01-26,Conference Room Table,Furniture,3,782.17,2346.51,East
2024-01-12,Multipurpose Copy Paper (Carton),Office Supplies,1,43.71,43.71,West
2024-11-22,Ergonomic Mechanical Keyboard,Technology,3,132.24,456.23,West
2025-05-27,Laptop Pro 15,Technology,2,1205.71,2411.42,North
2022-05-19,Executive Ergonomic Desk,Furniture,1,541.83,541.83,South
2025-10-26,Ergonomic Mechanical Keyboard,Technology,1,124.6,124.6,West
2022-02-12,Ergonomic Mechanical Keyboard,Technology,3,126.2,378.6,
2025-08-17,4K Ultra HD Monitor,Technology,1,354.84,354.84,East
2023-10-24,Standing Desk Converter,Furniture,2,182.68,365.36,East
2025-06-21,High-Back Mesh Chair,Furniture,2,246.65,493.3,Central
2025-03-24,Gel Pens Pack (24ct),Office Supplies,1,18.32,18.32,West
2023-10-09,Multipurpose Copy Paper (Carton),Office Supplies,1,43.13,43.13,East
2025-08-11,HD Streaming Webcam 1080p,Electronics Accessories,4,71.64,286.56,West
2025-03-17,Standing Desk Converter,Furniture,1,175.32,175.32,East
2024-11-21,4K Ultra HD Monitor,Technology,1,349.64,349.64,North
2024-06-08,Smartphone Ultra,Technology,4,919.96,3679.84,West
2022-06-10,High-Back Mesh Chair,Furniture,3,253.95,761.85,South
2024-03-29,High-Back Mesh Chair,Furniture,3,242.12,726.36,North
2025-08-26,Ergonomic Mechanical Keyboard,Technology,1,129.41,129.41,West
2022-03-27,USB-C Fast Charging Hub,Electronics Accessories,2,48.73,97.46,East
2025-09-21,Gel Pens Pack (24ct),Office Supplies,1,18.65,18.65,Central
2023-02-06,Laptop Pro 15,Technology,2,1166.2,2332.4,East
2021-04-20,Smartphone Ultra,Technology,1,922.78,922.78,Central
2022-02-03,Ergonomic Mechanical Keyboard,Technology,2,125.16,250.32,North
2025-08-18,Standing Desk Converter,Furniture,2,186.22,372.44,East
2023-02-03,Bookshelf 5-Tier,Furniture,15,144.94,2174.1,West
2022-08-07,Multipurpose Copy Paper (Carton),Office Supplies,1,41.44,41.44,Central
2021-03-15,Laptop Pro 15,Technology,3,1153.04,3459.12,North
2022-07-25,Gel Pens Pack (24ct),Office Supplies,3,18.15,54.45,East
2023-01-28,High-Back Mesh Chair,Furniture,1,247.92,247.92,North
2021-07-23,Laptop Pro 15,Technology,1,1203.0,1203.0,East
2023-11-21,Wireless Noise-Canceling Headphones,Technology,1,190.41,218.97,West
2022-06-20,HD Streaming Webcam 1080p,Electronics Accessories,1,68.78,68.78,South
2023-08-20,Heavy-Duty Stapler & Staples,,8,26.15,209.2,West
2023-10-27,Braided HDMI 4K Cable (2-Pack),Electronics Accessories,3,20.49,61.47,East
2024-05-08,Multipurpose Copy Paper (Carton),Office Supplies,1,44.18,44.18,North
2022-09-15,Wireless Noise-Canceling Headphones,Technology,1,197.43,197.43,West
2021-11-04,Braided HDMI 4K Cable (2-Pack),Electronics Accessories,4,20.3,93.38,East
2023-01-03,Executive Ergonomic Desk,Furniture,2,529.83,1059.66,East
2021-05-09,Standing Desk Converter,Furniture,2,180.81,361.62,South
2024-08-01,4K Ultra HD Monitor,Technology,2,357.61,715.22,West
2023-04-17,Ergonomic Mechanical Keyboard,Technology,1,128.94,128.94,East
2025-08-14,Smartphone Ultra,Technology,2,865.85,1731.7,South
2022-08-18,Executive Ergonomic Desk,Furniture,15,523.54,7853.1,East
2025-01-16,Conference Room Table,Furniture,3,772.98,2318.94,East
2024-10-27,Laptop Pro 15,Technology,1,1173.05,1173.05,South
2022-11-27,Executive Ergonomic Desk,Furniture,1,559.77,559.77,East
2022-09-08,Precision Wireless Mouse,Electronics Accessories,2,39.92,79.84,East
2021-10-19,Wireless Noise-Canceling Headphones,Technology,1,191.1,191.1,North
2021-08-12,HD Streaming Webcam 1080p,Electronics Accessories,2,69.48,138.96,East
2023-10-03,Wireless Noise-Canceling Headphones,Technology,20,207.08,4141.6,West
2022-09-13,Wireless Noise-Canceling Headphones,Technology,1,192.21,192.21,North
2021-07-25,Document Filing Cabinet Tray,Office Supplies,1,35.2,35.2,South
2025-01-30,Wireless Noise-Canceling Headphones,Technology,1,200.45,200.45,East
2021-06-08,Laptop Pro 15,,1,1254.81,1254.81,North
2021-04-23,Executive Ergonomic Desk,Furniture,3,565.6,1696.8,East
2025-08-09,4K Ultra HD Monitor,Technology,3,336.59,1009.77,South
2021-12-10,Braided HDMI 4K Cable (2-Pack),Electronics Accessories,1,20.55,23.63,South
2021-01-27,4K Ultra HD Monitor,Technology,2,361.49,722.98,Central
2025-01-12,High-Back Mesh Chair,Furniture,2,261.11,522.22,Central
2021-04-08,Heavy-Duty Stapler & Staples,Office Supplies,3,24.25,72.75,Central
2021-07-21,Multipurpose Copy Paper (Carton),Office Supplies,1,40.86,40.86,North
2021-11-07,Gel Pens Pack (24ct),Office Supplies,2,18.0,41.4,East
2021-07-26,Standing Desk Converter,Furniture,4,179.88,719.52,South
2022-01-24,Smartphone Ultra,Technology,4,931.29,3725.16,Central
2023-05-07,Heavy-Duty Stapler & Staples,Office Supplies,5,25.71,128.55,East
2024-05-27,Smartphone Ultra,Technology,1,923.81,923.81,South
2023-04-26,Self-Adhesive Sticky Notes Bulk,Office Supplies,1,16.07,16.07,
2023-05-02,Wireless Noise-Canceling Headphones,Technology,2,197.16,394.32,North
2023-01-05,Laptop Pro 15,Technology,4,1194.24,4776.96,East
2022-03-14,Wireless Noise-Canceling Headphones,Technology,2,204.34,408.68,North
2023-07-10,Standing Desk Converter,Furniture,3,183.69,551.07,West
2023-10-02,Laptop Pro 15,Technology,3,1239.53,3718.59,Central
2021-04-18,Wireless Noise-Canceling Headphones,Technology,1,190.62,190.62,
2022-02-11,High-Back Mesh Chair,Furniture,3,240.02,720.06,South
2024-03-15,Braided HDMI 4K Cable (2-Pack),Electronics Accessories,4,19.05,76.2,East
2021-06-26,4K Ultra HD Monitor,Technology,5,366.47,1832.35,East
2022-05-17,HD Streaming Webcam 1080p,Electronics Accessories,3,70.92,212.76,North
2022-12-24,4K Ultra HD Monitor,Technology,5,342.75,1970.81,North
2024-05-02,External SSD 1TB,Electronics Accessories,1,105.33,105.33,North
2021-09-03,Standing Desk Converter,,2,185.0,370.0,North
2024-07-07,Wireless Noise-Canceling Headphones,Technology,1,208.69,208.69,Central
2024-02-14,Executive Ergonomic Desk,Furniture,1,575.04,575.04,West
2025-02-05,Smartphone Ultra,Technology,4,933.9,3735.6,North
2024-06-13,Ergonomic Mechanical Keyboard,Technology,2,134.5,269.0,Central
2022-02-08,Gel Pens Pack (24ct),Office Supplies,1,19.61,19.61,Central
2021-10-03,High-Back Mesh Chair,Furniture,2,255.65,511.3,East
2022-07-21,Wireless Noise-Canceling Headphones,Technology,5,195.1,975.5,South
2021-12-21,Executive Ergonomic Desk,Furniture,1,539.3,620.19,South
2021-09-22,Multipurpose Copy Paper (Carton),Office Supplies,2,42.7,85.4,Central
2024-01-18,Braided HDMI 4K Cable (2-Pack),Electronics Accessories,1,20.81,20.81,East
2023-06-10,Braided HDMI 4K Cable (2-Pack),Electronics Accessories,2,20.84,41.68,South
2022-07-05,4K Ultra HD Monitor,Technology,1,353.03,353.03,North
2021-08-21,High-Back Mesh Chair,Furniture,1,244.22,244.22,South
2022-02-09,Gel Pens Pack (24ct),Office Supplies,2,18.53,37.06,South
2025-12-28,USB-C Fast Charging Hub,Electronics Accessories,8,50.21,461.93,South
2024-10-01,Document Filing Cabinet Tray,Office Supplies,1,34.5,34.5,East
2022-08-28,Self-Adhesive Sticky Notes Bulk,Office Supplies,1,14.73,14.73,West
2025-06-15,Standing Desk Converter,Furniture,10,175.54,1755.4,North
2022-06-20,USB-C Fast Charging Hub,Electronics Accessories,1,48.31,48.31,North
2021-07-26,High-Back Mesh Chair,Furniture,1,244.55,244.55,South
2021-07-18,Executive Ergonomic Desk,Furniture,5,542.81,2714.05,Central
2025-05-20,Ergonomic Mechanical Keyboard,Technology,1,127.97,127.97,East
2025-06-23,Executive Ergonomic Desk,Furniture,3,532.33,1596.99,Central
2023-04-29,4K Ultra HD Monitor,Technology,2,334.82,669.64,South
2021-01-21,Smartphone Ultra,Technology,5,890.47,4452.35,East
2025-11-17,Smartphone Ultra,Technology,3,892.07,3077.64,South
2022-07-31,Precision Wireless Mouse,Electronics Accessories,8,38.26,306.08,South
2022-05-27,Precision Wireless Mouse,Electronics Accessories,3,38.44,115.32,North
2021-06-21,Executive Ergonomic Desk,Furniture,4,572.31,2289.24,North
2024-11-14,High-Back Mesh Chair,Furniture,2,239.57,479.14,Central
2024-10-20,4K Ultra HD Monitor,Technology,1,335.96,335.96,East
2022-04-23,USB-C Fast Charging Hub,Electronics Accessories,3,50.3,150.9,East
2023-08-10,Braided HDMI 4K Cable (2-Pack),Electronics Accessories,1,20.67,20.67,South
2021-11-14,Self-Adhesive Sticky Notes Bulk,Office Supplies,1,16.21,16.21,North
2024-04-15,Ergonomic Mechanical Keyboard,Technology,1,127.86,127.86,Central
2025-02-27,Precision Wireless Mouse,Electronics Accessories,1,39.21,39.21,East
2022-04-10,Executive Ergonomic Desk,Furniture,10,538.93,5389.3,South
2023-02-08,Ergonomic Mechanical Keyboard,Technology,2,130.11,260.22,East
2022-07-21,4K Ultra HD Monitor,Technology,4,354.47,1417.88,Central
2024-07-15,4K Ultra HD Monitor,Technology,1,338.45,338.45,North
2023-06-17,Bookshelf 5-Tier,Furniture,3,146.22,438.66,West
2023-06-25,Self-Adhesive Sticky Notes Bulk,Office Supplies,3,16.25,48.75,North
2022-01-31,Executive Ergonomic Desk,Furniture,3,544.16,1632.48,South
2023-10-30,Braided HDMI 4K Cable (2-Pack),Electronics Accessories,4,19.85,79.4,North
2022-08-11,Executive Ergonomic Desk,Furniture,1,536.48,536.48,Central
2025-05-21,4K Ultra HD Monitor,Technology,1,332.84,332.84,West
2023-05-09,Self-Adhesive Sticky Notes Bulk,Office Supplies,2,14.99,29.98,East
2024-01-05,4K Ultra HD Monitor,Technology,1,342.76,342.76,West
2021-09-21,Smartphone Ultra,Technology,1,858.28,858.28,South
2025-11-30,Smartphone Ultra,Technology,2,919.51,2114.87,North
2021-03-29,Standing Desk Converter,Furniture,10,182.54,1825.4,South
2024-07-16,Precision Wireless Mouse,Electronics Accessories,3,40.15,120.45,Central
2023-06-20,Ergonomic Mechanical Keyboard,Technology,2,124.33,248.66,West
2023-09-09,Braided HDMI 4K Cable (2-Pack),Electronics Accessories,1,19.8,19.8,South
2022-05-04,Precision Wireless Mouse,Electronics Accessories,1,40.19,40.19,North
2024-08-28,USB-C Fast Charging Hub,Electronics Accessories,2,47.95,95.9,East
2024-04-09,HD Streaming Webcam 1080p,Electronics Accessories,5,70.28,351.4,North
2025-03-20,Wireless Noise-Canceling Headphones,Technology,1,199.18,199.18,North
2021-02-14,4K Ultra HD Monitor,Technology,2,339.41,678.82,West
2023-10-18,Heavy-Duty Stapler & Staples,Office Supplies,2,24.59,49.18,South
2023-05-22,4K Ultra HD Monitor,Technology,3,341.08,1023.24,Central
2023-10-02,4K Ultra HD Monitor,Technology,4,350.34,1401.36,Central
2024-01-27,Braided HDMI 4K Cable (2-Pack),Electronics Accessories,1,20.83,20.83,West
2024-10-15,Laptop Pro 15,Technology,15,1237.17,18557.55,South
2024-03-27,Executive Ergonomic Desk,Furniture,2,545.2,1090.4,South
2021-05-01,Braided HDMI 4K Cable (2-Pack),Electronics Accessories,1,20.28,20.28,
2023-09-14,Smartphone Ultra,Technology,1,933.53,933.53,East
2021-11-29,High-Back Mesh Chair,Furniture,1,246.31,283.26,West
2022-05-29,Ergonomic Mechanical Keyboard,Technology,2,131.14,262.28,North
2022-12-07,Heavy-Duty Stapler & Staples,Office Supplies,5,25.16,144.67,Central
2023-02-02,Smartphone Ultra,Technology,3,869.45,2608.35,South
2024-06-22,Wireless Noise-Canceling Headphones,Technology,3,207.52,622.56,West
2022-01-28,Executive Ergonomic Desk,Furniture,3,573.05,1719.15,East
2023-11-05,Executive Ergonomic Desk,Furniture,15,521.95,9003.64,East
2023-11-29,Standing Desk Converter,Furniture,2,177.2,407.56,South
2025-11-28,USB-C Fast Charging Hub,Electronics Accessories,1,48.57,48.57,North
2022-05-16,Gel Pens Pack (24ct),Office Supplies,4,19.61,78.44,Central
2025-03-02,Smartphone Ultra,Technology,3,879.9,2639.7,West
2025-08-01,Smartphone Ultra,Technology,3,873.44,2620.32,North
2024-02-08,Braided HDMI 4K Cable (2-Pack),Electronics Accessories,2,19.54,39.08,Central
2022-11-16,Smartphone Ultra,Technology,3,881.56,3041.38,West
2024-12-04,Braided HDMI 4K Cable (2-Pack),Electronics Accessories,2,20.63,41.26,West
2024-02-01,Bookshelf 5-Tier,Furniture,2,144.11,288.22,West
2025-04-20,Standing Desk Converter,Furniture,2,176.25,352.5,North
2021-08-14,Conference Room Table,Furniture,2,811.61,1623.22,South
2021-07-24,Smartphone Ultra,Technology,1,894.81,894.81,Central
2025-08-16,High-Back Mesh Chair,Furniture,1,248.78,248.78,Central
2023-09-06,High-Back Mesh Chair,Furniture,3,258.6,775.8,East
2023-03-25,Laptop Pro 15,Technology,2,1258.97,2517.94,North
2023-12-23,Executive Ergonomic Desk,Furniture,1,568.55,653.83,Central
2025-04-06,Laptop Pro 15,,1,1251.32,1251.32,Central
2022-12-07,Multipurpose Copy Paper (Carton),Office Supplies,1,41.07,47.23,East
2025-10-12,HD Streaming Webcam 1080p,Electronics Accessories,2,68.82,137.64,Central
2025-10-25,Wireless Noise-Canceling Headphones,Technology,1,204.6,204.6,North
2024-05-31,External SSD 1TB,Electronics Accessories,1,107.32,107.32,Central
2025-10-30,USB-C Fast Charging Hub,Electronics Accessories,3,50.84,152.52,South
2024-01-18,Standing Desk Converter,Furniture,2,188.83,377.66,South
2024-07-24,Ergonomic Mechanical Keyboard,Technology,1,134.73,134.73,West
2024-10-26,Laptop Pro 15,Technology,1,1172.15,1172.15,Central
2023-06-16,4K Ultra HD Monitor,Technology,1,357.59,357.59,Central
2021-03-20,Ergonomic Mechanical Keyboard,Technology,4,130.49,521.96,Central
2025-08-19,Ergonomic Mechanical Keyboard,Technology,3,125.95,377.85,North
2025-08-17,Executive Ergonomic Desk,Furniture,2,541.12,1082.24,East
2022-10-22,External SSD 1TB,Electronics Accessories,2,106.98,213.96,Central
2022-10-18,Bookshelf 5-Tier,Furniture,1,150.67,150.67,East
2021-12-24,Gel Pens Pack (24ct),Office Supplies,20,18.0,414.0,North
2025-03-18,Smartphone Ultra,Technology,10,924.64,9246.4,North
2023-03-17,External SSD 1TB,Electronics Accessories,1,106.25,106.25,North
2023-04-23,Executive Ergonomic Desk,Furniture,2,546.63,1093.26,East
2023-09-27,High-Back Mesh Chair,Furniture,1,260.46,260.46,North
2021-10-14,Precision Wireless Mouse,Electronics Accessories,1,38.06,38.06,East
2023-12-05,4K Ultra HD Monitor,Technology,2,347.3,798.79,Central
2025-09-09,Braided HDMI 4K Cable (2-Pack),Electronics Accessories,1,20.48,20.48,South
2025-06-24,Laptop Pro 15,Technology,4,1156.9,4627.6,East
2024-09-17,High-Back Mesh Chair,Furniture,1,252.23,252.23,Central
2024-05-04,4K Ultra HD Monitor,Technology,8,333.26,2666.08,West
2024-03-08,Heavy-Duty Stapler & Staples,Office Supplies,1,24.4,24.4,East
2022-03-22,Bookshelf 5-Tier,Furniture,1,147.23,147.23,West
2022-07-14,Heavy-Duty Stapler & Staples,Office Supplies,10,25.43,254.3,North
2023-10-13,Ergonomic Mechanical Keyboard,Technology,2,131.18,262.36,South
2022-11-25,Bookshelf 5-Tier,Furniture,1,154.26,177.4,East
2025-03-13,Bookshelf 5-Tier,Furniture,1,149.57,149.57,West
2024-04-10,Multipurpose Copy Paper (Carton),,1,40.76,40.76,East
2022-10-28,Wireless Noise-Canceling Headphones,Technology,2,207.76,415.52,East
2022-10-07,Heavy-Duty Stapler & Staples,Office Supplies,2,25.85,51.7,South
2025-01-26,Conference Room Table,Furniture,2,796.34,1592.68,East
2022-01-17,Smartphone Ultra,,2,897.53,1795.06,South
2023-06-26,Wireless Noise-Canceling Headphones,Technology,4,191.45,765.8,East
2022-08-08,High-Back Mesh Chair,Furniture,1,250.99,250.99,East
2022-09-13,Precision Wireless Mouse,Electronics Accessories,3,38.6,115.8,South
2023-09-05,4K Ultra HD Monitor,Technology,1,360.04,360.04,North
2021-04-10,Ergonomic Mechanical Keyboard,Technology,1,126.37,126.37,East
2023-09-01,Conference Room Table,Furniture,1,823.58,823.58,North
2024-04-08,Precision Wireless Mouse,Electronics Accessories,1,38.99,38.99,North
2025-02-11,USB-C Fast Charging Hub,Electronics Accessories,3,50.77,152.31,East
2022-02-01,Heavy-Duty Stapler & Staples,Office Supplies,2,24.65,49.3,West
2024-06-07,Smartphone Ultra,,3,906.95,2720.85,North
2024-11-24,Smartphone Ultra,Technology,4,884.52,4068.79,West
2025-11-19,Self-Adhesive Sticky Notes Bulk,Office Supplies,10,14.81,148.1,Central
2023-10-06,Conference Room Table,Furniture,1,815.62,815.62,West
2025-10-07,Document Filing Cabinet Tray,Office Supplies,1,34.09,34.09,South
2021-08-22,Bookshelf 5-Tier,Furniture,5,144.64,723.2,South
2024-12-05,Laptop Pro 15,Technology,3,1238.31,4272.17,East
2022-01-10,Wireless Noise-Canceling Headphones,Technology,20,208.75,4175.0,Central
2025-07-08,USB-C Fast Charging Hub,Electronics Accessories,3,48.8,146.4,West
2024-07-15,External SSD 1TB,Electronics Accessories,1,104.59,104.59,West
2025-04-27,Ergonomic Mechanical Keyboard,Technology,1,127.02,,South
2022-02-04,USB-C Fast Charging Hub,Electronics Accessories,1,49.05,49.05,South
2023-03-26,HD Streaming Webcam 1080p,Electronics Accessories,3,69.91,209.73,West
2022-07-30,Standing Desk Converter,Furniture,1,188.52,188.52,North
2023-08-09,Bookshelf 5-Tier,Furniture,1,142.65,142.65,North
2025-01-12,HD Streaming Webcam 1080p,Electronics Accessories,3,70.41,211.23,East
2023-10-24,External SSD 1TB,Electronics Accessories,1,112.79,112.79,North
2023-12-31,Executive Ergonomic Desk,Furniture,1,542.31,542.31,East
2025-10-17,Bookshelf 5-Tier,Furniture,1,143.73,143.73,North
2021-06-17,Bookshelf 5-Tier,Furniture,1,143.94,143.94,Central
2024-05-29,Bookshelf 5-Tier,Furniture,3,153.68,461.04,South
2025-01-23,Braided HDMI 4K Cable (2-Pack),Electronics Accessories,1,19.99,19.99,North
2024-10-18,Ergonomic Mechanical Keyboard,Technology,5,131.85,659.25,North
2024-05-22,4K Ultra HD Monitor,Technology,3,344.6,1033.8,South
2024-10-17,Wireless Noise-Canceling Headphones,Technology,3,203.29,609.87,Central
2022-10-28,Multipurpose Copy Paper (Carton),Office Supplies,3,41.24,123.72,South
2022-02-21,Multipurpose Copy Paper (Carton),Office Supplies,2,44.33,88.66,North
2022-03-04,High-Back Mesh Chair,Furniture,1,261.05,261.05,North
2023-04-15,Conference Room Table,Furniture,2,815.13,1630.26,Central
2023-08-08,Smartphone Ultra,Technology,4,875.76,3503.04,North
2024-11-12,Laptop Pro 15,Technology,3,1196.81,4128.99,South
2022-05-24,Precision Wireless Mouse,Electronics Accessories,3,39.36,118.08,East
2023-11-04,Ergonomic Mechanical Keyboard,Technology,3,124.29,428.8,Central
2021-08-23,Laptop Pro 15,Technology,1,1213.94,1213.94,East
2025-06-15,Laptop Pro 15,Technology,1,1243.39,1243.39,Central
2022-08-06,Conference Room Table,Furniture,1,818.4,818.4,South
2025-08-18,Executive Ergonomic Desk,Furniture,3,568.25,1704.75,Central
2023-02-26,Self-Adhesive Sticky Notes Bulk,Office Supplies,5,14.84,74.2,South
2024-07-23,Heavy-Duty Stapler & Staples,Office Supplies,1,25.01,25.01,Central
2022-02-03,Wireless Noise-Canceling Headphones,Technology,1,198.91,198.91,Central
2025-10-16,Self-Adhesive Sticky Notes Bulk,Office Supplies,5,14.77,73.85,West
2022-01-02,External SSD 1TB,Electronics Accessories,1,111.65,111.65,South
2022-12-13,Smartphone Ultra,Technology,1,890.7,890.7,Central
2022-01-20,Bookshelf 5-Tier,Furniture,1,154.09,,North
2025-03-05,Wireless Noise-Canceling Headphones,Technology,1,194.02,194.02,Central
2021-09-21,Conference Room Table,Furniture,1,803.25,803.25,West
2024-08-12,4K Ultra HD Monitor,Technology,2,341.91,683.82,West
2022-10-23,Braided HDMI 4K Cable (2-Pack),Electronics Accessories,15,19.99,299.85,Central
2025-07-31,Self-Adhesive Sticky Notes Bulk,Office Supplies,1,15.92,15.92,East
2023-12-29,High-Back Mesh Chair,Furniture,4,240.75,963.0,East
2025-07-07,High-Back Mesh Chair,Furniture,3,245.71,737.13,East
2021-06-19,Heavy-Duty Stapler & Staples,Office Supplies,4,24.79,99.16,North
2023-04-07,Laptop Pro 15,Technology,1,1232.19,1232.19,North
2022-10-27,Laptop Pro 15,Technology,1,1143.11,1143.11,West
2023-11-10,Precision Wireless Mouse,Electronics Accessories,1,39.34,45.24,East
2021-02-02,Multipurpose Copy Paper (Carton),Office Supplies,3,42.01,126.03,North
2022-07-16,Ergonomic Mechanical Keyboard,Technology,2,134.18,268.36,West
2023-07-25,Wireless Noise-Canceling Headphones,Technology,2,200.28,400.56,Central
2025-09-14,4K Ultra HD Monitor,Technology,3,343.85,1031.55,East
2025-10-11,Smartphone Ultra,Technology,1,909.65,909.65,East
2023-11-20,Bookshelf 5-Tier,Furniture,2,147.26,294.52,West
2023-07-14,USB-C Fast Charging Hub,Electronics Accessories,2,48.42,96.84,East
2025-01-28,Laptop Pro 15,Technology,4,1144.95,4579.8,South
2024-11-21,HD Streaming Webcam 1080p,Electronics Accessories,2,69.88,160.72,East
2025-07-25,Braided HDMI 4K Cable (2-Pack),Electronics Accessories,1,20.46,20.46,West
2021-09-27,Smartphone Ultra,Technology,4,877.43,3509.72,South
2021-01-17,Conference Room Table,Furniture,2,773.98,1547.96,North
2023-11-23,Heavy-Duty Stapler & Staples,Office Supplies,15,23.9,412.27,South
2025-10-20,Document Filing Cabinet Tray,Office Supplies,3,35.61,106.83,
2021-07-25,Ergonomic Mechanical Keyboard,Technology,1,127.13,127.13,South
2022-08-29,High-Back Mesh Chair,Furniture,1,239.98,239.98,North
2024-11-14,Document Filing Cabinet Tray,Office Supplies,3,36.35,125.41,East
2022-07-22,Bookshelf 5-Tier,Furniture,10,142.45,1424.5,North
2021-08-03,Multipurpose Copy Paper (Carton),Office Supplies,1,41.43,41.43,West
2024-09-04,Precision Wireless Mouse,Electronics Accessories,3,41.32,123.96,North
2024-01-10,Ergonomic Mechanical Keyboard,Technology,1,132.75,132.75,South
2021-03-10,External SSD 1TB,Electronics Accessories,1,114.06,114.06,North
2025-08-07,Precision Wireless Mouse,Electronics Accessories,1,41.9,41.9,South
2025-04-25,Executive Ergonomic Desk,Furniture,2,576.21,1152.42,Central
2021-10-03,Wireless Noise-Canceling Headphones,Technology,10,199.17,1991.7,East
2022-09-30,Executive Ergonomic Desk,Furniture,2,548.79,1097.58,North
2024-04-11,Laptop Pro 15,Technology,1,1213.95,1213.95,East
2022-05-26,Executive Ergonomic Desk,Furniture,10,553.02,5530.2,West
2024-11-21,Document Filing Cabinet Tray,Office Supplies,2,34.18,68.36,North
2021-12-24,External SSD 1TB,Electronics Accessories,1,114.1,114.1,North
2021-05-03,Ergonomic Mechanical Keyboard,Technology,2,130.65,261.3,South
2022-06-30,Bookshelf 5-Tier,Furniture,2,154.58,309.16,North
2021-06-14,4K Ultra HD Monitor,Technology,2,352.64,705.28,Central
2021-07-06,Precision Wireless Mouse,Electronics Accessories,1,40.32,40.32,East
2023-02-03,Wireless Noise-Canceling Headphones,Technology,4,207.76,831.04,North
2024-09-12,Wireless Noise-Canceling Headphones,Technology,3,190.8,572.4,East
2024-10-31,Bookshelf 5-Tier,Furniture,2,154.3,308.6,Central
2024-09-07,Wireless Noise-Canceling Headphones,Technology,8,195.95,1567.6,West
2021-04-25,4K Ultra HD Monitor,Technology,3,351.42,,
2022-10-28,Precision Wireless Mouse,Electronics Accessories,2,39.42,78.84,East
2021-09-01,Conference Room Table,Furniture,3,824.67,2474.01,North
2025-03-04,4K Ultra HD Monitor,Technology,2,360.42,720.84,East
2023-02-02,Self-Adhesive Sticky Notes Bulk,Office Supplies,3,15.61,46.83,North
2023-08-08,External SSD 1TB,Electronics Accessories,3,107.19,321.57,North
2023-04-22,Executive Ergonomic Desk,Furniture,3,564.38,1693.14,East
2022-07-23,Heavy-Duty Stapler & Staples,Office Supplies,1,25.5,25.5,North
2023-08-26,Ergonomic Mechanical Keyboard,Technology,1,131.99,131.99,East
2023-11-08,HD Streaming Webcam 1080p,Electronics Accessories,2,72.22,166.11,West
2021-03-15,Document Filing Cabinet Tray,Office Supplies,3,36.52,109.56,North
2024-05-30,Ergonomic Mechanical Keyboard,Technology,2,131.66,263.32,Central
2024-11-07,High-Back Mesh Chair,Furniture,1,240.47,240.47,South
2025-10-09,External SSD 1TB,Electronics Accessories,2,104.9,209.8,South
2021-03-29,4K Ultra HD Monitor,Technology,15,365.57,5483.55,East
2024-09-20,Document Filing Cabinet Tray,Office Supplies,1,33.9,33.9,West
2024-12-13,Gel Pens Pack (24ct),Office Supplies,4,17.92,82.43,South
2022-03-09,USB-C Fast Charging Hub,Electronics Accessories,4,47.69,190.76,East
2021-08-11,External SSD 1TB,Electronics Accessories,3,107.33,321.99,Central
2025-06-27,Self-Adhesive Sticky Notes Bulk,,3,15.82,47.46,West
2023-07-05,Ergonomic Mechanical Keyboard,Technology,3,134.46,403.38,East
2021-12-10,4K Ultra HD Monitor,Technology,1,353.0,405.95,Central
2025-04-17,External SSD 1TB,Electronics Accessories,3,112.58,337.74,East
2024-12-02,Wireless Noise-Canceling Headphones,Technology,2,200.07,460.16,Central
2022-04-10,Ergonomic Mechanical Keyboard,Technology,2,123.99,247.98,East
2021-03-30,4K Ultra HD Monitor,Technology,1,333.51,333.51,North
2025-02-01,Document Filing Cabinet Tray,Office Supplies,2,33.64,67.28,East
2025-11-14,Multipurpose Copy Paper (Carton),Office Supplies,4,40.73,162.92,Central
2024-09-28,Conference Room Table,Furniture,2,798.43,1596.86,West
2025-11-03,Gel Pens Pack (24ct),Office Supplies,1,18.72,21.53,Central
2023-01-17,4K Ultra HD Monitor,Technology,1,354.49,354.49,West
2022-03-11,High-Back Mesh Chair,Furniture,4,246.8,987.2,
2023-04-28,Smartphone Ultra,,2,886.37,1772.74,West
2023-07-06,Precision Wireless Mouse,Electronics Accessories,5,41.82,209.1,East
2023-07-05,Wireless Noise-Canceling Headphones,Technology,1,197.42,197.42,West
2021-07-29,Heavy-Duty Stapler & Staples,Office Supplies,4,23.89,95.56,Central
2023-11-12,Ergonomic Mechanical Keyboard,Technology,2,135.27,311.12,East
2024-03-31,Wireless Noise-Canceling Headphones,Technology,1,207.23,207.23,North
2023-08-18,Braided HDMI 4K Cable (2-Pack),Electronics Accessories,1,19.51,19.51,East
2024-08-13,Standing Desk Converter,Furniture,15,183.09,2746.35,North
2023-01-22,Braided HDMI 4K Cable (2-Pack),Electronics Accessories,4,19.65,78.6,North
2022-02-14,4K Ultra HD Monitor,Technology,1,357.54,357.54,Central
2024-02-29,Heavy-Duty Stapler & Staples,Office Supplies,1,26.0,26.0,South
2022-06-15,Multipurpose Copy Paper (Carton),Office Supplies,1,44.14,44.14,Central
2024-02-12,Laptop Pro 15,Technology,1,1230.85,1230.85,South
2025-12-02,HD Streaming Webcam 1080p,Electronics Accessories,2,69.95,160.88,North
2021-06-30,Document Filing Cabinet Tray,Office Supplies,1,36.32,36.32,South
2022-10-13,Bookshelf 5-Tier,Furniture,4,146.93,587.72,West
2021-04-07,Executive Ergonomic Desk,Furniture,2,524.84,1049.68,East
2024-12-19,Executive Ergonomic Desk,Furniture,4,534.7,2459.62,East
2023-12-06,Smartphone Ultra,Technology,2,886.82,2039.69,North
2022-04-05,Executive Ergonomic Desk,Furniture,3,574.71,1724.13,South
2023-05-13,Executive Ergonomic Desk,Furniture,4,546.72,2186.88,East
2022-05-04,USB-C Fast Charging Hub,Electronics Accessories,3,49.23,147.69,West
2025-11-10,Standing Desk Converter,Furniture,3,186.9,644.8,South
2023-04-25,External SSD 1TB,Electronics Accessories,1,106.04,106.04,North
2025-09-11,Smartphone Ultra,Technology,4,944.13,3776.52,Central
2022-10-13,Ergonomic Mechanical Keyboard,Technology,4,125.24,500.96,Central
2025-01-31,HD Streaming Webcam 1080p,Electronics Accessories,3,71.23,213.69,Central
2021-08-13,Braided HDMI 4K Cable (2-Pack),Electronics Accessories,1,19.36,19.36,South
2022-07-14,Laptop Pro 15,Technology,4,1232.14,4928.56,North
2023-12-20,USB-C Fast Charging Hub,Electronics Accessories,3,51.7,155.1,South
2022-12-03,Smartphone Ultra,Technology,3,889.29,3068.05,East
2024-12-11,Self-Adhesive Sticky Notes Bulk,Office Supplies,2,16.1,32.2,West
2023-05-10,Ergonomic Mechanical Keyboard,Technology,4,125.05,500.2,East
2022-07-05,Conference Room Table,Furniture,1,807.2,807.2,Central
2025-01-05,Wireless Noise-Canceling Headphones,Technology,2,202.76,405.52,South
2021-01-07,High-Back Mesh Chair,Furniture,3,260.74,782.22,East
2024-03-19,Braided HDMI 4K Cable (2-Pack),Electronics Accessories,2,19.43,38.86,South
2025-01-31,Braided HDMI 4K Cable (2-Pack),Electronics Accessories,3,20.66,61.98,East
2023-12-04,Standing Desk Converter,Furniture,3,186.14,558.42,East
2021-03-24,Bookshelf 5-Tier,Furniture,5,144.57,722.85,South
2024-06-16,Standing Desk Converter,Furniture,2,174.76,349.52,North
2022-01-20,Smartphone Ultra,Technology,3,904.93,2714.79,Central
2025-10-04,High-Back Mesh Chair,Furniture,1,254.06,254.06,West
2023-08-10,4K Ultra HD Monitor,Technology,3,334.19,1002.57,South
2023-05-29,Precision Wireless Mouse,Electronics Accessories,4,39.56,158.24,East
2024-06-01,Wireless Noise-Canceling Headphones,Technology,1,197.65,197.65,North
2021-07-12,Executive Ergonomic Desk,Furniture,5,553.04,2765.2,South
2022-07-28,4K Ultra HD Monitor,Technology,1,341.9,341.9,East
2025-07-06,Self-Adhesive Sticky Notes Bulk,Office Supplies,15,15.69,235.35,North
2024-06-27,Braided HDMI 4K Cable (2-Pack),Electronics Accessories,1,20.22,20.22,South
2023-11-13,Self-Adhesive Sticky Notes Bulk,Office Supplies,1,15.81,18.18,Central
2023-03-18,Braided HDMI 4K Cable (2-Pack),Electronics Accessories,3,19.31,57.93,South
2025-11-08,USB-C Fast Charging Hub,Electronics Accessories,2,48.0,110.4,Central
2025-01-02,4K Ultra HD Monitor,Technology,2,347.67,695.34,Central
2023-01-14,Precision Wireless Mouse,Electronics Accessories,2,39.63,79.26,East
2023-07-08,Conference Room Table,Furniture,3,807.76,2423.28,South
2023-07-24,Gel Pens Pack (24ct),,5,18.57,92.85,East
2022-09-05,Conference Room Table,Furniture,1,797.76,797.76,Central
2025-04-13,Standing Desk Converter,Furniture,3,186.03,,East
2024-10-26,Document Filing Cabinet Tray,Office Supplies,5,36.26,181.3,East
2025-01-24,Bookshelf 5-Tier,Furniture,8,147.29,1178.32,East
2021-07-07,Ergonomic Mechanical Keyboard,Technology,2,127.51,255.02,East
2021-07-20,Gel Pens Pack (24ct),Office Supplies,1,18.83,18.83,North
2023-04-07,Executive Ergonomic Desk,Furniture,2,531.94,1063.88,North
2024-12-23,Ergonomic Mechanical Keyboard,Technology,2,123.98,285.15,East
2024-02-02,4K Ultra HD Monitor,Technology,1,350.03,350.03,South
2024-10-03,USB-C Fast Charging Hub,Electronics Accessories,2,47.58,95.16,West
2024-09-25,Braided HDMI 4K Cable (2-Pack),Electronics Accessories,1,19.55,19.55,East
2022-05-29,Executive Ergonomic Desk,Furniture,2,565.68,1131.36,East
2022-08-10,Wireless Noise-Canceling Headphones,Technology,2,204.02,408.04,Central
2021-09-30,Heavy-Duty Stapler & Staples,Office Supplies,1,24.59,24.59,East
2021-01-16,Ergonomic Mechanical Keyboard,Technology,3,133.87,401.61,Central
2025-02-01,Bookshelf 5-Tier,Furniture,3,152.2,456.6,North
2023-03-20,Conference Room Table,Furniture,3,799.32,2397.96,Central
2025-08-09,Ergonomic Mechanical Keyboard,Technology,3,125.09,375.27,North
2025-10-17,External SSD 1TB,Electronics Accessories,1,109.05,109.05,North
2023-03-19,Executive Ergonomic Desk,Furniture,5,527.83,2639.15,East
2021-04-30,Smartphone Ultra,Technology,1,916.75,916.75,South
2021-08-08,Wireless Noise-Canceling Headphones,Technology,2,199.32,398.64,Central
2025-03-29,Wireless Noise-Canceling Headphones,Technology,3,208.4,625.2,North
2022-06-14,Bookshelf 5-Tier,Furniture,1,144.35,144.35,East
2022-09-04,HD Streaming Webcam 1080p,Electronics Accessories,1,67.45,67.45,North
2024-03-27,Heavy-Duty Stapler & Staples,Office Supplies,2,24.47,48.94,East
2023-03-08,Smartphone Ultra,Technology,3,903.94,2711.82,South
2021-11-13,Multipurpose Copy Paper (Carton),Office Supplies,1,43.69,50.24,East
2021-10-04,Conference Room Table,Furniture,1,764.3,764.3,North
2022-10-27,Wireless Noise-Canceling Headphones,Technology,1,198.64,198.64,Central
2024-10-11,Conference Room Table,Furniture,5,811.14,4055.7,West
2022-07-30,Standing Desk Converter,Furniture,1,175.33,175.33,North
2022-01-17,Wireless Noise-Canceling Headphones,Technology,1,209.95,209.95,East
2023-05-05,Standing Desk Converter,Furniture,1,181.27,181.27,East
2022-04-05,Conference Room Table,Furniture,4,769.65,3078.6,South
2023-08-23,Bookshelf 5-Tier,Furniture,1,143.1,143.1,East
2022-12-06,External SSD 1TB,Electronics Accessories,2,109.01,250.72,West
2025-11-07,Heavy-Duty Stapler & Staples,Office Supplies,2,25.96,51.92,East
2023-08-22,Self-Adhesive Sticky Notes Bulk,Office Supplies,2,15.55,31.1,West
2021-08-13,Bookshelf 5-Tier,Furniture,3,153.01,459.03,East
2022-11-09,Standing Desk Converter,Furniture,1,175.26,201.55,East
2023-07-13,Smartphone Ultra,Technology,1,916.46,916.46,Central
2024-01-07,Wireless Noise-Canceling Headphones,Technology,1,191.66,191.66,East
2024-02-13,Laptop Pro 15,Technology,3,1254.94,3764.82,North
2023-11-14,HD Streaming Webcam 1080p,Electronics Accessories,1,66.93,76.97,West
2022-02-19,Laptop Pro 15,Technology,1,1223.75,1223.75,North
2023-01-04,Document Filing Cabinet Tray,Office Supplies,1,36.33,36.33,East
2023-01-01,Ergonomic Mechanical Keyboard,Technology,8,131.88,1055.04,Central
2021-06-10,Gel Pens Pack (24ct),Office Supplies,1,18.25,18.25,Central
2024-01-15,Precision Wireless Mouse,Electronics Accessories,1,40.76,40.76,East
2022-01-10,Smartphone Ultra,Technology,1,895.08,895.08,East
2023-05-18,Document Filing Cabinet Tray,Office Supplies,5,33.54,167.7,North
2022-03-18,4K Ultra HD Monitor,Technology,1,362.79,362.79,North
2023-10-15,Ergonomic Mechanical Keyboard,Technology,1,126.61,126.61,West
2021-07-15,Multipurpose Copy Paper (Carton),Office Supplies,8,40.97,327.76,East
2025-12-11,Wireless Noise-Canceling Headphones,Technology,8,190.55,1524.4,North
2024-02-24,External SSD 1TB,Electronics Accessories,3,108.81,326.43,Central
2025-10-30,Standing Desk Converter,Furniture,2,174.8,349.6,North
2022-09-22,High-Back Mesh Chair,Furniture,2,242.66,485.32,East
2022-07-30,Bookshelf 5-Tier,Furniture,2,146.07,292.14,West
2025-08-04,Ergonomic Mechanical Keyboard,Technology,2,125.91,251.82,North
2022-10-13,Standing Desk Converter,Furniture,2,179.53,359.06,West
2024-08-01,Gel Pens Pack (24ct),Office Supplies,1,18.69,18.69,West
2024-05-21,Heavy-Duty Stapler & Staples,Office Supplies,1,24.01,24.01,East
2024-05-31,Wireless Noise-Canceling Headphones,Technology,1,198.81,198.81,South
2024-03-29,Gel Pens Pack (24ct),Office Supplies,3,18.2,54.6,South
2025-06-01,USB-C Fast Charging Hub,Electronics Accessories,3,47.64,142.92,East
2022-04-27,Bookshelf 5-Tier,Furniture,4,145.56,582.24,North
2023-11-07,Laptop Pro 15,Technology,3,1149.76,3966.67,West
2023-02-04,Braided HDMI 4K Cable (2-Pack),Electronics Accessories,4,20.4,81.6,North
2023-12-13,Executive Ergonomic Desk,Furniture,2,543.89,1250.95,South
2022-02-07,Conference Room Table,,1,785.44,785.44,North
2022-04-24,Smartphone Ultra,Technology,1,889.82,889.82,North
2021-10-31,Heavy-Duty Stapler & Staples,Office Supplies,1,25.53,25.53,West
2023-08-12,Executive Ergonomic Desk,Furniture,3,531.2,1593.6,North
2022-01-22,Self-Adhesive Sticky Notes Bulk,Office Supplies,3,15.92,47.76,Central
2025-06-13,4K Ultra HD Monitor,Technology,1,341.0,341.0,Central
2022-11-25,Conference Room Table,Furniture,2,775.21,1782.98,South
2024-02-17,4K Ultra HD Monitor,Technology,2,338.0,676.0,West
2021-08-29,Laptop Pro 15,Technology,8,1154.36,9234.88,North
2024-07-29,High-Back Mesh Chair,Furniture,1,239.46,239.46,West
2025-04-09,Multipurpose Copy Paper (Carton),Office Supplies,8,44.59,356.72,Central
2021-02-12,Ergonomic Mechanical Keyboard,Technology,2,130.58,261.16,East
2022-04-28,Precision Wireless Mouse,Electronics Accessories,10,41.98,419.8,South
2025-12-03,Conference Room Table,Furniture,2,830.35,1909.8,Central
2025-01-28,Ergonomic Mechanical Keyboard,Technology,1,133.99,133.99,South
2025-10-27,4K Ultra HD Monitor,Technology,1,350.59,350.59,East
2023-06-24,USB-C Fast Charging Hub,Electronics Accessories,1,51.4,51.4,East
2022-01-29,Ergonomic Mechanical Keyboard,Technology,2,134.31,268.62,Central
2024-03-25,Laptop Pro 15,Technology,2,1161.9,2323.8,West
2023-08-08,Standing Desk Converter,Furniture,1,181.94,181.94,North
2025-01-20,Multipurpose Copy Paper (Carton),Office Supplies,3,42.11,126.33,Central
2021-07-05,Braided HDMI 4K Cable (2-Pack),Electronics Accessories,2,20.83,41.66,North
2025-01-03,Self-Adhesive Sticky Notes Bulk,Office Supplies,3,16.11,48.33,South
2025-08-06,HD Streaming Webcam 1080p,Electronics Accessories,4,72.75,291.0,West
2025-08-16,Braided HDMI 4K Cable (2-Pack),Electronics Accessories,1,20.24,20.24,South
2023-07-21,Multipurpose Copy Paper (Carton),Office Supplies,3,42.0,126.0,East
2024-03-13,USB-C Fast Charging Hub,Electronics Accessories,20,47.83,956.6,North
2022-08-24,High-Back Mesh Chair,Furniture,4,241.3,965.2,North
2023-02-17,Multipurpose Copy Paper (Carton),Office Supplies,3,42.44,127.32,North
2021-04-12,USB-C Fast Charging Hub,Electronics Accessories,1,52.39,52.39,North
2024-09-28,USB-C Fast Charging Hub,Electronics Accessories,1,50.68,50.68,East
2024-10-04,Executive Ergonomic Desk,Furniture,1,523.37,523.37,North
2024-03-11,Gel Pens Pack (24ct),Office Supplies,1,18.32,18.32,Central
2021-07-12,Smartphone Ultra,Technology,2,875.48,1750.96,North
2021-11-22,Heavy-Duty Stapler & Staples,Office Supplies,1,26.04,29.95,North
2023-03-15,Multipurpose Copy Paper (Carton),Office Supplies,5,41.73,208.65,North
2021-11-22,4K Ultra HD Monitor,Technology,4,332.86,1331.44,West
2023-04-27,4K Ultra HD Monitor,Technology,3,354.34,1063.02,West
2025-08-27,Multipurpose Copy Paper (Carton),Office Supplies,3,43.95,131.85,North
2021-01-09,HD Streaming Webcam 1080p,Electronics Accessories,3,72.95,218.85,Central
2021-06-25,Gel Pens Pack (24ct),Office Supplies,1,19.16,19.16,Central
2024-04-13,Ergonomic Mechanical Keyboard,Technology,4,127.28,509.12,South
2024-11-30,Smartphone Ultra,Technology,2,927.19,1854.38,North
2021-07-05,High-Back Mesh Chair,Furniture,1,253.31,253.31,West
2021-07-21,4K Ultra HD Monitor,Technology,1,344.96,344.96,Central
2023-10-27,4K Ultra HD Monitor,Technology,1,344.65,344.65,East
2025-04-15,High-Back Mesh Chair,Furniture,2,256.76,513.52,West
2024-03-01,USB-C Fast Charging Hub,Electronics Accessories,1,48.31,48.31,Central
2021-11-29,Laptop Pro 15,Technology,5,1144.91,6583.23,South
2021-02-26,4K Ultra HD Monitor,Technology,3,333.72,1001.16,East
2025-07-21,Document Filing Cabinet Tray,Office Supplies,4,35.68,142.72,South
2024-03-24,Conference Room Table,Furniture,1,834.9,834.9,East
2024-12-17,Laptop Pro 15,Technology,1,1208.73,1390.04,Central
2023-07-25,Smartphone Ultra,Technology,3,937.76,2813.28,West
2025-09-15,Executive Ergonomic Desk,Furniture,2,567.01,1134.02,South
2025-04-23,Self-Adhesive Sticky Notes Bulk,Office Supplies,3,14.81,44.43,East
2021-12-14,Executive Ergonomic Desk,Furniture,3,526.08,1814.98,East
2024-04-20,Executive Ergonomic Desk,Furniture,1,542.82,542.82,West
2021-03-13,External SSD 1TB,Electronics Accessories,2,108.13,216.26,East
2022-07-28,Executive Ergonomic Desk,Furniture,3,541.19,1623.57,South
2025-06-19,Braided HDMI 4K Cable (2-Pack),Electronics Accessories,1,19.04,19.04,Central
2022-01-04,Gel Pens Pack (24ct),Office Supplies,5,18.92,94.6,West
2021-04-28,Multipurpose Copy Paper (Carton),Office Supplies,3,42.75,128.25,South
2021-04-23,Multipurpose Copy Paper (Carton),Office Supplies,1,43.09,43.09,North
2021-04-17,Laptop Pro 15,Technology,1,1237.75,1237.75,North
2021-05-25,Precision Wireless Mouse,Electronics Accessories,5,38.24,,North
2025-10-01,Gel Pens Pack (24ct),Office Supplies,4,19.66,78.64,East
2023-03-15,Braided HDMI 4K Cable (2-Pack),Electronics Accessories,1,19.4,19.4,East
2021-02-15,USB-C Fast Charging Hub,Electronics Accessories,1,49.57,49.57,East
2025-11-27,Multipurpose Copy Paper (Carton),Office Supplies,2,43.23,99.43,North
2024-05-10,Ergonomic Mechanical Keyboard,Technology,8,133.46,1067.68,South
2022-01-26,Braided HDMI 4K Cable (2-Pack),Electronics Accessories,3,19.58,58.74,Central
2022-07-20,High-Back Mesh Chair,Furniture,1,256.94,256.94,East
2023-12-21,4K Ultra HD Monitor,Technology,1,343.75,395.31,North
2025-01-12,Precision Wireless Mouse,Electronics Accessories,1,38.77,38.77,North
2022-03-30,Standing Desk Converter,Furniture,3,185.29,555.87,South
2025-10-15,Self-Adhesive Sticky Notes Bulk,Office Supplies,1,14.9,14.9,East
2025-10-29,Smartphone Ultra,Technology,3,857.86,2573.58,South
2022-05-28,Laptop Pro 15,Technology,1,1153.71,1153.71,East
2023-09-29,Heavy-Duty Stapler & Staples,Office Supplies,10,24.59,245.9,North
2025-06-19,Smartphone Ultra,Technology,3,873.9,2621.7,East
2022-05-13,Standing Desk Converter,Furniture,3,181.13,543.39,East
2025-03-21,USB-C Fast Charging Hub,Electronics Accessories,2,49.03,98.06,East
2023-08-04,Executive Ergonomic Desk,Furniture,4,545.05,2180.2,East
2024-10-03,HD Streaming Webcam 1080p,Electronics Accessories,1,71.52,71.52,East
2023-10-10,Standing Desk Converter,Furniture,10,179.36,1793.6,South
2023-10-22,Wireless Noise-Canceling Headphones,Technology,1,202.66,202.66,West
2025-01-08,Standing Desk Converter,Furniture,1,187.14,187.14,East
2023-08-30,Executive Ergonomic Desk,Furniture,1,566.6,566.6,South
2023-04-30,Laptop Pro 15,Technology,1,1232.89,1232.89,North
2024-04-11,Wireless Noise-Canceling Headphones,Technology,1,206.13,206.13,South
2025-08-22,High-Back Mesh Chair,Furniture,4,248.19,992.76,East
2021-09-01,Smartphone Ultra,Technology,8,896.59,7172.72,East
2023-03-18,Laptop Pro 15,Technology,1,1203.23,1203.23,South
2023-09-03,High-Back Mesh Chair,Furniture,1,258.59,258.59,North
2025-04-26,Ergonomic Mechanical Keyboard,Technology,1,135.58,135.58,East
2025-05-25,Executive Ergonomic Desk,Furniture,2,559.0,1118.0,South
2023-01-15,High-Back Mesh Chair,Furniture,2,254.68,509.36,East
2024-03-15,Multipurpose Copy Paper (Carton),Office Supplies,2,44.36,88.72,South
2024-05-05,Bookshelf 5-Tier,Furniture,2,143.18,286.36,North
2024-03-05,Wireless Noise-Canceling Headphones,Technology,1,207.09,207.09,North
2025-03-26,Document Filing Cabinet Tray,Office Supplies,3,34.52,103.56,West
2021-03-12,Laptop Pro 15,Technology,4,1204.52,4818.08,East
2024-07-11,Document Filing Cabinet Tray,Office Supplies,3,35.91,107.73,South
2022-07-16,High-Back Mesh Chair,Furniture,1,246.09,246.09,West
2025-03-31,USB-C Fast Charging Hub,Electronics Accessories,3,50.19,150.57,East
2022-08-14,Self-Adhesive Sticky Notes Bulk,Office Supplies,2,16.02,32.04,North
2024-07-22,Standing Desk Converter,Furniture,3,182.11,546.33,Central
2022-09-30,External SSD 1TB,Electronics Accessories,2,111.69,223.38,North
2022-12-27,Smartphone Ultra,Technology,1,904.65,1040.35,South
2023-04-03,Self-Adhesive Sticky Notes Bulk,Office Supplies,1,15.58,15.58,West
2024-05-09,Laptop Pro 15,Technology,10,1247.71,12477.1,North
2022-03-31,Ergonomic Mechanical Keyboard,Technology,3,124.78,374.34,South
2021-12-02,Document Filing Cabinet Tray,Office Supplies,3,34.39,118.65,Central
2024-01-25,Multipurpose Copy Paper (Carton),Office Supplies,4,41.22,164.88,North
2024-10-12,Heavy-Duty Stapler & Staples,Office Supplies,1,25.94,25.94,East
2023-01-08,Multipurpose Copy Paper (Carton),Office Supplies,2,42.79,85.58,North
2021-04-01,Document Filing Cabinet Tray,Office Supplies,5,36.12,180.6,East
2022-03-09,Self-Adhesive Sticky Notes Bulk,Office Supplies,3,15.67,47.01,West
2023-04-26,Multipurpose Copy Paper (Carton),Office Supplies,1,40.65,40.65,South
2024-02-21,Document Filing Cabinet Tray,Office Supplies,1,35.26,35.26,West
2024-06-14,Conference Room Table,Furniture,1,779.67,779.67,Central
2022-09-15,Conference Room Table,Furniture,4,769.25,3077.0,East
2023-10-10,Ergonomic Mechanical Keyboard,Technology,1,133.27,133.27,East
2022-09-30,Self-Adhesive Sticky Notes Bulk,Office Supplies,2,14.8,29.6,North
2024-11-10,Wireless Noise-Canceling Headphones,Technology,1,198.87,228.7,South
2022-06-20,High-Back Mesh Chair,Furniture,4,244.3,977.2,Central
2022-12-19,Laptop Pro 15,Technology,15,1150.14,19839.91,North
2025-06-30,Wireless Noise-Canceling Headphones,Technology,5,205.99,1029.95,North
2025-03-28,HD Streaming Webcam 1080p,Electronics Accessories,4,67.63,270.52,Central
2023-05-02,Smartphone Ultra,Technology,2,886.8,1773.6,North
2024-07-17,Standing Desk Converter,Furniture,1,176.17,176.17,North
2023-11-27,Gel Pens Pack (24ct),Office Supplies,1,18.06,18.06,East
2025-06-22,Braided HDMI 4K Cable (2-Pack),Electronics Accessories,3,20.47,61.41,East
2022-06-14,External SSD 1TB,Electronics Accessories,15,106.01,1590.15,South
2024-04-14,Smartphone Ultra,Technology,1,867.84,867.84,North
2025-03-04,Laptop Pro 15,Technology,2,1254.83,2509.66,South
2023-06-22,Standing Desk Converter,Furniture,1,178.34,178.34,North
2023-05-20,Self-Adhesive Sticky Notes Bulk,Office Supplies,1,16.16,16.16,East
2022-07-21,Ergonomic Mechanical Keyboard,Technology,4,125.5,502.0,Central
2025-05-22,4K Ultra HD Monitor,Technology,5,343.93,1719.65,North
2022-09-09,Smartphone Ultra,Technology,1,888.37,888.37,West
2022-07-20,Gel Pens Pack (24ct),Office Supplies,2,18.33,36.66,South
2021-07-24,High-Back Mesh Chair,Furniture,8,237.64,1901.12,West
2024-02-19,HD Streaming Webcam 1080p,Electronics Accessories,1,68.83,68.83,Central
2025-02-05,Smartphone Ultra,Technology,15,862.26,12933.9,East
2022-05-07,Heavy-Duty Stapler & Staples,Office Supplies,1,24.22,24.22,South
2024-05-22,Standing Desk Converter,Furniture,2,176.58,353.16,Central
2021-11-24,Ergonomic Mechanical Keyboard,Technology,5,128.73,740.2,West
2022-11-20,Laptop Pro 15,Technology,4,1218.89,5606.89,West
2025-11-30,Conference Room Table,Furniture,2,818.51,1637.02,East
2022-05-30,HD Streaming Webcam 1080p,Electronics Accessories,1,73.05,73.05,East
2022-06-27,Precision Wireless Mouse,Electronics Accessories,10,41.85,418.5,West
2023-01-17,Conference Room Table,Furniture,1,774.62,774.62,East
2022-01-10,Executive Ergonomic Desk,Furniture,3,554.95,,Central
2024-08-17,Laptop Pro 15,Technology,3,1258.47,3775.41,North
2021-11-08,USB-C Fast Charging Hub,Electronics Accessories,1,50.97,50.97,East
2023-12-14,Gel Pens Pack (24ct),Office Supplies,4,18.29,84.13,North
2021-07-27,Standing Desk Converter,Furniture,2,184.5,369.0,Central
2021-12-15,High-Back Mesh Chair,Furniture,1,246.77,246.77,Central
2023-08-09,Bookshelf 5-Tier,Furniture,1,151.91,151.91,West
2025-05-20,Multipurpose Copy Paper (Carton),Office Supplies,3,43.03,129.09,West
2022-01-31,Wireless Noise-Canceling Headphones,Technology,2,209.92,419.84,West
2022-07-07,High-Back Mesh Chair,Furniture,2,261.11,522.22,East
2021-05-27,Wireless Noise-Canceling Headphones,Technology,1,191.25,191.25,North
2024-08-31,Gel Pens Pack (24ct),Office Supplies,1,19.45,19.45,East
2025-03-26,Conference Room Table,Furniture,2,764.63,1529.26,North
2024-08-01,Braided HDMI 4K Cable (2-Pack),Electronics Accessories,4,20.5,82.0,East
2024-03-28,Heavy-Duty Stapler & Staples,Office Supplies,1,26.1,26.1,Central
2024-10-20,High-Back Mesh Chair,Furniture,10,258.97,2589.7,South
2023-09-02,4K Ultra HD Monitor,Technology,2,362.34,724.68,North
2023-05-22,Executive Ergonomic Desk,Furniture,1,564.29,564.29,West
2021-02-24,Gel Pens Pack (24ct),Office Supplies,1,18.11,18.11,North
2023-01-27,Document Filing Cabinet Tray,Office Supplies,5,36.14,180.7,North
2023-01-09,Wireless Noise-Canceling Headphones,Technology,1,206.19,206.19,South
2021-09-14,Standing Desk Converter,Furniture,2,180.95,361.9,Central
2024-07-16,High-Back Mesh Chair,Furniture,1,253.29,253.29,North
2023-09-11,4K Ultra HD Monitor,Technology,2,347.59,695.18,South
2022-07-24,USB-C Fast Charging Hub,Electronics Accessories,5,48.45,242.25,North
2024-08-04,Smartphone Ultra,Technology,3,925.67,2777.01,East
2021-03-23,USB-C Fast Charging Hub,Electronics Accessories,2,50.28,100.56,West
2025-06-11,4K Ultra HD Monitor,Technology,1,343.07,343.07,West
2024-03-12,Standing Desk Converter,Furniture,2,181.82,363.64,North
2021-11-10,Precision Wireless Mouse,Electronics Accessories,15,39.89,688.1,East
2024-05-28,Laptop Pro 15,Technology,4,1166.1,4664.4,South
2021-01-12,Standing Desk Converter,Furniture,1,188.75,188.75,Central
2023-12-12,HD Streaming Webcam 1080p,Electronics Accessories,5,72.03,414.17,South
2024-07-17,External SSD 1TB,Electronics Accessories,2,111.59,223.18,Central
2023-10-22,Document Filing Cabinet Tray,Office Supplies,3,36.4,109.2,North
2023-04-14,Gel Pens Pack (24ct),Office Supplies,4,18.91,75.64,North
2023-12-02,External SSD 1TB,Electronics Accessories,2,106.43,212.86,East
2021-08-23,Ergonomic Mechanical Keyboard,Technology,1,130.58,130.58,South
2022-05-04,Wireless Noise-Canceling Headphones,Technology,2,192.46,384.92,West
2024-09-27,External SSD 1TB,Electronics Accessories,2,108.06,216.12,South
2023-10-23,USB-C Fast Charging Hub,Electronics Accessories,1,52.0,52.0,West
2021-03-11,HD Streaming Webcam 1080p,Electronics Accessories,1,71.53,71.53,South
2023-06-02,Smartphone Ultra,Technology,4,912.5,3650.0,East
2025-06-10,Self-Adhesive Sticky Notes Bulk,Office Supplies,3,15.75,47.25,South
2022-09-26,Executive Ergonomic Desk,Furniture,1,568.38,568.38,South
2025-09-28,High-Back Mesh Chair,Furniture,1,255.3,255.3,Central
2022-06-19,Gel Pens Pack (24ct),Office Supplies,1,19.22,19.22,West
2022-07-01,External SSD 1TB,Electronics Accessories,2,111.13,222.26,Central
2021-11-08,Conference Room Table,Furniture,1,786.01,903.91,Central
2024-07-14,Smartphone Ultra,Technology,2,862.44,1724.88,North
2023-05-20,Document Filing Cabinet Tray,Office Supplies,3,35.75,107.25,North
2022-08-10,Multipurpose Copy Paper (Carton),Office Supplies,3,44.54,133.62,North
2023-06-27,Smartphone Ultra,Technology,3,921.23,2763.69,South
2024-07-12,Smartphone Ultra,Technology,3,877.82,2633.46,East
2025-04-26,High-Back Mesh Chair,Furniture,1,246.7,246.7,East
2024-01-30,High-Back Mesh Chair,Furniture,1,240.75,240.75,West
2025-02-01,Precision Wireless Mouse,Electronics Accessories,1,38.96,38.96,South
2021-02-05,Laptop Pro 15,Technology,2,1169.08,2338.16,West
2025-12-20,Wireless Noise-Canceling Headphones,Technology,5,205.45,1181.34,South
2023-10-14,Braided HDMI 4K Cable (2-Pack),Electronics Accessories,1,20.86,20.86,East
2023-12-26,Braided HDMI 4K Cable (2-Pack),Electronics Accessories,10,20.28,233.22,East
2022-08-03,Bookshelf 5-Tier,Furniture,3,152.45,457.35,
2025-01-21,USB-C Fast Charging Hub,Electronics Accessories,1,51.24,51.24,North
2021-12-16,Ergonomic Mechanical Keyboard,Technology,2,135.07,310.66,North
2022-03-20,High-Back Mesh Chair,Furniture,3,239.46,718.38,South
2024-10-08,USB-C Fast Charging Hub,Electronics Accessories,1,47.57,47.57,Central
2023-04-20,Bookshelf 5-Tier,Furniture,2,142.4,284.8,South
2024-06-02,Braided HDMI 4K Cable (2-Pack),Electronics Accessories,1,19.17,19.17,West
2022-10-27,USB-C Fast Charging Hub,Electronics Accessories,1,52.23,52.23,East
2025-01-22,Smartphone Ultra,Technology,2,921.11,1842.22,East
2023-09-09,4K Ultra HD Monitor,Technology,1,353.13,353.13,East
2025-08-12,Ergonomic Mechanical Keyboard,Technology,10,125.09,1250.9,Central
2021-04-14,Standing Desk Converter,Furniture,1,171.17,171.17,Central
2025-04-23,Braided HDMI 4K Cable (2-Pack),Electronics Accessories,2,19.39,38.78,North
2022-09-01,Smartphone Ultra,Technology,3,918.72,2756.16,East
2022-02-03,Gel Pens Pack (24ct),Office Supplies,2,19.25,38.5,East
2022-09-04,Laptop Pro 15,Technology,1,1189.25,1189.25,East
2023-12-17,4K Ultra HD Monitor,Technology,4,351.29,1405.16,West
2023-08-28,HD Streaming Webcam 1080p,Electronics Accessories,2,70.63,141.26,East
2021-07-21,Self-Adhesive Sticky Notes Bulk,Office Supplies,1,15.34,15.34,Central
2025-12-03,Wireless Noise-Canceling Headphones,Technology,4,208.75,835.0,South
2024-01-29,External SSD 1TB,Electronics Accessories,1,106.23,106.23,West
2021-04-26,Laptop Pro 15,Technology,3,1220.97,3662.91,North
2025-11-25,Ergonomic Mechanical Keyboard,Technology,1,134.38,154.54,Central
2025-05-01,HD Streaming Webcam 1080p,Electronics Accessories,4,70.16,280.64,South
2022-08-03,High-Back Mesh Chair,Furniture,4,246.46,985.84,West
2021-08-06,Bookshelf 5-Tier,Furniture,2,147.87,295.74,South
2023-12-08,Document Filing Cabinet Tray,Office Supplies,1,34.76,39.97,North
2025-08-30,Standing Desk Converter,Furniture,1,176.43,176.43,Central
2021-11-19,Laptop Pro 15,Technology,2,1151.64,2648.77,North
2025-07-11,High-Back Mesh Chair,Furniture,4,248.78,995.12,South
2023-04-13,Wireless Noise-Canceling Headphones,Technology,5,200.89,1004.45,North
2024-04-13,Laptop Pro 15,Technology,1,1209.08,1209.08,East
2022-08-20,External SSD 1TB,Electronics Accessories,1,105.72,105.72,South
2023-12-04,Wireless Noise-Canceling Headphones,Technology,2,201.08,462.48,Central
2023-06-07,USB-C Fast Charging Hub,Electronics Accessories,2,51.24,102.48,West
2024-09-12,Precision Wireless Mouse,Electronics Accessories,2,40.64,81.28,East
2024-06-26,Standing Desk Converter,Furniture,2,171.46,342.92,South
2024-09-30,HD Streaming Webcam 1080p,Electronics Accessories,20,70.11,1402.2,East
2023-06-22,Laptop Pro 15,Technology,3,1155.59,3466.77,
2021-12-20,Laptop Pro 15,Technology,2,1140.3,2280.6,West
2024-06-19,Gel Pens Pack (24ct),Office Supplies,1,18.66,18.66,East
2023-10-05,Gel Pens Pack (24ct),Office Supplies,20,18.55,371.0,North
2025-07-04,External SSD 1TB,Electronics Accessories,15,105.65,1584.75,West
2022-07-05,4K Ultra HD Monitor,Technology,4,341.91,1367.64,East
2021-01-27,External SSD 1TB,Electronics Accessories,2,105.55,211.1,South
2021-02-05,Laptop Pro 15,Technology,8,1216.75,9734.0,East
2025-03-13,Bookshelf 5-Tier,Furniture,1,142.34,142.34,East
2021-06-02,Gel Pens Pack (24ct),Office Supplies,1,18.59,18.59,East
2025-06-12,Precision Wireless Mouse,Electronics Accessories,5,39.87,199.35,East
2021-03-21,Wireless Noise-Canceling Headphones,Technology,1,195.13,195.13,North
2025-06-09,Smartphone Ultra,Technology,1,915.62,915.62,West
2023-03-20,Standing Desk Converter,Furniture,2,177.29,354.58,East
2024-09-07,Document Filing Cabinet Tray,Office Supplies,2,34.28,,East
2023-12-14,Bookshelf 5-Tier,Furniture,2,155.76,358.25,North
2022-05-16,4K Ultra HD Monitor,Technology,1,355.18,355.18,East
2024-01-05,Gel Pens Pack (24ct),Office Supplies,8,19.64,157.12,North
2021-03-18,Laptop Pro 15,Technology,1,1143.65,1143.65,East
2021-02-12,Heavy-Duty Stapler & Staples,Office Supplies,3,24.17,72.51,North
2021-11-03,4K Ultra HD Monitor,Technology,4,359.25,1652.55,North
2022-10-17,4K Ultra HD Monitor,Technology,3,346.3,1038.9,South
2021-07-23,Executive Ergonomic Desk,Furniture,3,560.11,,East
2024-11-06,High-Back Mesh Chair,Furniture,1,245.55,282.38,East
2021-11-13,USB-C Fast Charging Hub,Electronics Accessories,1,47.91,47.91,East
2021-12-28,Executive Ergonomic Desk,Furniture,1,560.94,560.94,South
2022-07-30,Laptop Pro 15,Technology,4,1146.97,4587.88,North
2024-09-06,HD Streaming Webcam 1080p,Electronics Accessories,2,69.82,139.64,West
2024-12-24,Wireless Noise-Canceling Headphones,Technology,2,201.7,463.91,South
2025-04-04,Standing Desk Converter,Furniture,5,176.82,884.1,South
2021-02-05,Laptop Pro 15,Technology,4,1223.04,4892.16,South
2025-01-01,Self-Adhesive Sticky Notes Bulk,Office Supplies,1,16.15,16.15,North
2025-06-08,Smartphone Ultra,Technology,1,900.49,900.49,North
2023-12-12,4K Ultra HD Monitor,Technology,1,348.62,400.91,
2022-07-13,USB-C Fast Charging Hub,Electronics Accessories,20,49.64,992.8,North
2022-10-11,USB-C Fast Charging Hub,Electronics Accessories,1,51.7,51.7,Central
2025-12-20,Precision Wireless Mouse,Electronics Accessories,3,39.48,136.21,East
2023-07-23,Conference Room Table,Furniture,2,817.06,1634.12,Central
2022-04-11,Laptop Pro 15,Technology,3,1182.46,3547.38,East
2025-05-14,Laptop Pro 15,Technology,1,1209.31,1209.31,Central
2024-06-28,Heavy-Duty Stapler & Staples,Office Supplies,10,26.17,261.7,East
2022-10-05,HD Streaming Webcam 1080p,Electronics Accessories,2,73.24,146.48,South
2023-12-30,4K Ultra HD Monitor,Technology,1,345.21,396.99,
2023-12-08,HD Streaming Webcam 1080p,Electronics Accessories,3,70.09,241.81,West
2023-12-15,Ergonomic Mechanical Keyboard,Technology,1,127.14,127.14,Central
2025-05-01,Bookshelf 5-Tier,Furniture,3,142.54,427.62,Central
2025-07-30,HD Streaming Webcam 1080p,Electronics Accessories,1,68.89,68.89,North
2023-06-27,Self-Adhesive Sticky Notes Bulk,Office Supplies,3,16.01,48.03,East
2022-02-23,Laptop Pro 15,Technology,2,1203.67,2407.34,West
2022-09-02,Ergonomic Mechanical Keyboard,Technology,3,133.74,401.22,East
2022-10-06,Wireless Noise-Canceling Headphones,Technology,1,190.62,190.62,Central
2021-07-20,4K Ultra HD Monitor,Technology,3,361.84,1085.52,East
2025-07-11,Wireless Noise-Canceling Headphones,Technology,3,196.19,588.57,Central
2023-06-28,HD Streaming Webcam 1080p,Electronics Accessories,1,69.13,69.13,West
2024-06-18,Multipurpose Copy Paper (Carton),Office Supplies,5,41.97,209.85,East
2022-01-12,Multipurpose Copy Paper (Carton),Office Supplies,20,43.38,867.6,North
2025-05-19,Heavy-Duty Stapler & Staples,Office Supplies,1,23.99,23.99,Central
2025-05-10,Executive Ergonomic Desk,Furniture,3,549.53,1648.59,North
2025-02-15,Document Filing Cabinet Tray,Office Supplies,4,33.31,133.24,Central
2023-12-07,External SSD 1TB,Electronics Accessories,1,109.25,125.64,Central
2025-01-16,Self-Adhesive Sticky Notes Bulk,Office Supplies,2,15.64,31.28,South
2022-03-29,Heavy-Duty Stapler & Staples,Office Supplies,1,24.38,24.38,West
2023-10-04,External SSD 1TB,Electronics Accessories,3,112.24,336.72,East
2022-12-13,Self-Adhesive Sticky Notes Bulk,,1,16.06,18.47,South
2024-02-25,External SSD 1TB,,1,115.12,115.12,North
2023-05-09,Braided HDMI 4K Cable (2-Pack),Electronics Accessories,3,20.9,62.7,North
2024-10-14,High-Back Mesh Chair,Furniture,2,249.21,498.42,West
2025-07-13,4K Ultra HD Monitor,Technology,1,355.65,355.65,East
2023-10-24,USB-C Fast Charging Hub,Electronics Accessories,1,52.11,52.11,North
2021-12-08,Smartphone Ultra,Technology,1,869.79,869.79,North
2021-01-27,High-Back Mesh Chair,Furniture,4,243.49,973.96,North
2023-08-19,USB-C Fast Charging Hub,,1,52.23,52.23,North
2021-09-07,External SSD 1TB,Electronics Accessories,2,115.08,230.16,North
2024-06-13,Document Filing Cabinet Tray,Office Supplies,2,36.67,73.34,East
2024-03-12,Gel Pens Pack (24ct),Office Supplies,3,18.75,56.25,West
2023-11-12,Heavy-Duty Stapler & Staples,Office Supplies,2,25.45,58.53,East
2024-01-17,Precision Wireless Mouse,Electronics Accessories,3,41.2,,East
2023-03-30,Laptop Pro 15,Technology,5,1169.3,5846.5,South
2024-02-19,HD Streaming Webcam 1080p,Electronics Accessories,8,68.97,551.76,East
2021-04-08,USB-C Fast Charging Hub,Electronics Accessories,1,48.97,48.97,East
2025-12-18,Laptop Pro 15,Technology,2,1196.55,2393.1,West
2021-05-23,Heavy-Duty Stapler & Staples,Office Supplies,3,25.39,76.17,East
2021-01-31,Executive Ergonomic Desk,Furniture,5,546.22,2731.1,East
2022-05-30,USB-C Fast Charging Hub,Electronics Accessories,5,51.07,255.35,North
2023-10-25,USB-C Fast Charging Hub,Electronics Accessories,1,50.84,50.84,West
2023-12-30,Multipurpose Copy Paper (Carton),Office Supplies,1,43.59,50.13,South
2025-04-25,HD Streaming Webcam 1080p,Electronics Accessories,1,70.77,70.77,East
2025-05-04,Executive Ergonomic Desk,Furniture,3,567.26,1701.78,West
2023-12-29,4K Ultra HD Monitor,Technology,2,363.31,835.61,North
2025-03-17,Document Filing Cabinet Tray,Office Supplies,1,35.68,35.68,Central
2021-01-30,Standing Desk Converter,Furniture,1,182.64,182.64,North
2024-01-18,Laptop Pro 15,Technology,2,1150.13,2300.26,Central
2025-07-15,Conference Room Table,Furniture,3,776.96,2330.88,North
2025-09-21,External SSD 1TB,Electronics Accessories,2,110.67,221.34,North
2022-04-26,Ergonomic Mechanical Keyboard,Technology,2,128.09,256.18,West
2023-09-16,Braided HDMI 4K Cable (2-Pack),Electronics Accessories,1,19.46,19.46,East
2023-12-21,Laptop Pro 15,Technology,2,1194.92,2748.32,West
2022-04-30,Multipurpose Copy Paper (Carton),Office Supplies,2,40.45,80.9,Central
2022-04-11,4K Ultra HD Monitor,Technology,1,366.17,366.17,West
2023-12-26,Executive Ergonomic Desk,Furniture,1,534.25,534.25,North
2022-07-26,Wireless Noise-Canceling Headphones,Technology,1,197.04,197.04,East
2022-04-13,Wireless Noise-Canceling Headphones,Technology,4,204.6,818.4,North
2024-09-25,High-Back Mesh Chair,Furniture,3,259.53,778.59,South
2021-11-08,Smartphone Ultra,Technology,1,903.93,1039.52,North
2021-09-09,HD Streaming Webcam 1080p,Electronics Accessories,2,69.88,139.76,South
2024-09-29,Wireless Noise-Canceling Headphones,Technology,3,206.15,618.45,North
2023-10-15,Conference Room Table,Furniture,2,835.12,1670.24,West
2021-11-12,Gel Pens Pack (24ct),Office Supplies,1,19.51,22.44,West
2023-10-19,Self-Adhesive Sticky Notes Bulk,Office Supplies,1,15.2,15.2,North
2022-11-10,Standing Desk Converter,Furniture,2,188.94,434.56,North
2021-08-06,Wireless Noise-Canceling Headphones,Technology,1,203.93,203.93,South
2021-11-26,Smartphone Ultra,Technology,5,937.36,4686.8,East
2021-12-19,Conference Room Table,Furniture,2,780.69,1795.59,South
2025-08-10,Conference Room Table,Furniture,2,823.73,1647.46,West
2023-03-02,USB-C Fast Charging Hub,Electronics Accessories,3,48.48,145.44,South
2023-08-04,4K Ultra HD Monitor,Technology,1,343.2,343.2,North
2023-12-29,Ergonomic Mechanical Keyboard,Technology,1,124.18,124.18,South
2024-02-12,Smartphone Ultra,Technology,5,857.34,4286.7,East
2022-08-21,Multipurpose Copy Paper (Carton),Office Supplies,2,42.7,85.4,East
2024-07-04,Conference Room Table,Furniture,2,829.22,1658.44,West
2025-03-07,Wireless Noise-Canceling Headphones,Technology,3,190.32,570.96,South
2023-12-15,Wireless Noise-Canceling Headphones,Technology,1,198.87,198.87,East
2022-09-10,USB-C Fast Charging Hub,Electronics Accessories,2,48.34,96.68,East
2023-02-07,Heavy-Duty Stapler & Staples,Office Supplies,2,23.97,47.94,Central
2025-11-18,Multipurpose Copy Paper (Carton),Office Supplies,3,43.65,130.95,West
2025-01-04,High-Back Mesh Chair,Furniture,2,238.99,477.98,North
2025-04-22,Bookshelf 5-Tier,Furniture,1,150.58,150.58,East
2022-11-25,USB-C Fast Charging Hub,Electronics Accessories,2,50.46,116.06,West
2023-06-19,Smartphone Ultra,Technology,3,927.88,2783.64,East
2021-04-13,Heavy-Duty Stapler & Staples,Office Supplies,1,25.99,25.99,East
2022-10-04,4K Ultra HD Monitor,Technology,2,361.99,723.98,North
2023-08-11,Bookshelf 5-Tier,Furniture,10,144.26,1442.6,North
2021-05-06,Executive Ergonomic Desk,Furniture,3,543.06,1629.18,East
2024-05-30,Standing Desk Converter,Furniture,3,175.17,525.51,South
2023-08-23,Heavy-Duty Stapler & Staples,Office Supplies,5,24.35,121.75,East
2025-09-10,Smartphone Ultra,Technology,3,909.13,2727.39,East
2024-01-23,High-Back Mesh Chair,Furniture,4,239.27,957.08,North
2025-09-24,Heavy-Duty Stapler & Staples,Office Supplies,1,23.74,23.74,West
2023-12-22,HD Streaming Webcam 1080p,Electronics Accessories,2,70.03,161.07,East
2025-09-19,4K Ultra HD Monitor,Technology,1,337.57,337.57,East
2024-02-12,Laptop Pro 15,Technology,3,1172.35,3517.05,East
2023-10-27,Ergonomic Mechanical Keyboard,Technology,1,135.26,135.26,West
2025-07-15,4K Ultra HD Monitor,Technology,1,339.49,339.49,East
2024-01-02,Multipurpose Copy Paper (Carton),Office Supplies,2,43.3,86.6,South
2024-10-14,Multipurpose Copy Paper (Carton),Office Supplies,2,42.47,84.94,West
2021-12-23,Gel Pens Pack (24ct),Office Supplies,1,18.31,18.31,
2024-01-10,Heavy-Duty Stapler & Staples,Office Supplies,5,24.31,121.55,West
2021-10-20,USB-C Fast Charging Hub,Electronics Accessories,1,48.3,48.3,
2024-11-22,Laptop Pro 15,Technology,1,1238.72,1238.72,West
2023-09-15,Conference Room Table,Furniture,1,836.21,836.21,South
2025-01-28,Laptop Pro 15,Technology,1,1200.11,1200.11,North
2023-09-01,Multipurpose Copy Paper (Carton),Office Supplies,3,41.37,124.11,North
2024-02-28,Bookshelf 5-Tier,Furniture,15,147.63,2214.45,South
2022-04-16,Wireless Noise-Canceling Headphones,Technology,3,209.6,628.8,South
2025-09-21,Gel Pens Pack (24ct),Office Supplies,3,19.27,57.81,North
2023-06-20,HD Streaming Webcam 1080p,Electronics Accessories,1,69.79,69.79,South
2024-12-31,Executive Ergonomic Desk,Furniture,1,529.3,608.69,East
2021-05-20,Document Filing Cabinet Tray,Office Supplies,1,33.73,33.73,Central
2024-01-27,High-Back Mesh Chair,Furniture,15,237.68,3565.2,West
2021-04-17,Executive Ergonomic Desk,Furniture,1,554.48,554.48,South
2021-01-24,Precision Wireless Mouse,Electronics Accessories,8,40.98,327.84,East
2023-08-02,Heavy-Duty Stapler & Staples,Office Supplies,2,24.94,49.88,North
2023-11-14,Wireless Noise-Canceling Headphones,Technology,2,199.01,457.72,North
2024-09-26,High-Back Mesh Chair,Furniture,2,244.97,489.94,North
2024-01-02,USB-C Fast Charging Hub,Electronics Accessories,1,48.22,48.22,North
2025-02-26,Bookshelf 5-Tier,Furniture,1,155.87,155.87,South
2025-10-05,Heavy-Duty Stapler & Staples,Office Supplies,5,24.52,122.6,South
2021-12-15,4K Ultra HD Monitor,Technology,2,343.38,686.76,East
2024-07-06,HD Streaming Webcam 1080p,Electronics Accessories,1,70.0,70.0,South
2023-03-31,Executive Ergonomic Desk,Furniture,8,568.24,4545.92,North
2025-06-26,Wireless Noise-Canceling Headphones,Technology,1,191.08,191.08,West
2021-01-17,Bookshelf 5-Tier,Furniture,4,149.29,597.16,South
2025-09-16,External SSD 1TB,Electronics Accessories,3,111.2,333.6,East
2025-04-14,Executive Ergonomic Desk,Furniture,5,527.16,2635.8,North
2021-05-21,Conference Room Table,Furniture,3,834.25,2502.75,North
2024-01-13,Wireless Noise-Canceling Headphones,Technology,1,203.98,203.98,West
2024-01-20,Smartphone Ultra,Technology,3,872.11,2616.33,Central
2023-04-29,Standing Desk Converter,Furniture,1,183.81,183.81,Central
2024-07-22,External SSD 1TB,Electronics Accessories,3,109.91,329.73,Central
2021-06-09,Standing Desk Converter,Furniture,2,185.01,370.02,East
2025-10-21,Multipurpose Copy Paper (Carton),Office Supplies,1,40.67,40.67,East
2024-05-13,High-Back Mesh Chair,Furniture,1,250.22,250.22,Central
2021-06-28,Smartphone Ultra,Technology,4,858.68,3434.72,East
2023-04-16,Heavy-Duty Stapler & Staples,Office Supplies,1,25.12,25.12,North
2022-09-04,HD Streaming Webcam 1080p,Electronics Accessories,3,72.78,218.34,Central
2024-05-10,External SSD 1TB,Electronics Accessories,1,111.19,111.19,West
2021-03-20,Smartphone Ultra,Technology,10,920.5,9205.0,East
2024-11-13,Executive Ergonomic Desk,Furniture,3,568.39,1705.17,East
2023-02-24,Bookshelf 5-Tier,Furniture,4,155.66,622.64,West
2025-02-08,Laptop Pro 15,Technology,4,1211.38,4845.52,North
2021-01-25,Wireless Noise-Canceling Headphones,Technology,1,205.52,205.52,West
2025-05-12,Smartphone Ultra,Technology,1,856.68,856.68,East
2023-05-22,Precision Wireless Mouse,Electronics Accessories,1,39.77,39.77,West
2023-07-07,High-Back Mesh Chair,Furniture,1,254.87,254.87,North
2024-06-11,Wireless Noise-Canceling Headphones,Technology,1,192.17,192.17,Central
2024-01-23,Precision Wireless Mouse,Electronics Accessories,2,39.86,79.72,West
2021-06-14,Conference Room Table,Furniture,2,798.75,1597.5,East
2022-12-17,4K Ultra HD Monitor,Technology,1,333.06,383.02,North
2024-01-12,Conference Room Table,Furniture,1,787.92,787.92,Central
2025-07-22,4K Ultra HD Monitor,Technology,1,343.07,343.07,North
2025-12-01,Smartphone Ultra,Technology,1,943.97,943.97,Central
2023-09-19,Executive Ergonomic Desk,Furniture,3,575.92,1727.76,East
2024-03-22,Precision Wireless Mouse,Electronics Accessories,2,40.05,80.1,East
2025-06-16,Braided HDMI 4K Cable (2-Pack),Electronics Accessories,2,19.22,38.44,East
2022-11-29,USB-C Fast Charging Hub,Electronics Accessories,1,50.62,58.21,South
2023-06-03,High-Back Mesh Chair,Furniture,8,260.85,2086.8,Central
2025-10-04,Document Filing Cabinet Tray,Office Supplies,1,33.68,33.68,Central
2021-04-12,Standing Desk Converter,Furniture,20,181.21,3624.2,West
2024-03-04,Document Filing Cabinet Tray,Office Supplies,1,35.05,35.05,Central
2025-03-17,4K Ultra HD Monitor,Technology,1,358.24,358.24,North
2024-02-14,Laptop Pro 15,Technology,2,1240.57,2481.14,South
2021-11-18,Laptop Pro 15,Technology,1,1245.67,1432.52,South
2021-04-02,Ergonomic Mechanical Keyboard,Technology,8,133.13,1065.04,Central
2021-06-24,Gel Pens Pack (24ct),,2,18.96,37.92,North
INVALID_DATE,Multipurpose Copy Paper (Carton),Office Supplies,2,43.17,99.29,East
2025-08-29,HD Streaming Webcam 1080p,Electronics Accessories,1,69.37,69.37,North
2022-10-30,Laptop Pro 15,Technology,15,1145.51,17182.65,West
2022-04-07,Wireless Noise-Canceling Headphones,Technology,1,204.76,204.76,South
2023-03-24,Laptop Pro 15,Technology,1,1188.54,1188.54,North
2021-09-23,Smartphone Ultra,Technology,4,921.59,3686.36,East
2023-03-06,Document Filing Cabinet Tray,Office Supplies,2,35.94,71.88,South
2022-02-05,Ergonomic Mechanical Keyboard,Technology,1,127.2,127.2,West
2021-01-25,External SSD 1TB,Electronics Accessories,1,110.87,110.87,North
2022-03-12,High-Back Mesh Chair,Furniture,2,261.84,523.68,South
2025-11-25,4K Ultra HD Monitor,Technology,1,340.97,392.12,North
2022-11-24,Precision Wireless Mouse,Electronics Accessories,2,38.09,87.61,South
2025-05-01,Bookshelf 5-Tier,Furniture,1,155.61,155.61,East
2024-08-05,Heavy-Duty Stapler & Staples,Office Supplies,3,24.26,72.78,East
2025-05-24,External SSD 1TB,Electronics Accessories,1,105.2,105.2,South
2023-09-17,Laptop Pro 15,Technology,4,1215.27,4861.08,South
2022-09-17,Standing Desk Converter,Furniture,2,183.17,366.34,West
2023-03-27,Laptop Pro 15,Technology,1,1254.3,1254.3,North
2022-02-26,Ergonomic Mechanical Keyboard,Technology,2,129.62,259.24,North
2025-01-29,Executive Ergonomic Desk,Furniture,3,564.82,1694.46,South
2021-01-11,High-Back Mesh Chair,Furniture,1,258.46,258.46,East
2023-01-26,Executive Ergonomic Desk,Furniture,3,567.79,1703.37,East
2024-06-15,Braided HDMI 4K Cable (2-Pack),Electronics Accessories,20,19.17,383.4,North
2022-12-31,Standing Desk Converter,Furniture,2,187.94,375.88,North
2024-01-14,Document Filing Cabinet Tray,Office Supplies,2,36.35,72.7,East
2024-03-07,Conference Room Table,Furniture,2,790.66,1581.32,South
2025-04-05,Gel Pens Pack (24ct),Office Supplies,2,18.17,36.34,East
2024-07-31,Executive Ergonomic Desk,Furniture,1,528.09,528.09,South
2024-05-24,High-Back Mesh Chair,Furniture,1,245.11,245.11,East
2023-07-07,USB-C Fast Charging Hub,Electronics Accessories,3,48.23,144.69,South
2024-12-23,Heavy-Duty Stapler & Staples,Office Supplies,2,25.21,57.98,North
2023-02-28,Bookshelf 5-Tier,Furniture,5,147.48,737.4,
2025-03-22,Ergonomic Mechanical Keyboard,Technology,5,131.42,657.1,South
2021-11-27,Heavy-Duty Stapler & Staples,Office Supplies,1,25.76,25.76,North
2025-12-28,External SSD 1TB,Electronics Accessories,1,111.74,128.5,East
2024-10-17,Laptop Pro 15,Technology,3,1242.43,3727.29,South
2023-08-01,Bookshelf 5-Tier,Furniture,3,153.28,459.84,West
2024-09-10,Gel Pens Pack (24ct),Office Supplies,1,19.02,19.02,North
2023-07-02,Gel Pens Pack (24ct),Office Supplies,2,18.39,36.78,Central
2021-07-13,Smartphone Ultra,Technology,2,923.48,1846.96,East
2024-11-04,Executive Ergonomic Desk,Furniture,1,563.01,563.01,South
2024-04-02,Wireless Noise-Canceling Headphones,Technology,1,198.67,198.67,East
2022-04-14,Laptop Pro 15,Technology,2,1188.14,2376.28,South
2024-12-01,Laptop Pro 15,Technology,2,1228.05,2456.1,East
2025-08-10,Heavy-Duty Stapler & Staples,Office Supplies,1,23.85,23.85,West
2024-11-19,4K Ultra HD Monitor,Technology,2,349.27,803.32,North
2022-12-15,Executive Ergonomic Desk,Furniture,1,569.36,654.76,East
2023-11-02,Braided HDMI 4K Cable (2-Pack),Electronics Accessories,3,20.44,70.52,South
2024-04-08,Executive Ergonomic Desk,Furniture,1,572.76,572.76,South
2024-01-04,USB-C Fast Charging Hub,Electronics Accessories,2,49.48,98.96,Central
2021-08-17,Braided HDMI 4K Cable (2-Pack),Electronics Accessories,1,19.04,19.04,East
2023-08-20,Precision Wireless Mouse,Electronics Accessories,2,38.24,76.48,North
INVALID_DATE,Ergonomic Mechanical Keyboard,Technology,5,132.47,662.35,West
2023-02-03,Bookshelf 5-Tier,Furniture,2,152.14,304.28,South
2024-02-24,Bookshelf 5-Tier,Furniture,8,153.61,1228.88,Central
2022-11-01,High-Back Mesh Chair,Furniture,3,242.06,835.11,North
2024-04-10,Precision Wireless Mouse,Electronics Accessories,1,41.39,41.39,West
2023-12-15,Braided HDMI 4K Cable (2-Pack),Electronics Accessories,4,20.61,94.81,West
2022-01-29,4K Ultra HD Monitor,Technology,2,347.38,694.76,North
2023-06-27,Smartphone Ultra,Technology,20,933.22,18664.4,West
2025-12-19,4K Ultra HD Monitor,Technology,10,359.34,4132.41,Central
2025-08-28,Precision Wireless Mouse,Electronics Accessories,1,38.51,38.51,Central
2021-11-15,Executive Ergonomic Desk,Furniture,2,539.57,1241.01,North
2021-11-16,Bookshelf 5-Tier,Furniture,3,146.75,506.29,Central
2022-01-03,Standing Desk Converter,Furniture,2,177.34,354.68,South
2024-08-22,Executive Ergonomic Desk,Furniture,2,538.79,1077.58,North
2022-01-15,Wireless Noise-Canceling Headphones,Technology,1,206.2,206.2,South
2025-06-22,High-Back Mesh Chair,Furniture,4,237.81,951.24,North
2022-05-02,High-Back Mesh Chair,Furniture,4,248.52,994.08,Central
2021-06-18,Multipurpose Copy Paper (Carton),Office Supplies,2,40.71,81.42,North
2021-09-10,HD Streaming Webcam 1080p,Electronics Accessories,1,70.11,70.11,East
2024-09-06,Multipurpose Copy Paper (Carton),Office Supplies,2,42.21,84.42,South
2025-06-28,Laptop Pro 15,Technology,5,1244.9,6224.5,Central
2022-11-16,Wireless Noise-Canceling Headphones,,2,206.67,475.34,West
2025-02-04,Smartphone Ultra,Technology,1,867.36,867.36,Central
2021-06-26,Conference Room Table,Furniture,3,793.58,2380.74,Central
2022-12-10,Self-Adhesive Sticky Notes Bulk,Office Supplies,4,15.86,72.96,East
2021-05-16,Braided HDMI 4K Cable (2-Pack),Electronics Accessories,1,20.13,20.13,North
2025-11-23,Wireless Noise-Canceling Headphones,Technology,2,203.79,468.72,South
2021-08-07,Bookshelf 5-Tier,Furniture,4,146.47,585.88,North
2022-03-27,4K Ultra HD Monitor,Technology,1,336.44,336.44,East
2023-09-20,Conference Room Table,Furniture,3,788.45,2365.35,West
2024-11-21,Precision Wireless Mouse,Electronics Accessories,3,40.23,120.69,Central
2021-04-11,Wireless Noise-Canceling Headphones,Technology,20,202.44,4048.8,South
2022-08-19,Ergonomic Mechanical Keyboard,Technology,3,130.92,392.76,South
2021-11-24,Smartphone Ultra,Technology,3,915.14,3157.23,South
2022-03-11,Document Filing Cabinet Tray,Office Supplies,1,34.46,34.46,East
2022-08-12,Braided HDMI 4K Cable (2-Pack),Electronics Accessories,1,19.79,19.79,West
2025-08-13,Document Filing Cabinet Tray,Office Supplies,1,34.05,34.05,Central
2025-12-01,Laptop Pro 15,Technology,3,1152.56,3457.68,North
2025-01-01,Ergonomic Mechanical Keyboard,Technology,1,128.15,128.15,Central
2022-11-30,USB-C Fast Charging Hub,Electronics Accessories,2,47.98,95.96,North
2025-09-23,Laptop Pro 15,Technology,1,1239.38,1239.38,North
2021-07-18,Wireless Noise-Canceling Headphones,Technology,3,198.59,595.77,Central
2024-03-29,Conference Room Table,Furniture,1,796.76,796.76,East
2023-10-18,High-Back Mesh Chair,Furniture,1,253.06,253.06,East
2021-11-25,Gel Pens Pack (24ct),Office Supplies,3,19.1,65.89,North
2022-11-24,Heavy-Duty Stapler & Staples,Office Supplies,1,26.12,26.12,North
2025-08-13,Wireless Noise-Canceling Headphones,Technology,10,190.93,1909.3,North
2024-12-18,Ergonomic Mechanical Keyboard,Technology,1,129.35,148.75,East
2023-07-26,Wireless Noise-Canceling Headphones,Technology,2,190.27,380.54,East
2024-10-06,4K Ultra HD Monitor,Technology,1,344.83,344.83,East
2023-05-16,High-Back Mesh Chair,Furniture,3,249.87,749.61,South
2023-10-01,Braided HDMI 4K Cable (2-Pack),Electronics Accessories,2,19.21,38.42,West
2022-06-25,Laptop Pro 15,Technology,1,1231.02,1231.02,North
2022-04-17,Document Filing Cabinet Tray,Office Supplies,1,34.03,34.03,South
2024-08-29,Standing Desk Converter,Furniture,1,172.52,172.52,West
2021-01-17,Executive Ergonomic Desk,Furniture,2,562.41,1124.82,Central
2023-12-05,Heavy-Duty Stapler & Staples,Office Supplies,2,24.7,56.81,West
2021-10-28,Laptop Pro 15,Technology,4,1200.61,4802.44,West
2021-03-24,Precision Wireless Mouse,Electronics Accessories,1,39.73,39.73,West
2021-03-04,Precision Wireless Mouse,Electronics Accessories,1,40.5,40.5,North
2025-04-02,Laptop Pro 15,Technology,2,1141.45,2282.9,North
2024-05-31,Ergonomic Mechanical Keyboard,Technology,3,124.97,374.91,South
2023-06-03,External SSD 1TB,Electronics Accessories,2,112.3,224.6,East
2024-03-08,Wireless Noise-Canceling Headphones,Technology,2,206.61,413.22,East
2025-07-16,Laptop Pro 15,Technology,3,1151.93,3455.79,South
2023-12-19,Document Filing Cabinet Tray,Office Supplies,3,33.3,114.88,Central
2024-05-31,Standing Desk Converter,Furniture,1,171.72,171.72,South
2021-02-13,HD Streaming Webcam 1080p,Electronics Accessories,15,70.49,1057.35,Central
2021-05-03,Bookshelf 5-Tier,Furniture,1,146.13,146.13,East
2023-06-11,Standing Desk Converter,Furniture,4,172.5,690.0,Central
2024-08-10,Braided HDMI 4K Cable (2-Pack),Electronics Accessories,3,20.65,61.95,West
2024-10-22,Self-Adhesive Sticky Notes Bulk,Office Supplies,3,15.65,46.95,Central
2024-07-24,Braided HDMI 4K Cable (2-Pack),Electronics Accessories,1,19.74,19.74,Central
2022-09-07,Document Filing Cabinet Tray,Office Supplies,3,35.93,107.79,South
2025-06-10,Laptop Pro 15,Technology,3,1194.32,3582.96,West
2024-01-04,Smartphone Ultra,Technology,3,876.77,2630.31,Central
2022-11-09,Conference Room Table,Furniture,2,774.41,1548.82,East
2021-10-02,Self-Adhesive Sticky Notes Bulk,Office Supplies,1,15.01,15.01,Central
2024-01-21,Smartphone Ultra,Technology,4,866.52,3466.08,Central
2025-09-01,4K Ultra HD Monitor,Technology,10,364.7,3647.0,South
2024-11-17,Smartphone Ultra,Technology,2,938.66,2158.92,Central
2025-06-05,Bookshelf 5-Tier,Furniture,2,145.45,290.9,East
2023-02-10,Self-Adhesive Sticky Notes Bulk,Office Supplies,3,16.09,48.27,North
2023-12-06,Braided HDMI 4K Cable (2-Pack),Electronics Accessories,3,19.6,67.62,Central
2022-08-04,Document Filing Cabinet Tray,Office Supplies,2,35.51,71.02,Central
2021-03-12,Smartphone Ultra,Technology,2,942.08,1884.16,South
2021-07-10,Document Filing Cabinet Tray,Office Supplies,3,35.45,106.35,
2021-01-17,Laptop Pro 15,Technology,2,1189.28,2378.56,West
2022-12-27,Standing Desk Converter,Furniture,1,185.78,213.65,North
2022-08-26,Executive Ergonomic Desk,Furniture,2,568.1,1136.2,Central
2023-03-12,4K Ultra HD Monitor,Technology,4,355.51,1422.04,East
2023-03-26,Multipurpose Copy Paper (Carton),Office Supplies,1,44.54,44.54,South
2024-06-25,Document Filing Cabinet Tray,Office Supplies,15,36.11,541.65,West
2023-09-21,Multipurpose Copy Paper (Carton),Office Supplies,2,42.49,84.98,South
2023-10-31,Braided HDMI 4K Cable (2-Pack),Electronics Accessories,5,19.09,95.45,East
2024-09-03,Bookshelf 5-Tier,Furniture,2,155.13,310.26,East
2022-01-10,Document Filing Cabinet Tray,Office Supplies,2,35.98,71.96,West
2022-09-13,Bookshelf 5-Tier,Furniture,1,154.01,154.01,East
2025-07-20,Executive Ergonomic Desk,Furniture,2,569.15,1138.3,West
2021-03-18,Ergonomic Mechanical Keyboard,Technology,2,130.02,260.04,North
2025-05-07,Ergonomic Mechanical Keyboard,Technology,1,134.52,134.52,West
2024-11-20,Heavy-Duty Stapler & Staples,Office Supplies,1,24.41,28.07,North
2023-03-26,Wireless Noise-Canceling Headphones,Technology,3,195.97,587.91,West
2025-01-23,External SSD 1TB,Electronics Accessories,3,106.86,320.58,South
2024-06-16,Smartphone Ultra,Technology,2,864.21,1728.42,East
2024-01-27,Executive Ergonomic Desk,Furniture,5,550.68,2753.4,East
2021-06-25,Ergonomic Mechanical Keyboard,Technology,2,133.55,267.1,North
2021-12-16,USB-C Fast Charging Hub,Electronics Accessories,2,50.53,116.22,East
2023-09-25,Laptop Pro 15,Technology,1,1153.26,1153.26,South
2022-03-06,4K Ultra HD Monitor,Technology,3,343.13,1029.39,
2024-12-09,4K Ultra HD Monitor,Technology,2,358.65,824.89,Central
2025-09-10,Precision Wireless Mouse,Electronics Accessories,4,39.52,158.08,North
2025-06-01,Executive Ergonomic Desk,Furniture,1,567.99,567.99,Central
2021-08-25,Self-Adhesive Sticky Notes Bulk,Office Supplies,4,15.69,62.76,South
2025-04-10,4K Ultra HD Monitor,Technology,2,365.51,731.02,North
2021-01-19,High-Back Mesh Chair,Furniture,10,261.92,2619.2,Central
2021-05-14,HD Streaming Webcam 1080p,Electronics Accessories,1,71.11,71.11,North
2024-05-21,Gel Pens Pack (24ct),Office Supplies,3,19.09,57.27,South
2021-12-22,Braided HDMI 4K Cable (2-Pack),Electronics Accessories,20,20.52,410.4,East
2024-06-14,Bookshelf 5-Tier,Furniture,3,152.08,456.24,Central
2025-06-15,Self-Adhesive Sticky Notes Bulk,Office Supplies,2,14.73,29.46,West
2025-05-30,Standing Desk Converter,Furniture,1,183.62,183.62,
2022-07-17,External SSD 1TB,Electronics Accessories,4,105.28,421.12,East
2022-09-05,Braided HDMI 4K Cable (2-Pack),Electronics Accessories,3,19.15,57.45,North
2025-09-22,Conference Room Table,Furniture,5,832.7,4163.5,West
2024-03-26,Gel Pens Pack (24ct),Office Supplies,1,17.83,17.83,North
2021-02-21,Multipurpose Copy Paper (Carton),Office Supplies,4,43.98,175.92,West
2022-01-24,4K Ultra HD Monitor,Technology,2,334.89,669.78,South
2025-06-09,Standing Desk Converter,Furniture,20,182.92,3658.4,East
2021-10-25,Braided HDMI 4K Cable (2-Pack),Electronics Accessories,2,20.35,40.7,North
2021-10-21,Bookshelf 5-Tier,Furniture,1,150.68,150.68,East
2021-12-10,Self-Adhesive Sticky Notes Bulk,Office Supplies,3,15.63,53.92,North
2022-11-24,4K Ultra HD Monitor,Technology,3,363.44,1090.32,North
2023-10-18,Ergonomic Mechanical Keyboard,Technology,5,135.87,679.35,West
2024-10-14,Ergonomic Mechanical Keyboard,Technology,4,133.95,535.8,North
2025-12-24,4K Ultra HD Monitor,Technology,5,358.51,1792.55,Central
2022-10-19,HD Streaming Webcam 1080p,Electronics Accessories,3,70.65,211.95,East
2024-11-26,Wireless Noise-Canceling Headphones,Technology,3,201.6,604.8,South
2023-03-26,4K Ultra HD Monitor,Technology,2,361.57,723.14,North
2023-09-09,HD Streaming Webcam 1080p,Electronics Accessories,1,73.39,73.39,North
2025-05-23,Wireless Noise-Canceling Headphones,Technology,1,209.18,209.18,Central
2022-05-23,Standing Desk Converter,Furniture,1,175.7,175.7,Central
2024-02-13,Laptop Pro 15,Technology,2,1173.42,2346.84,North
2021-05-25,Multipurpose Copy Paper (Carton),Office Supplies,1,41.95,41.95,East
2025-05-09,4K Ultra HD Monitor,Technology,1,357.81,357.81,Central
2023-08-10,Smartphone Ultra,Technology,8,877.46,7019.68,North
2021-08-31,4K Ultra HD Monitor,,4,355.13,1420.52,East
2022-12-16,HD Streaming Webcam 1080p,Electronics Accessories,10,71.29,819.83,North
2025-10-30,Bookshelf 5-Tier,Furniture,3,142.05,426.15,South
2025-09-26,Standing Desk Converter,Furniture,2,171.59,343.18,North
2025-04-02,Heavy-Duty Stapler & Staples,Office Supplies,3,24.33,72.99,North
2024-04-17,High-Back Mesh Chair,Furniture,3,241.77,725.31,Central
2021-10-21,Precision Wireless Mouse,Electronics Accessories,3,40.43,121.29,North
2022-08-23,Ergonomic Mechanical Keyboard,Technology,4,127.81,511.24,North
2025-06-14,Laptop Pro 15,Technology,2,1172.14,2344.28,East
2022-06-24,Executive Ergonomic Desk,Furniture,3,538.05,1614.15,South
2023-06-12,Document Filing Cabinet Tray,Office Supplies,3,34.97,104.91,East
2025-01-26,4K Ultra HD Monitor,Technology,1,365.69,365.69,East
2023-01-20,Smartphone Ultra,Technology,1,913.94,913.94,East
2022-10-10,Bookshelf 5-Tier,Furniture,4,146.83,587.32,North
2022-03-06,Smartphone Ultra,Technology,3,861.11,2583.33,East
2025-11-18,4K Ultra HD Monitor,Technology,2,358.37,824.25,East
2023-09-30,Ergonomic Mechanical Keyboard,Technology,3,129.98,389.94,West
2023-02-10,USB-C Fast Charging Hub,Electronics Accessories,5,51.72,258.6,East
2024-06-20,Laptop Pro 15,Technology,2,1253.05,2506.1,North
2024-03-07,Gel Pens Pack (24ct),Office Supplies,2,18.9,37.8,East
2022-06-16,Ergonomic Mechanical Keyboard,,1,132.48,132.48,North
2021-02-28,High-Back Mesh Chair,Furniture,4,246.73,986.92,Central
2025-01-26,Self-Adhesive Sticky Notes Bulk,Office Supplies,2,15.02,30.04,South
2024-07-06,Wireless Noise-Canceling Headphones,Technology,2,200.72,401.44,West
2024-03-05,4K Ultra HD Monitor,Technology,1,341.97,341.97,Central
2022-03-24,High-Back Mesh Chair,Furniture,2,244.03,488.06,North
2024-02-09,Standing Desk Converter,Furniture,3,178.35,535.05,North
2024-04-03,Executive Ergonomic Desk,Furniture,1,526.22,526.22,East
2024-08-12,Braided HDMI 4K Cable (2-Pack),,2,20.6,41.2,West
2021-05-03,High-Back Mesh Chair,,1,256.39,256.39,West
2024-12-26,Standing Desk Converter,Furniture,1,183.27,210.76,North
2022-10-26,Document Filing Cabinet Tray,Office Supplies,1,33.52,33.52,North
2024-02-15,4K Ultra HD Monitor,Technology,1,341.08,341.08,Central
2024-07-07,Smartphone Ultra,Technology,1,943.75,943.75,East
2021-03-21,Wireless Noise-Canceling Headphones,Technology,8,203.25,1626.0,Central
2024-12-20,Ergonomic Mechanical Keyboard,Technology,3,128.7,444.01,North
2022-02-20,Braided HDMI 4K Cable (2-Pack),Electronics Accessories,1,19.65,19.65,West
2024-09-19,Multipurpose Copy Paper (Carton),Office Supplies,2,41.23,82.46,Central
2022-08-17,Ergonomic Mechanical Keyboard,Technology,10,123.55,1235.5,Central
2024-12-05,Laptop Pro 15,Technology,1,1220.83,1220.83,North
2023-10-25,Self-Adhesive Sticky Notes Bulk,Office Supplies,1,15.42,15.42,East
2021-03-21,Standing Desk Converter,Furniture,1,178.38,178.38,South
2022-06-03,4K Ultra HD Monitor,Technology,2,364.31,728.62,Central
2025-12-29,Ergonomic Mechanical Keyboard,Technology,3,132.87,458.4,North
2024-01-31,USB-C Fast Charging Hub,Electronics Accessories,2,52.09,104.18,Central
2022-05-13,Multipurpose Copy Paper (Carton),Office Supplies,3,40.53,121.59,North
2021-10-27,Ergonomic Mechanical Keyboard,Technology,3,126.93,380.79,Central
2025-07-06,Wireless Noise-Canceling Headphones,Technology,1,208.47,208.47,Central
2025-08-29,Standing Desk Converter,Furniture,2,188.48,376.96,Central
2024-01-20,Gel Pens Pack (24ct),Office Supplies,2,19.22,38.44,South
2021-12-24,High-Back Mesh Chair,Furniture,3,255.57,766.71,North
2024-04-29,Heavy-Duty Stapler & Staples,Office Supplies,4,25.44,101.76,East
2022-04-12,USB-C Fast Charging Hub,Electronics Accessories,2,49.43,98.86,North
2023-11-09,Self-Adhesive Sticky Notes Bulk,Office Supplies,8,15.36,141.31,East
2023-03-23,Ergonomic Mechanical Keyboard,Technology,10,134.97,1349.7,East
2022-02-03,Wireless Noise-Canceling Headphones,Technology,1,192.51,192.51,East
2023-06-30,Self-Adhesive Sticky Notes Bulk,Office Supplies,3,15.54,46.62,East
2025-03-31,Heavy-Duty Stapler & Staples,Office Supplies,1,24.41,24.41,North
2024-09-03,Laptop Pro 15,Technology,2,1194.63,2389.26,South
2023-03-20,Laptop Pro 15,,1,1142.58,1142.58,Central
2025-08-03,Wireless Noise-Canceling Headphones,Technology,1,208.03,208.03,West
2021-09-11,Self-Adhesive Sticky Notes Bulk,Office Supplies,1,15.53,15.53,East
2021-03-25,USB-C Fast Charging Hub,,2,49.41,98.82,Central
2022-10-19,Heavy-Duty Stapler & Staples,Office Supplies,3,23.79,71.37,East
2023-06-14,Gel Pens Pack (24ct),Office Supplies,4,19.18,76.72,East
2021-10-18,Precision Wireless Mouse,Electronics Accessories,2,39.29,78.58,North
2023-07-13,Wireless Noise-Canceling Headphones,Technology,3,207.09,621.27,West
2023-09-25,Precision Wireless Mouse,Electronics Accessories,8,39.68,317.44,West
2024-12-19,Heavy-Duty Stapler & Staples,Office Supplies,1,25.01,28.76,Central
2024-07-13,Conference Room Table,Furniture,20,775.52,15510.4,West
2024-03-01,Document Filing Cabinet Tray,Office Supplies,2,33.83,67.66,Central
2024-08-08,High-Back Mesh Chair,Furniture,4,254.83,,East
2025-07-01,Document Filing Cabinet Tray,Office Supplies,5,33.74,168.7,West
2024-09-19,Smartphone Ultra,Technology,4,857.32,3429.28,Central
2023-04-25,HD Streaming Webcam 1080p,Electronics Accessories,1,71.57,71.57,West
2023-12-18,Executive Ergonomic Desk,Furniture,3,529.24,1825.88,Central
2025-03-15,Laptop Pro 15,Technology,3,1217.97,3653.91,Central
2021-08-16,Wireless Noise-Canceling Headphones,Technology,1,190.87,190.87,West
2025-11-10,Gel Pens Pack (24ct),Office Supplies,20,18.74,374.8,West
2023-03-13,Conference Room Table,Furniture,2,794.49,1588.98,South
2021-03-01,Bookshelf 5-Tier,Furniture,2,150.48,300.96,South
2023-11-12,Standing Desk Converter,Furniture,4,175.26,701.04,Central
2021-05-25,Bookshelf 5-Tier,Furniture,1,155.73,155.73,East
2022-11-04,Laptop Pro 15,Technology,1,1223.16,1406.63,South
2024-04-09,Document Filing Cabinet Tray,Office Supplies,10,36.16,361.6,North
2024-08-18,Ergonomic Mechanical Keyboard,Technology,10,132.97,1329.7,South
2022-10-02,USB-C Fast Charging Hub,Electronics Accessories,1,51.62,51.62,Central
2025-12-26,High-Back Mesh Chair,Furniture,1,240.23,240.23,Central
2025-07-02,Document Filing Cabinet Tray,Office Supplies,8,36.7,293.6,South
2024-10-26,Laptop Pro 15,Technology,1,1172.15,1172.15,Central
2023-03-25,Heavy-Duty Stapler & Staples,Office Supplies,3,25.28,75.84,South
2024-12-01,Multipurpose Copy Paper (Carton),Office Supplies,2,40.48,93.1,South
2024-06-30,Laptop Pro 15,Technology,20,1146.97,22939.4,East
2022-01-24,Smartphone Ultra,Technology,4,931.29,3725.16,Central
2025-05-22,Bookshelf 5-Tier,Furniture,1,147.58,147.58,East
2022-07-22,HD Streaming Webcam 1080p,Electronics Accessories,2,71.0,142.0,South
2025-12-01,Ergonomic Mechanical Keyboard,Technology,2,125.88,289.52,East
2024-06-05,Braided HDMI 4K Cable (2-Pack),Electronics Accessories,2,19.77,39.54,South
2021-04-09,High-Back Mesh Chair,Furniture,3,251.41,754.23,North
2023-12-21,4K Ultra HD Monitor,Technology,1,343.75,395.31,North
2024-01-13,Wireless Noise-Canceling Headphones,Technology,1,203.98,203.98,West
2022-04-25,Ergonomic Mechanical Keyboard,Technology,3,131.35,394.05,West
2024-01-02,Wireless Noise-Canceling Headphones,Technology,1,208.78,208.78,West
2025-07-03,Self-Adhesive Sticky Notes Bulk,Office Supplies,3,15.62,46.86,South
2022-03-10,Document Filing Cabinet Tray,Office Supplies,1,34.96,34.96,West
2025-12-04,Ergonomic Mechanical Keyboard,Technology,1,125.48,144.3,South
2021-05-03,Bookshelf 5-Tier,Furniture,1,146.13,146.13,East
2021-01-17,Conference Room Table,Furniture,2,773.98,1547.96,North
2023-04-07,Laptop Pro 15,Technology,1,1163.1,1163.1,Central
2022-08-04,Laptop Pro 15,Technology,3,1258.82,3776.46,South
2024-04-21,Conference Room Table,Furniture,10,789.98,7899.8,South
2023-05-17,Self-Adhesive Sticky Notes Bulk,Office Supplies,4,15.53,62.12,Central
2021-07-05,Ergonomic Mechanical Keyboard,Technology,2,135.66,271.32,East
2021-05-03,Wireless Noise-Canceling Headphones,Technology,4,204.77,819.08,North
2025-01-25,Heavy-Duty Stapler & Staples,Office Supplies,5,24.57,122.85,North
2021-09-30,Document Filing Cabinet Tray,Office Supplies,1,33.88,33.88,East
2021-10-20,Document Filing Cabinet Tray,Office Supplies,1,35.09,35.09,East
2021-08-16,Wireless Noise-Canceling Headphones,Technology,1,190.87,190.87,West
2024-11-13,Executive Ergonomic Desk,Furniture,3,568.39,1705.17,East
2025-02-22,Wireless Noise-Canceling Headphones,Technology,2,191.81,383.62,North
2021-04-18,Wireless Noise-Canceling Headphones,Technology,1,190.62,190.62,South
2022-06-22,Wireless Noise-Canceling Headphones,Technology,3,194.53,583.59,South
2021-04-11,Wireless Noise-Canceling Headphones,Technology,20,202.44,4048.8,South
